"insee","id_sdis","id_gestion","ref_terr","type_pei","diam_pei","diam_cana","date_mes","situation","press_stat","press_dyn","debit","date_ct","deci","prec","x","y","lon","lat"
"73010",NULL,"GRAND ANNECY","MARCELLAZ","PI",NULL,NULL,NULL," ",NULL,NULL,NULL,NULL,"OUI","05",930979.3,6526051.95,5.97412,45.79494
"74002","65927","GRAND ANNECY","AC01","PI",100,"100",NULL," ",4.8,2.3,60,"2024-07-22","OUI","01",934587.83,6528837.19,6.02191,45.81877
"74002","80371","GRAND ANNECY","AC02","PI",100,"100",NULL,"RUE DU PONT NEUF",5.1,2.6,60,"2024-07-22","OUI","01",934722.77,6528845.88,6.02366,45.8188
"74002","65042","GRAND ANNECY","AC03","PI",100,NULL,NULL,"RUE DU PONT NEUF",4.1,1.2,60,"2024-06-20","OUI","05",934739.25,6528879.72,6.02388,45.8191
"74002","82891","GRAND ANNECY","AC04","PI",100,NULL,NULL,"RUE DU PONT NEUF",5.1,2.8,60,"2024-06-20","OUI","01",934625.4,6528931.05,6.02244,45.8196
"74002","81071","GRAND ANNECY","AC05","PI",100,"150",NULL," ",4.6,2.1,60,"2024-07-22","OUI","05",934400.0,6528850.78,6.0195,45.81895
"74002","65928","GRAND ANNECY","AC06","PI",100,"100",NULL," ",9,1,54,"2024-06-18","OUI","01",934639.25,6528682.07,6.0225,45.81735
"74002","6281451","GRAND ANNECY","AC10","PI",100,"60",NULL," ",5.5,1,24,"2024-06-20","OUI","05",934726.43,6528745.27,6.02365,45.81789
"74002","6281448","GRAND ANNECY","AC100","PI",100,"100",NULL," ",4.6,2.9,60,"2024-06-19","OUI","01",934120.09,6527386.85,6.01518,45.80588
"74002","6281486","GRAND ANNECY","AC101","PI",100,"100",NULL," ",5.4,4.3,60,"2024-06-19","OUI","05",933536.18,6528114.09,6.00803,45.81262
"74002","6281464","GRAND ANNECY","AC102","PI",100,NULL,NULL," ",4.5,3.3,60,"2024-06-19","OUI","01",933164.63,6528759.23,6.00356,45.81855
"74002","6281488","GRAND ANNECY","AC103","PI",100,"100",NULL,"ROUTE DES MOLASSES",3.7,1,25,"2024-06-19","OUI","01",934031.5,6527747.79,6.01422,45.80915
"74002","80230","GRAND ANNECY","AC11","PI",100,"60",NULL," ",7,1,40,"2024-06-18","OUI","05",934790.76,6528428.14,6.02432,45.81502
"74002","65057","GRAND ANNECY","AC12","PI",100,NULL,NULL," ",3.5,1,36,"2024-06-20","OUI","05",934910.12,6528395.8,6.02584,45.81468
"74002","83279","GRAND ANNECY","AC13","PI",100,NULL,NULL," ",7.1,1,37,"2024-06-18","OUI","05",934755.36,6528600.94,6.02395,45.81658
"74002","80229","GRAND ANNECY","AC14","PI",100,"100",NULL," ",5.4,2.4,60,"2024-06-20","OUI","05",934897.64,6528975.53,6.02597,45.8199
"74002","64665","GRAND ANNECY","AC15","PI",100,"100",NULL," ",4.4,1.4,60,"2024-06-20","OUI","05",934707.26,6529079.86,6.02357,45.82091
"74002","76036","GRAND ANNECY","AC16","PI",65,NULL,NULL," ",3.2,1,16,"2022-04-28","OUI","05",934517.3,6529009.49,6.02109,45.82034
"74002","64211","GRAND ANNECY","AC17","PI",100,"150",NULL,"ROUTE DU VIEUX BOURG",4.2,1.3,60,"2024-06-19","OUI","05",934471.26,6528597.65,6.0203,45.81665
"74002","64213","GRAND ANNECY","AC18","PI",100,"150",NULL," ",4.1,1.2,60,"2024-07-22","OUI","05",934541.91,6528466.22,6.02114,45.81544
"74002","64023","GRAND ANNECY","AC19","PI",100,"100",NULL,"ALLEE DE LA CHAPELLE",3.6,2.9,60,"2024-06-19","OUI","01",934339.48,6528564.5,6.01858,45.8164
"74002","64212","GRAND ANNECY","AC20","PI",100,"100",NULL,"ROUTE DE CHAMP BUISSON",3,2,60,"2024-06-19","OUI","01",934278.49,6528522.76,6.01778,45.81604
"74002","65203","GRAND ANNECY","AC21","PI",65,"100",NULL,"ROUTE DE CHAMP BUISSON",6.3,2.9,60,"2024-06-19","OUI","05",934354.38,6528275.57,6.01863,45.81379
"74002","6281750","GRAND ANNECY","AC23","PI",100,"100",NULL,"CHEMIN DU PESSAY",5,1,57,"2024-06-19","OUI","05",934334.7,6527972.12,6.01823,45.81107
"74002","65202","GRAND ANNECY","AC24","PI",100,"100",NULL,"ROUTE DE SAINT MAURICE",5.2,1.9,60,"2024-06-19","OUI","05",934116.46,6528184.92,6.01553,45.81306
"74002","65198","GRAND ANNECY","AC25","PI",100,NULL,NULL," ",4.3,1,40,"2022-04-28","OUI","05",933966.81,6528118.39,6.01357,45.81251
"74002","80372","GRAND ANNECY","AC26","PI",100,NULL,NULL," ",4.1,1,46,"2024-06-19","OUI","01",933993.76,6528027.89,6.01387,45.81169
"74002","80250","GRAND ANNECY","AC27","PI",65,NULL,NULL," ",4.2,1,35,"2024-06-19","OUI","01",934009.5,6528050.7,6.01409,45.81189
"74002","65199","GRAND ANNECY","AC28","PI",65,NULL,NULL,"ROUTE DES MOLASSES",3.2,1,21,"2024-06-19","OUI","01",934039.58,6527677.56,6.01429,45.80852
"74002","65200","GRAND ANNECY","AC29","PI",100,"100",NULL," ",2.8,1,20,"2024-06-19","OUI","01",934140.9,6527693.02,6.0156,45.80862
"74002","65201","GRAND ANNECY","AC30","PI",100,"100",NULL," ",5,3.9,60,"2024-06-19","OUI","01",933971.87,6527387.27,6.01328,45.80593
"74002","81969","GRAND ANNECY","AC34","PI",100,"100",NULL,"ROUTE DE MASIGNY",5.8,3,60,"2024-06-19","OUI","05",933894.38,6528370.58,6.01276,45.81481
"74002","62894","GRAND ANNECY","AC35","PI",100,NULL,NULL," ",6.4,1.2,60,"2024-06-20","OUI","05",933995.85,6528542.4,6.01415,45.81632
"74002","65196","GRAND ANNECY","AC36","PI",100,NULL,NULL," ",5.3,3,60,"2024-06-19","OUI","05",933764.28,6528282.68,6.01104,45.81406
"74002","75373","GRAND ANNECY","AC37","PI",100,NULL,NULL," ",4.6,4,60,"2024-06-19","OUI","01",933588.86,6528076.33,6.00869,45.81226
"74002","65190","GRAND ANNECY","AC39","PI",100,"100",NULL," ",6.1,5.1,60,"2024-06-19","OUI","01",933333.81,6528145.35,6.00544,45.81297
"74002","65192","GRAND ANNECY","AC40","PI",100,"100",NULL," ",4.5,1.1,60,"2024-06-19","OUI","01",933260.48,6527924.68,6.00439,45.81101
"74002","65191","GRAND ANNECY","AC41","PI",100,NULL,NULL," ",4.7,2.7,60,"2024-06-19","OUI","01",933243.95,6528081.79,6.00425,45.81243
"74002","65133","GRAND ANNECY","AC42","PI",65,NULL,NULL," ",6,1,40,"2024-06-19","OUI","01",933130.48,6528094.0,6.0028,45.81258
"74002","80249","GRAND ANNECY","AC43","PI",65,NULL,NULL," ",6.5,1,30,"2024-06-19","OUI","05",933508.99,6527925.17,6.00758,45.81093
"74002","65195","GRAND ANNECY","AC44","PI",65,"100","2014-01-01"," ",3.7,1,45,"2024-06-19","OUI","01",933377.3,6527661.79,6.00576,45.80861
"74002","6281463","GRAND ANNECY","AC46","PI",65,"100","2014-01-01"," ",3.6,1,40,"2024-06-19","OUI","05",933290.49,6527640.43,6.00463,45.80844
"74002","65129","GRAND ANNECY","AC48","PI",100,"125","2022-06-01","ROUTE DE CHAINAZ",5.3,1,51,"2024-06-19","OUI","01",932772.63,6527549.01,5.99792,45.8078
"74002","65130","GRAND ANNECY","AC49","PI",100,NULL,NULL,"ROUTE DE CHAINAZ",3.6,1,45,"2022-05-03","OUI","01",932644.4,6527372.59,5.99619,45.80625
"74002","6281465","GRAND ANNECY","AC50","PI",100,"100",NULL," ",3.4,2.3,60,"2024-06-20","OUI","01",933420.2,6528427.26,6.00669,45.81548
"74002","64459","GRAND ANNECY","AC50BIS","PI",100,"100",NULL," ",7.3,1,44,"2024-06-20","OUI","01",932597.25,6528299.59,5.99603,45.81461
"74002","83434","GRAND ANNECY","AC51","PI",100,"100",NULL," ",3.1,2.6,60,"2024-06-19","OUI","01",933345.13,6528352.03,6.00568,45.81483
"74002",NULL,"GRAND ANNECY","AC51BIS","PI",100,"125","2024-03-12","ROUTE DES PRES CHARDON",2.3,1.4,60,"2024-06-19","OUI","01",933508.58,6528346.42,6.00778,45.81472
"74002","65132","GRAND ANNECY","AC52","PI",100,NULL,NULL," ",3.1,2.2,60,"2024-06-19","OUI","01",933367.74,6528284.15,6.00594,45.81421
"74002","74573","GRAND ANNECY","AC52BIS","PI",65,NULL,NULL," ",7.3,1,10,"2024-06-20","OUI","01",932681.69,6528387.88,5.99716,45.81538
"74002","65131","GRAND ANNECY","AC53","PI",100,NULL,NULL," ",3.2,2,60,"2024-06-19","OUI","05",933109.72,6528342.48,6.00265,45.81482
"74002","64673","GRAND ANNECY","AC54","PI",100,"100","2020-06-15"," ",3.3,3.2,60,"2024-06-19","OUI","01",933175.9,6528477.7,6.00357,45.81602
"74002","6283018","GRAND ANNECY","AC54BIS","PI",150,"180","2023-06-01",NULL,11,9.2,120,"2024-06-19","OUI","01",933196.64,6528403.71,6.0038,45.81534
"74002","64671","GRAND ANNECY","AC55","PI",100,NULL,NULL," ",4.3,3.8,60,"2024-06-19","OUI","01",933128.61,6528620.14,6.00303,45.81731
"74002","64672","GRAND ANNECY","AC56","PI",100,"100",NULL," ",3.7,2.8,60,"2024-06-19","OUI","01",933234.0,6528676.89,6.00441,45.81779
"74002","64670","GRAND ANNECY","AC57","PI",100,"100",NULL," ",5,1,60,"2020-06-05","OUI","05",933109.27,6528773.97,6.00286,45.81871
"74002","65206","GRAND ANNECY","AC58","PI",100,NULL,"2023-01-17"," ",5.3,3.8,60,"2024-06-19","OUI","01",932972.47,6528963.0,6.00119,45.82045
"74002","65051","GRAND ANNECY","AC59","PI",100,"200",NULL," ",4,3.5,60,"2022-04-28","OUI","01",933054.74,6528880.38,6.00221,45.81968
"74002","75234","GRAND ANNECY","AC60","PI",100,"100",NULL," ",5.4,4.7,60,"2024-06-19","OUI","05",932909.14,6528905.62,6.00034,45.81996
"74002","75233","GRAND ANNECY","AC61","PI",100,NULL,NULL," ",5.5,5,60,"2024-06-19","OUI","01",932779.53,6528803.15,5.99863,45.81908
"74002","76282","GRAND ANNECY","AC63","PI",100,"100",NULL," ",5.5,5.1,60,"2024-06-19","OUI","01",932632.98,6528726.92,5.9967,45.81844
"74002","79748","GRAND ANNECY","AC64","PI",100,"100",NULL,"ALLEE DE MARIGNY",4.7,3.2,60,"2024-06-19","OUI","01",932824.05,6528640.69,5.99912,45.8176
"74002","65205","GRAND ANNECY","AC65","PI",100,NULL,NULL," ",5.1,4.2,60,"2024-06-19","OUI","05",932934.88,6528768.07,6.00061,45.81871
"74002","65050","GRAND ANNECY","AC66","PI",100,"100",NULL,"RUE DU NANT BORE",5.3,4.4,60,"2024-06-19","OUI","01",932892.54,6528804.88,6.00008,45.81906
"74002","64676","GRAND ANNECY","AC67","PI",65,"80",NULL," ",2.4,1,27,"2024-06-20","OUI","01",933441.63,6528737.36,6.00711,45.81826
"74002","80622","GRAND ANNECY","AC68","PI",100,"100","2013-01-01","ROUTE D AIX LES BAINS",10.4,9,60,"2024-06-20","OUI","05",933530.6,6528941.04,6.00836,45.82006
"74002",NULL,"GRAND ANNECY","AC69","PI",100,"125","2022-10-01","ROUTE DE CHEDE",7.9,5.2,60,"2024-06-20","OUI","01",933761.7,6529171.67,6.01145,45.82206
"74002","76035","GRAND ANNECY","AC71","PI",65,"100",NULL," ",3.1,2.5,60,"2024-06-20","OUI","05",933476.61,6529118.08,6.00775,45.82168
"74002","64677","GRAND ANNECY","AC72","PI",100,"100","2013-01-01"," ",3.3,2.1,60,"2024-06-20","OUI","05",933419.09,6529159.76,6.00703,45.82207
"74002","6283019","GRAND ANNECY","AC72BIS","PI",100,"125","2023-05-02",NULL,4.2,1.9,60,"2024-06-20","OUI","01",933307.66,6529171.58,6.0056,45.82222
"74002","76034","GRAND ANNECY","AC73","PI",100,"80",NULL," ",3.2,3,60,"2024-06-20","OUI","01",933417.59,6529032.37,6.00695,45.82092
"74002","64675","GRAND ANNECY","AC74","PI",100,"100",NULL," ",3.2,3.1,60,"2024-06-20","OUI","01",933276.51,6528983.31,6.00511,45.82053
"74002",NULL,"GRAND ANNECY","AC75","PI",100,"100","2019-04-25"," ",3.5,2.6,60,"2024-06-20","OUI","01",933293.45,6529085.53,6.00538,45.82145
"74002",NULL,"GRAND ANNECY","AC76","PI",NULL,"100","2022-01-17","ROUTE DES ASNIERES",4.2,1,40,"2024-06-20","OUI","01",933742.49,6528862.15,6.01105,45.81928
"74002","6281490","GRAND ANNECY","AC77","PI",100,"100",NULL,"ROUTE DES CHAVONNETS",3.3,1,10,"2024-06-20","OUI","01",934032.11,6528829.57,6.01476,45.81889
"74002","80210","GRAND ANNECY","AC78","PI",100,"100",NULL," ",2.4,1,12,"2024-06-20","OUI","01",933870.11,6528684.74,6.0126,45.81764
"74002","65045","GRAND ANNECY","AC79","PI",100,"125","2021-05-01","CHEMIN DE CRET VIAL",6.1,2.3,60,"2024-06-20","OUI","01",935400.83,6528964.55,6.03244,45.81963
"74002","6281721","GRAND ANNECY","AC79BIS","PI",100,"125","2019-02-01","CHEMIN DE CRET VIAL",5.4,2.2,60,"2024-06-20","OUI","01",935439.01,6528883.0,6.03289,45.81888
"74002","82828","GRAND ANNECY","AC80","PI",100,"125","2021-05-01","CHEMIN DE CRET VIAL",4.5,1,60,"2024-06-20","OUI","01",935519.31,6528743.27,6.03386,45.8176
"74002","65048","GRAND ANNECY","AC81","PI",65,"80",NULL," ",4.4,1,27,"2024-07-22","OUI","05",935910.24,6529439.21,6.03923,45.82373
"74002","6281452","GRAND ANNECY","AC83","PI",NULL,NULL,NULL," ",NULL,NULL,NULL,NULL,"OUI","05",935596.1,6529156.26,6.03505,45.82129
"74002","83433","GRAND ANNECY","AC84","PI",65,NULL,NULL," ",6.1,1,48,"2024-06-20","OUI","05",935508.76,6529085.86,6.03389,45.82069
"74002","79468","GRAND ANNECY","AC86","PI",100,"125","2019-09-01","ROUTE DES BOIS VIAL",5.8,1.2,60,"2024-06-20","OUI","01",935263.08,6529105.84,6.03074,45.82095
"74002","64982","GRAND ANNECY","AC87","PI",100,"125","2019-09-01","ROUTE DES BOIS VIAL",5.6,1,58,"2024-07-22","OUI","01",935129.49,6529221.45,6.02907,45.82204
"74002",NULL,"GRAND ANNECY","AC87BIS","PI",100,"125","2024-09-01","ROUTE DE BOIS VIAL",NULL,NULL,NULL,NULL,"OUI","01",934844.54,6529321.98,6.02546,45.82304
"74002","65929","GRAND ANNECY","AC88","PI",100,"125","2021-07-01","ROUTE DE BOIS VIAL",5,1,49,"2024-07-22","OUI","10",934723.35,6529437.46,6.02395,45.82412
"74002","65117","GRAND ANNECY","AC89","PI",100,"100","2023-01-23","ALLEE DES SABLES",6.8,2,60,"2024-06-20","OUI","01",935298.68,6528060.77,6.03068,45.81153
"74002","65049","GRAND ANNECY","AC90","PI",100,"100",NULL,"ROUTE DE JOUVENOD",5,2.4,60,"2024-06-20","OUI","05",935245.76,6528583.27,6.03026,45.81625
"74002","65058","GRAND ANNECY","AC91","PI",100,"100",NULL," ",4.7,1,60,"2024-06-20","OUI","05",935070.56,6528367.55,6.02789,45.81437
"74002","76037","GRAND ANNECY","AC92","PI",100,NULL,NULL," ",5,1,47,"2024-06-20","OUI","01",935064.66,6528444.19,6.02786,45.81507
"74002","82162","GRAND ANNECY","AC93","PI",100,NULL,NULL," ",5,1,48,"2024-06-20","OUI","01",935035.52,6528461.35,6.02749,45.81523
"74002","6281495","GRAND ANNECY","AC94","PI",100,"100",NULL," ",4.6,3,60,"2024-07-22","OUI","05",934508.58,6528649.05,6.0208,45.8171
"74002","64210","GRAND ANNECY","AC95","PI",65,"60",NULL," ",7.8,1,24,"2024-07-22","OUI","05",934299.57,6528888.29,6.01823,45.81933
"74002","6281461","GRAND ANNECY","AC96","PI",100,"100",NULL," ",4.7,3.5,60,"2024-07-22","OUI","05",934435.97,6528707.94,6.0199,45.81766
"74002","6281458","GRAND ANNECY","AC97","PI",100,"100",NULL," ",5.7,1,47,"2024-06-20","OUI","01",934977.41,6528581.96,6.0268,45.81634
"74002","6281470","GRAND ANNECY","AC98","PI",100,"100","2013-01-01"," ",3.1,2.5,60,"2024-06-20","OUI","05",933518.81,6529085.59,6.00828,45.82137
"74002","6281472","GRAND ANNECY","AC99","PI",100,NULL,NULL," ",2.9,1.3,60,"2024-06-20","OUI","01",933672.3,6529033.27,6.01023,45.82085
"74004","6281496","GRAND ANNECY","AL01BIS","PI",100,"60",NULL," ",2.1,1,18,"2024-06-18","OUI","05",938200.28,6522604.62,6.06529,45.76143
"74004","64827","GRAND ANNECY","AL03","PI",100,"125",NULL," ",2.3,1.9,60,"2024-06-18","OUI","05",938216.27,6522566.5,6.06547,45.76108
"74004","64829","GRAND ANNECY","AL05","PI",100,"100",NULL," ",6,1.9,60,"2024-06-18","OUI","05",938457.92,6522277.56,6.06844,45.7584
"74004","83556","GRAND ANNECY","AL05BIS","PI",100,"100",NULL," ",3,0,0,"2024-06-18","OUI","01",938484.44,6522860.94,6.06907,45.76364
"74004","64830","GRAND ANNECY","AL06","PI",65,"100",NULL," ",7.3,1,42,"2024-06-18","OUI","05",938335.41,6522306.68,6.06688,45.7587
"74004","78565","GRAND ANNECY","AL07","PI",100,"100",NULL,"CHEMIN DE LA CHARBONNIERE",4.3,3.4,60,"2024-06-18","OUI","01",939508.71,6521676.28,6.08164,45.75262
"74004","81458","GRAND ANNECY","AL08","PI",65,"100",NULL," ",5.5,2.7,60,"2024-06-18","OUI","05",939276.23,6521637.14,6.07863,45.75235
"74004","88097","GRAND ANNECY","AL09BIS","BI",100,"80",NULL," ",7,1.5,60,"2024-06-18","OUI","05",939524.03,6521521.64,6.08176,45.75122
"74004","64888","GRAND ANNECY","AL10","PI",100,"100",NULL," ",6.7,3.5,60,"2024-06-18","OUI","05",939168.78,6521592.66,6.07723,45.75199
"74004","64893","GRAND ANNECY","AL11","PI",100,"125","2018-03-12","ROUTE DE BANGES",6.9,4,60,"2024-06-18","OUI","05",939392.13,6521530.09,6.08007,45.75134
"74004","64890","GRAND ANNECY","AL12","PI",65,"100",NULL," ",6.8,4,60,"2024-06-18","OUI","05",939273.17,6521580.3,6.07857,45.75184
"74004","64891","GRAND ANNECY","AL13","PI",100,"100","2024-09-04","ROUTE DE LA GODETTE",6.2,5.1,60,"2024-09-30","OUI","01",939340.14,6521606.18,6.07944,45.75205
"74004","64892","GRAND ANNECY","AL14","PI",65,"100",NULL," ",4.4,3.3,60,"2024-06-18","OUI","05",939380.95,6521666.75,6.08,45.75258
"74004","80211","GRAND ANNECY","AL17","PI",65,"100",NULL,"CHEMIN DE LA CHARBONNIERE",3.4,2.8,60,"2024-06-18","OUI","01",939509.93,6521733.64,6.08169,45.75313
"74004","64894","GRAND ANNECY","AL19","PI",65,"100",NULL," ",7.6,4.1,60,"2024-06-18","OUI","01",939504.75,6521478.24,6.08149,45.75084
"74004","64895","GRAND ANNECY","AL20","PI",100,"80",NULL," ",6.6,1,43,"2024-06-18","OUI","01",939629.7,6521512.47,6.08312,45.7511
"74004","79805","GRAND ANNECY","AL21","PI",65,"100",NULL," ",9.7,4.5,60,"2024-06-18","OUI","05",939883.93,6521298.46,6.08628,45.74909
"74004","64887","GRAND ANNECY","AL22","PI",65,"60",NULL," ",7.9,2.8,60,"2024-06-18","OUI","05",939563.85,6521455.26,6.08224,45.75061
"74004","81455","GRAND ANNECY","AL23","PI",100,"60",NULL," ",8.6,4.2,60,"2024-06-18","OUI","05",939703.98,6521413.51,6.08402,45.75019
"74004","64885","GRAND ANNECY","AL24","PI",100,"100","2024-09-04","ROUTE DE LA GODETTE",6.1,5.1,60,"2024-09-30","OUI","01",939429.22,6521598.85,6.08058,45.75195
"74004","78580","GRAND ANNECY","AL25","PI",100,"100",NULL," ",4.5,1.9,60,"2024-06-18","OUI","05",938375.69,6522519.87,6.0675,45.76061
"74004","78581","GRAND ANNECY","AL26","PI",100,"100",NULL," ",6.2,3,60,"2024-06-18","OUI","05",938368.88,6522422.86,6.06736,45.75974
"74004","80242","GRAND ANNECY","AL27","PI",100,"100","2010-01-01"," ",5.2,4.3,60,"2024-06-18","OUI","05",939504.19,6521613.97,6.08155,45.75206
"74004","80212","GRAND ANNECY","AL28","PI",65,"100",NULL," ",3.8,1,45,"2024-06-18","OUI","05",940834.65,6520250.24,6.09797,45.73932
"74004","64896","GRAND ANNECY","AL29","PI",65,"80",NULL," ",3.7,1,24,"2024-06-18","OUI","05",940843.02,6520116.3,6.09801,45.73811
"74004","64897","GRAND ANNECY","AL30","PI",100,"80",NULL," ",3.8,1,20,"2024-06-18","OUI","05",940851.75,6519968.12,6.09804,45.73678
"74004","79157","GRAND ANNECY","AL31","PI",100,"100",NULL," ",2.2,1,11,"2024-06-18","OUI","05",940903.54,6519954.03,6.0987,45.73663
"74004","88095","GRAND ANNECY","AL32","PI",100,"100",NULL," ",4.3,2.1,60,"2024-06-18","OUI","05",940614.44,6520812.11,6.09542,45.74445
"74010","65154","GRAND ANNECY","001","PI",100,"125","2017-06-29","AVENUE DE LA REPUBLIQUE",6.6,6.1,60,"2022-05-02","OUI","01",941179.1,6538875.6,6.11183,45.90679
"74010","65155","GRAND ANNECY","002","PI",100,"100",NULL,"AVENUE DE LA REPUBLIQUE",6.65,6.4,60,"2023-07-19","OUI","01",941059.76,6538904.8,6.11031,45.90709
"74010","65156","GRAND ANNECY","003","PI",100,"125","1971-01-01","AVENUE DE LA REPUBLIQUE",6.6,6.1,60,"2022-05-23","OUI","05",940939.26,6538929.98,6.10877,45.90736
"74010","65157","GRAND ANNECY","003BIS","PI",100,"100","1992-01-01","AVENUE DES HARMONIES",6.4,6,60,"2022-05-23","OUI","05",940699.47,6538861.02,6.10564,45.90683
"74010","63691","GRAND ANNECY","004","PI",100,"100","1990-01-01","AVENUE DE LA REPUBLIQUE",7,6.6,60,"2023-07-19","OUI","05",940826.78,6538930.1,6.10732,45.9074
"74010","65158","GRAND ANNECY","004BIS","PI",100,"100","1991-01-01","AVENUE DES HARMONIES",7.15,7,60,"2023-07-19","OUI","05",940815.09,6538777.5,6.10709,45.90603
"74010","80738","GRAND ANNECY","004TER","PI",100,"100","1991-01-01","RUE DE L ARLEQUIN",7,6.7,60,"2023-07-19","OUI","05",940885.77,6538843.24,6.10803,45.9066
"74010","6281602","GRAND ANNECY","005","PI",100,"125","2016-06-01","CHEMIN DES BERGES",6.6,6,60,"2022-05-17","OUI","01",940644.04,6538781.62,6.10488,45.90613
"74010","6281603","GRAND ANNECY","005BIS","PI",100,"125","2016-06-01","CHEMIN DES BERGES",6.6,5.7,60,"2022-05-17","OUI","01",940689.9,6538689.34,6.10543,45.90529
"74010","65159","GRAND ANNECY","006","PI",100,"125",NULL,"AVENUE DE LA REPUBLIQUE",7.3,7.1,60,"2023-07-19","OUI","01",940640.32,6538982.82,6.10494,45.90794
"74010","65160","GRAND ANNECY","007","PI",100,"125",NULL,"AVENUE DE LA REPUBLIQUE",7.6,7.2,60,"2022-05-17","OUI","01",940363.69,6538985.0,6.10137,45.90806
"74010","6281597","GRAND ANNECY","007BIS","PI",100,"125","2016-06-01","PROMENADE GEORGES MELIES",7.3,6.5,60,"2022-05-17","OUI","01",940483.52,6538946.32,6.1029,45.90767
"74010","6281598","GRAND ANNECY","007TER","PI",100,"125","2016-06-01","ALLEE DES PAPETIERS",7.2,6,60,"2022-05-17","OUI","01",940389.7,6538911.25,6.10167,45.90739
"74010","82812","GRAND ANNECY","008","PI",100,"100",NULL,"AVENUE DE LA REPUBLIQUE",8.3,8.1,60,"2023-07-19","OUI","05",940243.6,6538980.45,6.09982,45.90806
"74010","6281599","GRAND ANNECY","008BIS","PI",100,"125","2016-06-01","AVENUE DE LA REPUBLIQUE",7.8,7.3,60,"2023-07-19","OUI","01",940561.61,6538928.95,6.1039,45.90749
"74010","6281600","GRAND ANNECY","008QTER","PI",100,"125","2016-06-01","CHEMIN DES BERGES",7.5,7.2,60,"2023-07-19","OUI","01",940515.55,6538827.07,6.10325,45.90659
"74010","6281601","GRAND ANNECY","008TER","PI",100,"125","2016-06-01","CHEMIN DES BERGES",7.5,7.1,60,"2023-07-19","OUI","10",940563.91,6538823.25,6.10387,45.90654
"74010","80244","GRAND ANNECY","009","PI",100,NULL,NULL,"AVENUE DE LA REPUBLIQUE",8.2,7.7,60,"2022-05-24","OUI","05",940091.01,6539021.32,6.09788,45.90848
"74010","65161","GRAND ANNECY","010","PI",100,"100","1965-01-01","RUE DE LA PAPETERIE",7.8,7.4,60,"2023-07-20","OUI","05",940204.78,6538905.86,6.09929,45.90741
"74010","79299","GRAND ANNECY","011","PI",100,"100",NULL,"RUE BEAUSOLEIL",5.8,5.1,60,"2022-05-24","OUI","05",940105.07,6538756.87,6.09793,45.9061
"74010","65162","GRAND ANNECY","012","PI",100,"100","1986-01-01","RUE DU JOURDIL",6.5,5.9,60,"2023-07-20","OUI","05",939979.14,6538776.29,6.09631,45.90632
"74010","80739","GRAND ANNECY","013","PI",100,"100","1973-01-01","RUE DE LA LOUVATIERE",12.4,11.6,60,"2022-05-20","OUI","01",940071.25,6538579.76,6.0974,45.90452
"74010","65163","GRAND ANNECY","014","PI",100,"100","1981-01-01","RUE DES PERVENCHES",11.7,10.9,60,"2023-07-20","OUI","01",940119.82,6538420.3,6.09795,45.90307
"74010","65164","GRAND ANNECY","015","PI",100,"100","1975-01-01","RUE DE MILLEMOUX",10.9,10.4,60,"2022-05-10","OUI","05",940236.81,6538381.68,6.09943,45.90268
"74010","79300","GRAND ANNECY","016","PI",100,"100","1975-01-01","RUE DE MILLEMOUX",11.2,9.7,60,"2023-07-20","OUI","05",940330.75,6538473.17,6.10069,45.90347
"74010","65165","GRAND ANNECY","017","PI",100,"100","1977-01-01","RUE DE MILLEMOUX",10.8,10,60,"2022-05-10","OUI","05",940341.52,6538349.98,6.10077,45.90236
"74010","65166","GRAND ANNECY","018","PI",100,"100","1975-01-01","RUE DES PERVENCHES",10.8,8.3,60,"2023-07-20","OUI","01",940396.41,6538406.08,6.1015,45.90284
"74010","80740","GRAND ANNECY","019","PI",100,"100","1975-01-01","RUE DES PERVENCHES",10.8,10.6,60,"2020-12-14","OUI","01",940453.3,6538479.41,6.10227,45.90348
"74010","80245","GRAND ANNECY","020","PI",100,"100","1987-01-01","RUE DES ASTERS",9.9,9.1,60,"2023-07-20","OUI","05",940285.62,6538254.47,6.1,45.90152
"74010","79301","GRAND ANNECY","021","PI",100,NULL,"1990-01-01","RUE DES ASTERS",8.8,7.2,60,"2022-05-24","OUI","05",940326.86,6538168.77,6.10049,45.90073
"74010","65167","GRAND ANNECY","022","PI",100,"125","2006-01-01","RUE DES MYOSOTIS",10.4,9.7,60,"2023-07-20","OUI","05",940111.64,6538204.17,6.09773,45.90112
"74010","65168","GRAND ANNECY","023","PI",100,"125","1967-01-01","RUE DES MYOSOTIS",10.6,10.3,60,"2022-05-24","OUI","05",940110.43,6538316.5,6.09777,45.90214
"74010","80741","GRAND ANNECY","024","PI",100,"100","1975-01-01","AVENUE AUGUSTE RENOIR",12.2,11.6,60,"2023-07-20","OUI","05",939999.27,6538470.72,6.09642,45.90356
"74010","64491","GRAND ANNECY","025","PI",100,"100",NULL,"RUE DE LA PEROLLIERE",11.6,10.6,60,"2022-05-10","OUI","05",939990.46,6538329.23,6.09623,45.90229
"74010","64492","GRAND ANNECY","026","PI",100,"100","1981-01-01","RUE DE LA PEROLLIERE",12.05,10.9,60,"2023-07-20","OUI","05",939810.07,6538269.43,6.09388,45.90182
"74010","64493","GRAND ANNECY","026BIS","PI",100,"100","1975-01-01","RUE DES CANOTIERS",12.3,11.2,60,"2023-07-20","OUI","05",939700.33,6538312.24,6.09248,45.90224
"74010","64494","GRAND ANNECY","026TER","PI",100,"100","1990-01-01","RUE DES CANOTIERS",11.8,11,60,"2023-07-20","OUI","01",939633.73,6538188.5,6.09156,45.90115
"74010","80742","GRAND ANNECY","027","PI",100,"100","1983-01-01","RUE DE LA PEROLLIERE",11.5,10.6,60,"2022-05-10","OUI","05",939805.11,6538158.0,6.09376,45.90082
"74010","79302","GRAND ANNECY","028","PI",100,"100","1978-01-01","RUE DES PAQUERETTES",10.8,10,60,"2023-07-20","OUI","05",939754.27,6538008.81,6.09303,45.89949
"74010","64495","GRAND ANNECY","029","PI",100,"100","1980-01-01","RUE DES PAQUERETTES",10.3,9.2,60,"2022-05-10","OUI","05",939901.02,6538094.31,6.09496,45.90021
"74010","64496","GRAND ANNECY","030","PI",100,"100",NULL,"RUE DE LA PEROLLIERE",8.8,7.9,60,"2023-07-27","OUI","05",939645.91,6537630.22,6.09144,45.89612
"74010","82730","GRAND ANNECY","031","PI",100,"100",NULL,"ALLEE DES TILLEULS",11,9.7,60,"2022-05-10","OUI","05",939530.05,6537767.72,6.09001,45.8974
"74010","64497","GRAND ANNECY","032","PI",100,"100","2000-01-01","RUE DU LEVRAY",8.6,8.2,60,"2023-07-27","OUI","05",939031.52,6537183.9,6.0833,45.89232
"74010","64498","GRAND ANNECY","032BIS","PI",100,NULL,NULL,"RUE DU LEVRAY",8.8,8.4,60,"2023-07-27","OUI","05",939234.28,6537386.04,6.08601,45.89407
"74010","6281728","GRAND ANNECY","032QTER","PI",100,"125","2014-04-30","RUE DU LEVRAY",8.2,7.9,60,"2023-07-27","OUI","01",939053.55,6537041.46,6.08351,45.89104
"74010","6281616","GRAND ANNECY","032TER","PI",100,"125","2013-09-26","RUE DU LEVRAY",8.9,8.5,60,"2023-07-27","OUI","01",939152.67,6537310.97,6.08492,45.89343
"74010","79303","GRAND ANNECY","033","PI",100,"100","1984-01-01","ROUTE DE NANFRAY",8.7,8.1,60,"2022-04-28","OUI","05",939421.48,6537485.69,6.08847,45.8949
"74010","64499","GRAND ANNECY","033BIS","PI",100,"100","1981-01-01","IMPASSE DE LA VULPILLIERE",9.4,8.2,60,"2022-04-28","OUI","05",939485.48,6537603.05,6.08936,45.89594
"74010","6281615","GRAND ANNECY","033TER","PI",100,"125","2010-06-01","AVENUE DU CAPITAINE ANJOT",8.5,7.8,60,"2022-04-28","OUI","05",939493.32,6537525.32,6.08942,45.89523
"74010","80120","GRAND ANNECY","034","PI",100,"100","1988-01-01","RUE DU TANAY",7.6,6.2,60,"2023-07-27","OUI","01",939575.98,6537279.7,6.09036,45.893
"74010","80743","GRAND ANNECY","035","PI",100,"100","1984-01-01","ROUTE DE NANFRAY",8.5,7.5,60,"2022-04-28","OUI","05",939408.97,6537344.65,6.08824,45.89364
"74010","64500","GRAND ANNECY","036","PI",100,"100","1988-01-01","ROUTE DE NANFRAY",8.45,7.8,60,"2023-07-27","OUI","05",939364.96,6537356.86,6.08768,45.89376
"74010","81541","GRAND ANNECY","036BIS","PI",100,"100","1989-01-01","ROUTE DE NANFRAY",8.2,7.3,60,"2023-07-27","OUI","05",939372.57,6537220.01,6.08771,45.89253
"74010","64501","GRAND ANNECY","036TER","PI",100,"100","1991-01-01","ROUTE DE NANFRAY",7.7,6.8,60,"2023-07-27","OUI","01",939468.87,6537192.57,6.08894,45.89225
"74010","64502","GRAND ANNECY","037","PI",100,"100","1980-01-01","ROUTE DE LA SALLE",12.2,11.9,60,"2022-05-17","OUI","05",939499.95,6538239.41,6.08986,45.90166
"74010","64503","GRAND ANNECY","038","PI",100,"100","1976-01-01","ROUTE DE LA SALLE",12.1,11.1,60,"2023-07-20","OUI","05",939349.83,6538096.17,6.08786,45.90042
"74010","79304","GRAND ANNECY","039","PI",100,"100","1981-01-01","ROUTE DE LA SALLE",12.9,11.4,60,"2022-05-10","OUI","01",939289.4,6538190.75,6.08713,45.90129
"74010","64504","GRAND ANNECY","040","PI",100,"100","1984-01-01","ROUTE DE LA SALLE",11.9,11.4,60,"2023-07-20","OUI","05",939294.45,6537995.36,6.08709,45.89953
"74010","83272","GRAND ANNECY","041","PI",100,"100","2023-12-13","ROUTE DE LA SALLE",12.4,11.5,60,"2023-12-26","OUI","01",939181.01,6537973.26,6.08562,45.89938
"74010","64505","GRAND ANNECY","042","PI",100,"100","1970-01-01","ROUTE DE LA SALLE",12.8,12,60,"2023-07-20","OUI","05",939603.42,6538367.98,6.09126,45.90278
"74010","64506","GRAND ANNECY","043","PI",100,"100","1978-01-01","ROUTE DE LA SALLE",11.8,10.6,60,"2022-05-10","OUI","05",939720.66,6538612.21,6.0929,45.90493
"74010","79305","GRAND ANNECY","044","PI",100,"150","1980-01-01","RUE DU JOURDIL",13.5,12.6,60,"2023-07-20","OUI","05",939593.65,6538734.59,6.09132,45.90608
"74010","80394","GRAND ANNECY","044BIS","PI",100,"100","1990-01-01","RUE DU JOURDIL",13.6,12.8,60,"2023-07-20","OUI","05",939658.8,6538764.43,6.09218,45.90633
"74010","64566","GRAND ANNECY","044TER","PI",100,"100","1995-01-01","ALLEE JEAN MERMOZ",14.2,12.1,60,"2023-07-20","OUI","05",939550.26,6538796.72,6.09079,45.90665
"74010","64567","GRAND ANNECY","045","PI",100,"100","1980-01-01","RUE DU JOURDIL",12.9,11.3,60,"2022-05-17","OUI","05",939570.19,6538624.1,6.09096,45.90509
"74010","64568","GRAND ANNECY","046","PI",100,"100",NULL,"ROUTE DE NANFRAY",7.5,6.35,60,"2023-07-27","OUI","05",939327.05,6537065.8,6.08704,45.89116
"74010","65365","GRAND ANNECY","046BIS","PI",100,"100","1990-01-01","ROUTE DES CREUSES",8.3,7.6,60,"2023-07-27","OUI","01",939022.47,6536934.9,6.08305,45.89009
"74010","64570","GRAND ANNECY","047","PI",100,"100","1997-01-01","ROUTE DES CREUSES",6.5,5.9,60,"2020-12-16","OUI","05",939535.29,6537107.81,6.08975,45.89146
"74010","80395","GRAND ANNECY","048","PI",100,"100","1989-01-01","ROUTE DES CREUSES",6.3,5.6,60,"2023-07-27","OUI","05",939764.2,6537237.05,6.09276,45.89255
"74010","80146","GRAND ANNECY","048BIS","PI",100,"100","1996-01-01","ALLEE DES MARGUERITES",7.1,6.5,60,"2023-07-27","OUI","05",939889.61,6537317.6,6.09442,45.89323
"74010","64569","GRAND ANNECY","049","PI",100,"100","1969-01-01","ROUTE DES CREUSES",6.4,5.8,60,"2022-05-17","OUI","05",940163.6,6537287.92,6.09794,45.89286
"74010","64571","GRAND ANNECY","050","PI",100,"100","1969-01-01","ROUTE DES CREUSES",7.3,6.8,60,"2023-07-20","OUI","05",940341.59,6537354.88,6.10026,45.8934
"74010","80396","GRAND ANNECY","051","PI",100,"100",NULL,"RUE DES CARILLONS",7.8,5.7,60,"2022-05-24","OUI","05",940615.48,6537407.49,6.10382,45.89378
"74010","64572","GRAND ANNECY","052","PI",100,"100","1976-01-01","ROUTE DES CREUSES",9.2,8.5,60,"2023-07-20","OUI","01",940812.21,6537461.16,6.10638,45.89419
"74010","79306","GRAND ANNECY","052BIS","PI",100,"100","1989-01-01","VERS BOIS (AVENUE DE)",10.6,9.4,60,"2023-07-20","OUI","05",941012.03,6537569.57,6.10901,45.8951
"74010","64573","GRAND ANNECY","053","PI",100,"100","1982-01-01","VERS BOIS (AVENUE DE)",9.5,7.7,60,"2022-05-20","OUI","05",940885.76,6537579.65,6.10739,45.89523
"74010","80397","GRAND ANNECY","054","PI",100,NULL,"1976-01-01","RUE DES ROSIERS",10.05,9.35,60,"2023-07-20","OUI","05",940788.81,6537647.86,6.10618,45.89588
"74010","64574","GRAND ANNECY","055","PI",100,"100","1976-01-01","VERS BOIS (AVENUE DE)",9,8.2,60,"2022-05-20","OUI","05",940641.59,6537680.66,6.10429,45.89623
"74010","65320","GRAND ANNECY","056","PI",100,"100",NULL,"VERS BOIS (AVENUE DE)",8.3,7.6,60,"2023-07-20","OUI","01",940555.54,6537599.51,6.10314,45.89553
"74010","65321","GRAND ANNECY","057","PI",100,"100","1975-01-01","RUE DES PEROLLES",9.4,8.8,60,"2020-12-16","OUI","05",940602.92,6537799.94,6.10386,45.89731
"74010","79389","GRAND ANNECY","058","PI",100,"100","1980-01-01","IMPASSE DE LA FUTAIE",11.2,9.3,60,"2023-07-20","OUI","05",940803.92,6537836.71,6.10647,45.89757
"74010","79307","GRAND ANNECY","059","PI",100,"100","2024-02-15","RUE DES FAUVETTES",8.8,7.5,60,"2024-05-27","OUI","01",940717.72,6537508.89,6.10519,45.89465
"74010","83345","GRAND ANNECY","060","PI",100,"100","1991-01-01","RUE DES ROSIERS",8.85,6.9,60,"2023-07-20","OUI","01",940651.74,6537576.77,6.10437,45.89529
"74010","65322","GRAND ANNECY","061","PI",100,"100","2024-03-04","RUE DES MESANGES",8.2,6.8,60,"2024-05-27","OUI","01",940672.68,6537475.78,6.10459,45.89437
"74010","65323","GRAND ANNECY","062","PI",100,"100","1960-01-01","RUE DES PINSONS",7.5,6.7,60,"2023-07-20","OUI","05",940503.08,6537453.04,6.10239,45.89423
"74010","80398","GRAND ANNECY","063","PI",100,"125","2020-11-30","RUE DES PINSONS",7.2,6.4,60,"2022-04-28","OUI","01",940435.41,6537455.13,6.10152,45.89427
"74010","65380","GRAND ANNECY","064","PI",100,"100","2011-03-02","AVENUE DE PRELEVET",7.3,7.2,60,"2023-07-20","OUI","05",940432.94,6537569.14,6.10155,45.8953
"74010","80295","GRAND ANNECY","065","PI",100,"100","1975-01-01","AVENUE DE PRELEVET",7.5,6.7,60,"2022-05-24","OUI","05",940419.02,6537613.07,6.10139,45.8957
"74010","64575","GRAND ANNECY","066","PI",100,"100","1975-01-01","AVENUE DE PRELEVET",9,8.2,60,"2023-07-20","OUI","05",940560.21,6537986.76,6.1034,45.89901
"74010","80147","GRAND ANNECY","067","PI",100,"100","1980-01-01","IMPASSE DES CRETS",8.7,7.5,60,"2022-05-24","OUI","05",940544.49,6538156.95,6.10328,45.90055
"74010","79308","GRAND ANNECY","068","PI",100,"100","2016-05-01","AVENUE DE PRELEVET",9.7,9.4,60,"2023-07-20","OUI","01",940468.02,6538298.22,6.10237,45.90185
"74010","64576","GRAND ANNECY","069","PI",100,"125",NULL,"AVENUE DU PONT NEUF",4,3.6,60,"2020-12-16","OUI","10",941401.02,6537859.05,6.11417,45.89756
"74010","80399","GRAND ANNECY","070","PI",100,"100","1989-01-01","RUE SAINT ETIENNE",3.8,2.4,60,"2023-07-20","OUI","01",941386.76,6537676.34,6.1139,45.89592
"74010","64577","GRAND ANNECY","071","PI",100,"100","2016-02-29","AVENUE DU PONT NEUF",3.9,2.7,60,"2022-05-25","OUI","01",941301.1,6537808.58,6.11286,45.89714
"74010","64581","GRAND ANNECY","071BIS","PI",100,NULL,"1996-01-01","RUE DU ROND POINT",3.2,2.7,60,"2022-05-31","OUI","05",941174.36,6537781.73,6.11121,45.89695
"74010","64578","GRAND ANNECY","072","PI",100,"100",NULL,"CHEMIN DE LA CROISEE",3.5,2.5,60,"2021-08-17","OUI","05",941318.65,6537570.96,6.11296,45.895
"74010","63829","GRAND ANNECY","073","PI",100,NULL,"1995-01-01","ALLEE DES DUCS DE SAVOIE",4,3.5,60,"2020-12-16","OUI","01",941533.27,6537627.77,6.11576,45.89543
"74010","64579","GRAND ANNECY","073BIS","PI",100,"100",NULL,"RUE DE L ISERNON",4,3.2,60,"2022-05-25","OUI","10",941528.32,6537728.41,6.11575,45.89634
"74010","64580","GRAND ANNECY","073TER","PI",100,"100",NULL,"RUE DE L ISERNON",3.8,3.2,60,"2022-05-31","OUI","01",941633.88,6537617.74,6.11705,45.89531
"74010","64582","GRAND ANNECY","074","PI",100,"100","1974-01-01","GRANDE RUE D ALERY",3.9,3.5,60,"2023-07-20","OUI","05",941224.46,6537930.83,6.11193,45.89827
"74010","83127","GRAND ANNECY","075","PI",100,NULL,"1979-01-01","CHEMIN DE LA CONCORDE",3.9,2.5,60,"2022-05-25","OUI","01",941189.4,6538153.28,6.11159,45.90029
"74010","79309","GRAND ANNECY","076","PI",100,"100","1973-01-01","RUE DU 11 NOVEMBRE",3,2.3,60,"2023-07-20","OUI","05",941034.6,6537868.15,6.10945,45.89777
"74010","64583","GRAND ANNECY","077","PI",100,"100","1973-01-01","RUE DU ROND POINT",3.5,2.8,60,"2022-05-25","OUI","05",941127.67,6537897.32,6.11067,45.898
"74010","80148","GRAND ANNECY","078","PI",100,"100",NULL,"GRANDE RUE D ALERY",6.2,3.5,60,"2023-07-20","OUI","01",941108.81,6537994.63,6.11048,45.89889
"74010","81575","GRAND ANNECY","079","PI",100,"100",NULL,"GRANDE RUE D ALERY",5.1,2.6,60,"2022-05-25","OUI","05",940976.21,6538101.98,6.10882,45.8999
"74010","64646","GRAND ANNECY","080","PI",100,"100","2019-06-21","RUE GEORGES BRASSENS",5.2,1.8,60,"2023-07-20","OUI","01",940958.32,6537887.16,6.10848,45.89797
"74010","64647","GRAND ANNECY","081","PI",100,"100","1981-01-01","CHEMIN DE L UNION",5.9,2.5,60,"2022-05-25","OUI","01",941119.73,6538261.95,6.11075,45.90129
"74010","80156","GRAND ANNECY","082","PI",100,"100","1974-01-01","GRANDE RUE D ALERY",6.15,3.3,60,"2023-07-20","OUI","01",941069.8,6537994.62,6.10997,45.8989
"74010","80400","GRAND ANNECY","083","PI",100,"100","1972-01-01","CHEMIN DU PANORAMA",5.1,1.9,60,"2022-05-25","OUI","05",941041.4,6538259.64,6.10974,45.90129
"74010","64648","GRAND ANNECY","084","PI",100,"100","1966-01-01","IMPASSE DE LA SAPINIERE",12.7,10.4,60,"2023-07-19","OUI","05",941003.87,6538360.33,6.10931,45.90221
"74010","79310","GRAND ANNECY","085","PI",100,"100","2022-06-28","IMPASSE DE LA SAPINIERE",12.7,11.9,60,"2022-07-05","OUI","05",940910.47,6538455.76,6.10815,45.90311
"74010","82735","GRAND ANNECY","086","PI",100,"100","1973-01-01","IMPASSE DE LA SAPINIERE",11.7,9.8,60,"2023-07-19","OUI","05",940830.64,6538394.75,6.10709,45.90259
"74010","64649","GRAND ANNECY","087","PI",100,"100","1973-01-01","GRANDE RUE D ALERY",10.7,9.3,60,"2022-05-31","OUI","05",940665.0,6538453.5,6.10499,45.90317
"74010","64650","GRAND ANNECY","088","PI",100,"100","1964-01-01","AVENUE BEAUREGARD",10.7,10.3,60,"2023-07-20","OUI","05",940536.69,6538489.92,6.10335,45.90355
"74010","80401","GRAND ANNECY","089","PI",100,"100","1969-01-01","AVENUE BEAUREGARD",9.8,9.1,60,"2022-05-10","OUI","01",940667.33,6538299.03,6.10494,45.90178
"74010","6281596","GRAND ANNECY","089BIS","PI",100,"125","2014-06-26","IMPASSE BEL HORIZON",9.4,8.6,60,"2022-05-10","OUI","01",940537.56,6538325.49,6.10328,45.90207
"74010","79311","GRAND ANNECY","090","PI",100,NULL,"1999-01-01","AVENUE BEAUREGARD",9.8,8.6,60,"2021-08-17","OUI","05",940715.89,6538148.17,6.10549,45.90041
"74010","64807","GRAND ANNECY","092","PI",100,"100",NULL,"AVENUE BEAUREGARD",10.4,9.6,60,"2023-07-20","OUI","01",940785.65,6538106.93,6.10637,45.90001
"74010","80177","GRAND ANNECY","093","PI",100,"100","2012-09-20","AVENUE BEAUREGARD",11,10.5,60,"2022-05-20","OUI","01",940247.19,6538530.56,6.09964,45.90401
"74010","64808","GRAND ANNECY","094","PI",100,"100","1975-01-01","RUE DE LA LOUVATIERE",12.2,11.9,60,"2023-07-20","OUI","05",940172.06,6538582.17,6.0987,45.9045
"74010","80456","GRAND ANNECY","095","PI",100,"100","1975-01-01","RUE PREPOULAIN",12.1,10.8,60,"2022-05-31","OUI","05",940292.09,6538626.48,6.10027,45.90486
"74010","64809","GRAND ANNECY","096","PI",100,"100","1975-01-01","RUE MOUSSY",5.7,5.4,60,"2023-07-20","OUI","01",940157.19,6538702.86,6.09857,45.9056
"74010","79384","GRAND ANNECY","097","PI",100,NULL,"1973-01-01","AVENUE DE GEVRIER",6,5.3,60,"2022-05-31","OUI","01",940342.67,6538736.58,6.10098,45.90583
"74010","82740","GRAND ANNECY","098","PI",100,"100","1973-01-01","AVENUE DE GEVRIER",5.4,5.1,60,"2023-07-19","OUI","05",940717.94,6538518.63,6.1057,45.90374
"74010","81549","GRAND ANNECY","099","PI",100,"100",NULL,"RUE DE LA CRETE",6.3,5.8,60,"2022-05-16","OUI","05",941222.41,6539518.17,6.11271,45.91255
"74010","64283","GRAND ANNECY","100","PI",100,"100","1966-01-01","ENTREPRISES (RUE DES)",8.2,5.8,60,"2023-07-19","OUI","05",941181.75,6539737.48,6.1123,45.91454
"74010","64340","GRAND ANNECY","101","PI",100,"125",NULL,"RUE DES TERRASSES",8.8,7.2,60,"2020-12-17","OUI","05",940791.0,6539307.97,6.10705,45.91082
"74010","64341","GRAND ANNECY","103","PI",100,"100","1966-01-01","RUE DES TERRASSES",8.4,4.5,60,"2020-12-17","OUI","05",940891.26,6539320.12,6.10834,45.91089
"74010","64342","GRAND ANNECY","104","PI",100,"100","1974-01-01","RUE DES TERRASSES",8.7,8,60,"2023-07-19","OUI","05",940867.48,6539475.3,6.10812,45.91229
"74010","79385","GRAND ANNECY","105","PI",100,"100",NULL,"RUE DES TERRASSES",8.8,7.6,60,"2022-05-16","OUI","05",940867.12,6539536.9,6.10814,45.91285
"74010","80457","GRAND ANNECY","106","PI",100,NULL,NULL,"RUE DES TERRASSES",8.8,7.7,60,"2023-07-19","OUI","05",940712.69,6539621.35,6.1062,45.91366
"74010","81143","GRAND ANNECY","107","PI",100,"100","1971-01-01","RUE DES PELOUSES",6.7,6.2,60,"2022-05-16","OUI","05",941145.28,6539418.31,6.11167,45.91168
"74010","64343","GRAND ANNECY","108","PI",100,"100","1970-01-01","RUE DES CHARMILLES",6.8,6.2,60,"2023-07-19","OUI","01",940990.6,6539269.34,6.1096,45.9104
"74010","64344","GRAND ANNECY","109","PI",100,"100","1977-01-01","RUE DE LA CRETE",6.8,6.3,60,"2022-05-16","OUI","01",940865.22,6539174.39,6.10793,45.90959
"74010","64345","GRAND ANNECY","110","PI",100,"100","1974-01-01","CHEMIN DES GREVES",8.6,7.8,60,"2023-07-19","OUI","01",940520.33,6539133.46,6.10347,45.90934
"74010","80458","GRAND ANNECY","111","PI",100,"125","2015-09-16","RUE DES DROITS DE L HOMME",6.4,6,60,"2022-05-16","OUI","01",941067.2,6538969.18,6.11043,45.90767
"74010","79386","GRAND ANNECY","112","PI",100,"100","1978-01-01","RUE DU VERNAY",6.6,6.2,60,"2023-07-19","OUI","05",941046.86,6539069.87,6.11022,45.90858
"74010","64346","GRAND ANNECY","112BIS","PI",100,"125","2019-05-01","RUE CLAUDIUS CHAPPAZ",6.7,6.4,60,"2023-07-19","OUI","01",940923.86,6539069.67,6.10864,45.90863
"74010","64347","GRAND ANNECY","112TER","PI",100,"100","1994-01-01","RUE DU PARC",6.8,6.5,60,"2023-07-19","OUI","05",940804.1,6539025.11,6.10707,45.90827
"74010","64348","GRAND ANNECY","113","PI",100,"100",NULL,"RUE DES PETITS CHAMPS",6.6,6,60,"2022-05-16","OUI","01",940984.44,6539119.06,6.10944,45.90905
"74010","64349","GRAND ANNECY","114","PI",100,"100","1978-01-01","RUE DE LA TOURNETTE",6.6,6,60,"2023-07-19","OUI","05",941044.98,6539201.7,6.11027,45.90977
"74010","79387","GRAND ANNECY","115","PI",100,NULL,"1999-01-01","AVENUE GERMAIN PERREARD",6.4,6,60,"2022-05-16","OUI","01",941111.58,6539088.87,6.11107,45.90873
"74010","80459","GRAND ANNECY","116","PI",100,NULL,"1970-01-01","RUE DES CHARMILLES",6.5,6.2,60,"2023-07-19","OUI","01",941140.69,6539166.77,6.11148,45.90942
"74010","64350","GRAND ANNECY","117","PI",100,"125","1972-01-01","AVENUE GERMAIN PERREARD",6.3,5.8,60,"2022-05-16","OUI","01",941272.33,6539297.72,6.11325,45.91055
"74010","64351","GRAND ANNECY","118","PI",100,"100",NULL,"AVENUE GERMAIN PERREARD",6.2,5.9,60,"2023-07-19","OUI","05",941262.14,6539352.43,6.11314,45.91105
"74010","64352","GRAND ANNECY","119","PI",100,"100","1989-01-01","RUE EMILE ZOLA",6.2,5.5,60,"2022-05-30","OUI","05",941338.13,6539215.08,6.11405,45.90979
"74010","79388","GRAND ANNECY","119BIS","PI",100,"100","1965-01-01","AVENUE DES ILES",6.4,5.6,60,"2022-05-30","OUI","05",941495.13,6539238.99,6.11609,45.90995
"74010","64353","GRAND ANNECY","120","PI",100,"100","1977-01-01","RUE DE LA LIBERTE",6.8,6.3,60,"2023-07-20","OUI","05",941276.42,6539065.46,6.11318,45.90846
"74010","64354","GRAND ANNECY","121","PI",100,"100","1968-01-01","RUE PASTEUR",6.2,5.8,60,"2022-05-16","OUI","05",941177.12,6538982.67,6.11186,45.90775
"74010","81144","GRAND ANNECY","122","PI",100,"100","1974-01-01","RUE PASTEUR",6.8,6.45,60,"2023-07-20","OUI","01",941249.12,6539134.81,6.11286,45.9091
"74010","80460","GRAND ANNECY","123","PI",100,"100","1966-01-01","RUE VICTOR HUGO",6.4,5.2,60,"2022-05-16","OUI","05",941262.6,6538943.85,6.11294,45.90737
"74010","79390","GRAND ANNECY","124","PI",100,"100","1975-01-01","RUE JOSEPH DUCHENE",6.9,6.5,60,"2023-07-20","OUI","01",941183.65,6539108.75,6.11201,45.90888
"74010","64429","GRAND ANNECY","125","PI",100,"100","1965-01-01","CHEMIN DES TETS",6.3,5.7,60,"2022-05-16","OUI","05",941370.2,6538897.11,6.1143,45.90691
"74010","79449","GRAND ANNECY","126","PI",100,"100","1970-01-01","CHEMIN DES TETS",6.85,5.8,60,"2023-07-20","OUI","05",941433.4,6539007.39,6.11517,45.90788
"74010","64485","GRAND ANNECY","126BIS","PI",100,"100","1987-01-01","ROUTE DE CHEVENNES",6.6,6.1,60,"2023-07-19","OUI","05",940987.7,6538600.59,6.10922,45.90438
"74010","64484","GRAND ANNECY","127","PI",100,"100",NULL,"RUE DE LA SCIERIE",6.4,5.9,60,"2022-05-31","OUI","01",941088.79,6538710.18,6.11058,45.90533
"74010","79450","GRAND ANNECY","128","PI",100,"100","1965-01-01","RUE DE LA SCIERIE",6.7,6.4,60,"2023-07-19","OUI","05",941039.96,6538657.52,6.10992,45.90488
"74010","64486","GRAND ANNECY","129","PI",100,"100","1998-01-01","RUE EUGENE AUSSEDAT",6.4,5.6,60,"2022-05-30","OUI","05",941370.51,6539188.81,6.11446,45.90954
"74010","80119","GRAND ANNECY","130","PI",100,"100","1965-01-01","AVENUE PIERRE MENDES FRANCE",6.7,6.4,60,"2023-07-19","OUI","01",940925.43,6538731.4,6.10849,45.90558
"74010","80461","GRAND ANNECY","131","PI",100,"100",NULL,"RUE DU LEVANT",6.2,6.1,60,"2022-05-09","OUI","05",941015.0,6538819.96,6.10969,45.90635
"74010","64487","GRAND ANNECY","132","PI",100,"100","1967-01-01","RUE DE LA POTERIE",6.8,6.5,60,"2023-07-20","OUI","05",941233.46,6538833.73,6.11251,45.90639
"74010","79451","GRAND ANNECY","133","PI",100,"100","2015-03-10","AVENUE DU CAPITAINE ANJOT",7.1,6.8,60,"2022-04-28","OUI","01",940287.98,6537504.17,6.09965,45.89476
"74010","64488","GRAND ANNECY","134","PI",100,"100","1976-01-01","AVENUE DU CAPITAINE ANJOT",7.6,6.5,60,"2019-07-11","OUI","05",940109.94,6537757.25,6.09748,45.8971
"74010","80462","GRAND ANNECY","135","PI",100,"100","1969-01-01","AVENUE DU CAPITAINE ANJOT",7.4,7.1,60,"2022-04-28","OUI","05",939994.96,6537632.46,6.09594,45.89602
"74010","6281655","GRAND ANNECY","139","PI",100,"125","1990-01-01","AVENUE DU CAPITAINE ANJOT",7.8,7.4,60,"2022-04-28","OUI","01",939862.78,6537618.59,6.09423,45.89594
"74010","82752","GRAND ANNECY","140","PI",100,"125","2010-10-01","RUE DE LA LYRE",8.7,8.3,60,"2023-07-27","OUI","01",938910.11,6537045.93,6.08166,45.89113
"74010","83532","GRAND ANNECY","141","PI",100,"125","2010-10-01","RUE DE LA LYRE",9.9,8.8,60,"2022-04-28","OUI","01",938869.5,6537172.76,6.0812,45.89228
"74010","6281654","GRAND ANNECY","142","PI",100,"125","2010-10-01","RUE DE LA LYRE",10.1,8.9,60,"2023-07-27","OUI","01",939009.67,6537346.88,6.0831,45.8938
"74010","6281743","GRAND ANNECY","225","PI",150,"150","2020-12-01","AVENUE DE CHAVOIRES",6.9,6.6,60,"2023-01-24","OUI","01",945020.47,6538392.83,6.16109,45.90107
"74010","65109","GRAND ANNECY","226","PI",100,"100","2021-07-29","AVENUE DE CHAVOIRES",8,6.6,60,"2023-01-23","OUI","01",944898.09,6538773.7,6.15971,45.90454
"74010","6282574","GRAND ANNECY","226BIS","PI",100,"125","2021-12-09","AVENUE DE CHAVOIRES",6.6,5.7,60,"2023-01-17","OUI","01",944805.73,6538920.25,6.1586,45.90589
"74010","65110","GRAND ANNECY","227","PI",100,NULL,"1984-01-01","RUE DE LA SOURCE",6.8,5.6,60,"2023-01-17","OUI","01",944929.77,6538867.03,6.16017,45.90537
"74010","65111","GRAND ANNECY","228","PI",65,"80","1994-01-01","RUE DE LA TOUR",5.3,1.8,60,"2023-01-23","OUI","05",945011.11,6538925.57,6.16124,45.90587
"74010","64364","GRAND ANNECY","229","PI",100,"100","1997-01-01","RUE DU RAMPONNET",12,7.9,60,"2023-01-17","OUI","05",945060.08,6539013.41,6.16192,45.90664
"74010","64366","GRAND ANNECY","230","PI",100,"100","1996-01-01","RUE DES MARMOTTES",8.7,6.7,60,"2023-01-17","OUI","05",945202.36,6539149.86,6.16383,45.90782
"74010","65407","GRAND ANNECY","232","PI",100,"100","2010-12-17","RUE DES GROTTES",9.7,6.9,60,"2023-01-17","OUI","01",945168.16,6539002.83,6.16331,45.90651
"74010","65403","GRAND ANNECY","233","PI",100,"125","2012-03-01","RUE DU PONT DE THE",12.6,8.4,60,"2023-01-18","OUI","01",944976.07,6539283.18,6.16098,45.9091
"74010","65404","GRAND ANNECY","234","PI",100,"100",NULL,"RUE DE CHANTELOUP",5.8,3.6,60,"2023-10-18","OUI","05",944979.77,6539197.11,6.16098,45.90832
"74010","65402","GRAND ANNECY","235","PI",100,"125",NULL,"RUE DE VERDUN",6.4,4.6,60,"2023-01-18","OUI","01",944793.96,6539168.76,6.15857,45.90813
"74010","65400","GRAND ANNECY","236","PI",100,"125","2021-12-01","RUE DE VERDUN",5.9,4.8,60,"2023-01-18","OUI","01",944686.05,6539418.69,6.15731,45.91042
"74010","65398","GRAND ANNECY","237","PI",100,"125","2023-03-25","RUE DU PRINTEMPS",5.8,3.5,60,"2023-05-02","OUI","01",944583.92,6539557.24,6.15606,45.91171
"74010","65399","GRAND ANNECY","238","PI",100,"100","1970-01-01","AVENUE DE MONTFLEURY",5.8,4.8,60,"2023-01-24","OUI","05",944672.0,6539728.55,6.15729,45.91321
"74010","65401","GRAND ANNECY","239","PI",100,NULL,"1976-01-01",NULL,4.2,3.3,60,"2023-01-17","OUI","01",944768.41,6539740.51,6.15854,45.91329
"74010","79162","GRAND ANNECY","239BIS","PI",100,NULL,"2009-09-11","RUE DE LA BARALLAZ",10.1,8.4,60,"2023-01-17","OUI","01",944836.45,6539814.52,6.15945,45.91393
"74010","80298","GRAND ANNECY","240","PI",100,"125","2005-12-01","RUE DU PONT DE THE",10.5,8,60,"2023-01-17","OUI","05",944881.44,6539581.02,6.15991,45.91181
"74010","65405","GRAND ANNECY","241","PI",100,"100","1982-01-01","JARDINS D ARCANA (RUE DES)",7.8,4.8,60,"2023-01-24","OUI","05",945039.66,6539623.75,6.16197,45.91214
"74010","80869","GRAND ANNECY","242","PI",100,"125","1968-01-01","DOMAINE DE LA JONQUIERE",10.4,7.6,60,"2023-01-18","OUI","01",944983.8,6539437.02,6.16116,45.91048
"74010","79872","GRAND ANNECY","243","PI",100,"100","1980-01-01","RUE DE LA BARALLAZ",11.2,6.1,60,"2023-01-17","OUI","05",944989.85,6539917.9,6.16148,45.9148
"74010","74918","GRAND ANNECY","244","PI",100,"100","1982-01-01","RUE DE LA BARALLAZ",7.5,5.4,60,"2023-01-17","OUI","05",945115.25,6539701.24,6.16299,45.91281
"74010","79873","GRAND ANNECY","245","PI",100,"100","1983-01-01","RUE DE LA BARALLAZ",4.5,3,60,"2023-01-17","OUI","05",945270.1,6539524.86,6.16489,45.91117
"74010","65408","GRAND ANNECY","246","PI",100,"100",NULL,"RUE DE LA BARALLAZ",5.8,4,60,"2023-01-17","OUI","01",945229.14,6539412.32,6.16431,45.91017
"74010","65406","GRAND ANNECY","246BIS","PI",100,"100","1987-01-01","GUILLAUME APPOLINAIRE (RUE)",12.5,11.9,60,"2023-01-17","OUI","05",945112.59,6540022.36,6.16312,45.9157
"74010","65342","GRAND ANNECY","247","PI",100,"125","2023-03-25","RUE DU PRINTEMPS",6.1,4.1,60,"2023-05-02","OUI","01",944484.93,6539525.05,6.15477,45.91145
"74010",NULL,"GRAND ANNECY","248","PI",150,"160","2023-10-16","RUE DU PRINTEMPS",6.3,5,120,"2024-02-13","OUI","01",944404.13,6539507.62,6.15372,45.91132
"74010","75050","GRAND ANNECY","249","PI",100,"125","2023-03-25","RUE DU PRINTEMPS",6.3,6,60,"2023-05-02","OUI","01",944291.61,6539453.28,6.15224,45.91087
"74010","75051","GRAND ANNECY","249BIS","PI",100,"100","1989-01-01","RUE DU PRE D AVRIL",6.5,5.6,60,"2023-03-21","OUI","01",944228.25,6539451.19,6.15143,45.91088
"74010","79874","GRAND ANNECY","250","PI",100,"100","1971-01-01","RUE DES MOUETTES",6.6,5.7,60,"2023-03-22","OUI","05",944254.43,6539305.77,6.15169,45.90956
"74010","65330","GRAND ANNECY","250BIS","PI",100,"100","2007-04-02","RUE DE VENETIE",6.6,5.9,60,"2023-03-22","OUI","05",944098.04,6539500.23,6.14977,45.91137
"74010","65331","GRAND ANNECY","251","PI",100,"100","1966-01-01","RUE DU PRE D AVRIL",6.7,5.7,60,"2023-03-22","OUI","05",944085.49,6539342.75,6.14953,45.90995
"74010","65332","GRAND ANNECY","252","PI",100,"100","1965-01-01","RUE DU PRE D AVRIL",6.6,5.2,60,"2023-03-22","OUI","01",944033.53,6539274.1,6.14882,45.90936
"74010","65104","GRAND ANNECY","253","PI",100,"125","2015-11-01","RUE CENTRALE",6.7,5.8,60,"2023-03-22","OUI","01",943851.45,6538962.01,6.14632,45.90661
"74010","65105","GRAND ANNECY","254","PI",100,"100","1973-01-01","AVENUE DU PETIT PORT",4.2,3.5,60,"2023-03-22","OUI","05",943934.39,6538777.76,6.14729,45.90492
"74010","78841","GRAND ANNECY","254BIS","PI",100,"125","2007-12-01","AVENUE DU PETIT PORT",3.9,1.6,60,"2023-03-22","OUI","01",944312.46,6538864.65,6.15221,45.90557
"74010","65106","GRAND ANNECY","255","PI",100,"100","1969-01-01","RUE CENTRALE",6.8,6.2,60,"2023-03-22","OUI","05",944058.34,6539000.65,6.149,45.90689
"74010","65108","GRAND ANNECY","256","PI",100,"100","1970-01-01","RUE CENTRALE",7.2,6.2,60,"2023-03-22","OUI","01",944458.58,6539017.75,6.15417,45.9069
"74010","65107","GRAND ANNECY","257","PI",100,"100","2020-02-12","RUE DES ECUREUILS",6.7,5.9,60,"2023-03-22","OUI","01",944271.05,6539071.96,6.15178,45.90745
"74010","65334","GRAND ANNECY","258","PI",100,"100","2020-07-09","RUE DES ECUREUILS",6.6,5.4,60,"2023-03-22","OUI","01",944214.32,6539196.36,6.15111,45.90859
"74010","82816","GRAND ANNECY","258BIS","PI",100,"125","2020-02-12","RUE DES ECUREUILS",6.5,5.5,60,"2023-03-22","OUI","01",944182.75,6539297.67,6.15076,45.90951
"74010","65173","GRAND ANNECY","259","PI",100,"100",NULL,"RUE DU PRE VERNET",6.8,4.9,60,"2023-03-22","OUI","01",944547.2,6539204.0,6.15541,45.90854
"74010","80236","GRAND ANNECY","260","PI",100,NULL,"1976-01-01","RUE CENTRALE",6.5,5.2,60,"2023-03-22","OUI","05",944577.05,6538995.82,6.15569,45.90666
"74010","65174","GRAND ANNECY","261","PI",100,"125","1981-01-01","RUE DU VY ELEVE",6.9,6,60,"2023-03-22","OUI","05",944376.82,6539198.11,6.15321,45.90855
"74010","65336","GRAND ANNECY","262","PI",100,"100","1973-01-01","RUE DU TALABAR",6.7,5.7,60,"2023-03-24","OUI","05",944297.72,6539218.38,6.1522,45.90876
"74010","79037","GRAND ANNECY","263","PI",100,"100","2022-11-16","RUE DU PRE LONGE",6.8,5.7,60,"2023-03-24","OUI","01",944337.26,6539290.12,6.15275,45.90939
"74010","65103","GRAND ANNECY","264","PI",100,"100","1970-01-01","RUE DES FOULQUES",6.8,4.6,60,"2023-03-24","OUI","01",943850.85,6539081.73,6.14637,45.90769
"74010","80868","GRAND ANNECY","265","PI",100,"125","1970-01-01","RUE DES CYGNES",6.9,5.9,60,"2023-03-24","OUI","01",943797.13,6539189.43,6.14573,45.90868
"74010","65341","GRAND ANNECY","265BIS","PI",100,"100","1994-01-01","RUE DES MOUETTES",6.9,5.5,60,"2023-03-09","OUI","05",944493.47,6539625.33,6.15493,45.91235
"74010","65329","GRAND ANNECY","266","PI",100,NULL,NULL,"RUE DU CAPITAINE BAUD",5.8,5,60,"2023-03-09","OUI","01",944042.37,6539979.18,6.1493,45.9157
"74010","80288","GRAND ANNECY","267","PI",100,"100","1995-01-01","RUE DU CAPITAINE BAUD",5.6,4.7,60,"2023-03-09","OUI","01",944170.82,6539896.29,6.15091,45.9149
"74010","65339","GRAND ANNECY","268","PI",100,"100","1983-01-01","ALLEE LA MARJOLAINE",6,4.7,60,"2023-03-24","OUI","01",944390.78,6539715.54,6.15366,45.9132
"74010","65335","GRAND ANNECY","269","PI",100,"100",NULL,"RUE DU CAPITAINE BAUD",5.7,4.9,60,"2023-03-24","OUI","01",944261.62,6539850.2,6.15206,45.91446
"74010","65325","GRAND ANNECY","269BIS","PI",100,"100","1980-01-01","ALLEE DU CHAMP DE MAIS",6,5.2,60,"2023-03-09","OUI","01",943965.58,6539925.0,6.14828,45.91524
"74010","65333","GRAND ANNECY","270","PI",100,"100",NULL,"RUE DE LA PESSE",5,2.9,60,"2023-02-06","OUI","01",944208.45,6540120.05,6.15151,45.9169
"74010","65338","GRAND ANNECY","270BIS","PI",100,"100","1972-01-01","RUE DES HAIES VIVES",9.6,8.7,60,"2023-02-06","OUI","05",944155.93,6540231.24,6.15089,45.91792
"74010","65328","GRAND ANNECY","271","PI",100,"125","2006-07-27","CHEMIN DU BRAY",5.5,4.5,60,"2023-03-24","OUI","01",944083.34,6540090.33,6.14989,45.91668
"74010","63510","GRAND ANNECY","271BIS","PI",100,"110","2008-06-18","ALLEE DU TENAILLER",3.8,2.4,60,"2017-04-19","OUI","05",944390.93,6540082.17,6.15385,45.9165
"74010","80289","GRAND ANNECY","272","PI",100,"100","2021-08-19","RUE DE LA PESSE",9.1,7.8,60,"2023-02-06","OUI","01",944526.05,6540188.71,6.15564,45.91741
"74010","64658","GRAND ANNECY","273BIS","PI",100,"110","2006-08-07","ALLEE LOUIS DE BROGLIE",12.6,11.5,60,"2023-02-06","OUI","05",944624.12,6540501.21,6.15707,45.92018
"74010","64656","GRAND ANNECY","273TER","PI",100,"100","1994-01-01","CHEMIN DE BELLEVUE",14.3,12.8,60,"2023-02-06","OUI","05",944629.94,6540369.33,6.15708,45.919
"74010","64660","GRAND ANNECY","274","PI",100,"100","1972-01-01","ALLEE FRANCOIS VILLON",11.7,10.5,60,"2023-02-09","OUI","05",944919.95,6540497.89,6.16088,45.92005
"74010","78504","GRAND ANNECY","274BIS","PI",100,"110","2005-07-20","CHEMIN DE BELLEVUE",12.5,11.6,60,"2023-02-06","OUI","01",944841.82,6540448.6,6.15985,45.91963
"74010","64214","GRAND ANNECY","275","PI",100,"100","1983-01-01","CHEMIN DE LA THUILLERE",10,8.2,60,"2019-09-03","OUI","05",945163.52,6540610.48,6.16408,45.92097
"74010","81072","GRAND ANNECY","276","PI",100,"100","1980-01-01","CHEMIN DE BELLEVUE",8.7,7.8,60,"2023-02-06","OUI","05",945281.29,6540645.12,6.16562,45.92124
"74010","80561","GRAND ANNECY","276BIS","PI",100,"100","2007-04-12","CLOS RONSARD",9.8,8.3,60,"2023-02-09","OUI","05",945266.08,6540543.22,6.16537,45.92033
"74010","74921","GRAND ANNECY","277","PI",100,"100","1980-01-01","ALLEE CHARLES PEGUY",8.6,7.5,60,"2023-02-09","OUI","05",945388.8,6540574.63,6.16697,45.92057
"74010","64218","GRAND ANNECY","278","PI",100,"100","1972-01-01","CHEMIN DE BELLEVUE",8.8,7.7,60,"2023-02-09","OUI","05",945442.7,6540727.63,6.16774,45.92193
"74010","64356","GRAND ANNECY","279","PI",100,"80",NULL,"CLOS DES GLAISINS",9.8,8.9,60,"2023-02-09","OUI","05",945049.16,6540865.05,6.16274,45.9233
"74010","80157","GRAND ANNECY","280","PI",100,"80","1998-01-01","CLOS DES GLAISINS",9.9,9.6,60,"2023-02-09","OUI","05",944910.01,6540841.78,6.16093,45.92315
"74010","64655","GRAND ANNECY","281","PI",100,"100","1976-01-01","ROUTE DE THONES",11.2,9.1,60,"2023-02-09","OUI","01",944492.9,6541016.97,6.15564,45.92487
"74010","64518","GRAND ANNECY","282","PI",100,"100","1973-01-01","RUE DE LA FRASSE",12.6,11.3,60,"2023-03-27","OUI","01",944219.92,6541219.33,6.15223,45.92679
"74010","64651","GRAND ANNECY","283","PI",100,"100",NULL,"RUE DE LA FRASSE",12.1,9.9,60,"2023-03-27","OUI","05",944346.52,6541466.23,6.15399,45.92897
"74010","79296","GRAND ANNECY","283BIS","PI",100,"100","1986-01-01","CHEMIN DE HAUTEVUE",12.5,11.5,60,"2023-03-27","OUI","05",944357.91,6541005.49,6.1539,45.92482
"74010","81849","GRAND ANNECY","283QTER","PI",65,"60","2000-01-01","ROUTE DE THONES",11.9,4.2,60,"2023-03-27","OUI","05",944609.21,6541102.68,6.15719,45.9256
"74010","64657","GRAND ANNECY","283TER","PI",100,"100","1998-01-01","ROUTE DE THONES",11.7,10.1,60,"2023-03-27","OUI","01",944624.8,6541002.83,6.15734,45.9247
"74010","80121","GRAND ANNECY","284","PI",100,"100","1981-01-01","LACHAT (RUE DU)",13,11.8,60,"2023-03-27","OUI","05",944108.39,6541139.69,6.15075,45.92611
"74010","74919","GRAND ANNECY","284BIS","PI",100,NULL,"1990-01-01","ALLEE DES QUATRE VENTS",8.3,6.4,60,"2023-03-27","OUI","05",945726.82,6540775.84,6.17143,45.92226
"74010","64221","GRAND ANNECY","285","PI",100,"100","1978-01-01","ALLEE DE LA GRANGETTE",8.4,6.4,60,"2023-03-27","OUI","01",945894.36,6540886.13,6.17364,45.92319
"74010","64301","GRAND ANNECY","286","PI",100,NULL,"1980-01-01","ROUTE DE THONES",7.4,5.7,60,"2023-03-27","OUI","01",946079.13,6540789.63,6.17598,45.92225
"74010","78647","GRAND ANNECY","286BIS","PI",100,"100","2005-12-01","CHEMIN DE COMBADIEU",4.4,2.6,60,"2023-03-27","OUI","05",946581.09,6540572.84,6.18234,45.92012
"74010","64358","GRAND ANNECY","287","PI",100,"100","1968-01-01","N°16 (ROUTE DEPARTEMENTALE)",4.8,4.3,60,"2023-03-27","OUI","05",946984.85,6540396.78,6.18745,45.91839
"74010","80865","GRAND ANNECY","287BIS","PI",100,"100","1991-01-01","RUE CHANTERELLE",7.2,6,60,"2023-03-27","OUI","05",945905.75,6540998.06,6.17385,45.92419
"74010","79297","GRAND ANNECY","288","PI",100,"100","1984-01-01","ROUTE DE NAVES",11.5,7.8,60,"2023-03-27","OUI","01",946102.8,6541318.99,6.17656,45.92701
"74010","64222","GRAND ANNECY","289","PI",100,"100","1978-04-07","RUE DU GRAND ESSERT",4.5,3.4,60,"2023-03-28","OUI","01",945913.26,6540543.15,6.17371,45.9201
"74010","6282213","GRAND ANNECY","289BIS","PI",100,"100","2020-02-07","RUE DU PLAN DE SAGRAN",3.4,2.4,60,"2023-03-28","OUI","01",945804.75,6540434.98,6.17226,45.91916
"74010","74920","GRAND ANNECY","290","PI",100,"100","1978-01-01","CHEMIN DES LANCHES",3.8,2.5,60,"2023-03-28","OUI","01",946055.75,6540480.78,6.17552,45.91948
"74010","64357","GRAND ANNECY","291","PI",100,"100","1978-01-01","RUE DU GRAND ESSERT",3.6,2.8,60,"2023-03-28","OUI","01",946373.05,6540551.52,6.17964,45.92001
"74010","79298","GRAND ANNECY","292","PI",100,"100","1997-01-01","RUE DES BOUVIERES",7.5,6.7,60,"2023-03-28","OUI","05",945750.62,6541286.93,6.172,45.92685
"74010","64219","GRAND ANNECY","293","PI",100,"100","1982-01-01","RUE DES BOUVIERES",9.4,8.2,60,"2023-03-28","OUI","05",945534.59,6541338.51,6.16924,45.92739
"74010",NULL,"GRAND ANNECY","293BIS","PI",NULL,"125","2024-04-03",NULL,NULL,NULL,NULL,NULL,"OUI","01",945489.14,6541355.12,6.16866,45.92756
"74010","79137","GRAND ANNECY","294","PI",100,"100","1972-01-01","AVENUE DU PRE DE CHALLES",9.7,8.7,60,"2023-03-28","OUI","01",945449.81,6541483.08,6.16822,45.92872
"74010","64372","GRAND ANNECY","295","PI",100,"100","1982-01-01","AVENUE DU PRE DE CHALLES",9.8,8.9,60,"2023-03-28","OUI","01",945454.34,6541599.73,6.16834,45.92977
"74010","81146","GRAND ANNECY","295BIS","PI",100,"100","1995-01-01","AVENUE DU PRE CLOSET",9.5,8.8,60,"2023-03-29","OUI","05",945581.19,6541628.48,6.16999,45.92998
"74010","74924","GRAND ANNECY","295QTER","PI",100,"100","2000-01-01","IMPASSE DES PRAIRIES",10,8.7,60,"2023-03-29","OUI","01",945476.2,6541928.67,6.16879,45.93272
"74010","74923","GRAND ANNECY","295TER","PI",100,"100","1998-01-01","AVENUE DU PRE CLOSET",9.4,8.8,60,"2023-03-29","OUI","01",945607.88,6541823.82,6.17044,45.93173
"74010","79875","GRAND ANNECY","296","PI",100,"100","1977-01-01","RUE DU PRE FAUCON",9.6,8.6,60,"2023-03-28","OUI","01",945141.93,6541301.58,6.16416,45.9272
"74010","79360","GRAND ANNECY","296BIS","PI",100,"125","2009-12-14","AVENUE DU PRE DE CHALLES",9.7,9,60,"2023-03-28","OUI","01",945147.59,6541227.04,6.16419,45.92653
"74010","64355","GRAND ANNECY","297","PI",100,"100","1977-01-01","RUE DU PRE FAUCON",10.1,9.3,60,"2023-03-28","OUI","05",945038.8,6541425.23,6.16289,45.92835
"74010","65179","GRAND ANNECY","298","PI",100,"100","1984-01-01","RUE DU PRE FAUCON",10.2,9.6,60,"2023-03-28","OUI","01",945068.04,6541590.69,6.16336,45.92983
"74010","65180","GRAND ANNECY","299","PI",100,"100","1984-01-01","RUE DU PRE FAUCON",10.2,9.6,60,"2023-03-28","OUI","05",945226.57,6541751.89,6.16548,45.93122
"74010","64371","GRAND ANNECY","300","PI",100,"100","1980-01-01","RUE DU PRE PAILLARD",9.8,8.9,60,"2023-03-28","OUI","01",945370.88,6541802.94,6.16737,45.93163
"74010","64370","GRAND ANNECY","301","PI",100,"100","1977-01-01","RUE DU PRE PAILLARD",10,8.9,60,"2023-03-28","OUI","05",945269.89,6541528.27,6.16593,45.92919
"74010","","GRAND ANNECY","301BIS","PI",NULL,"100","2024-06-15",NULL,10.2,9,60,"2024-06-15","OUI","01",945146.73,6541498.31,6.16432,45.92897
"74010","74922","GRAND ANNECY","302","PI",100,"100","1973-01-01","AVENUE DU PRE FELIN",10,8,60,"2023-03-28","OUI","01",945343.37,6541333.56,6.16677,45.92741
"74010","64220","GRAND ANNECY","302BIS","PI",100,"100","1978-01-01","RUE DU BULLOZ",9.2,8.2,60,"2023-03-28","OUI","05",945561.91,6541140.16,6.16949,45.9256
"74010","64216","GRAND ANNECY","303","PI",100,"100",NULL,"AVENUE DU PRE FELIN",10.8,10.1,60,"2023-03-28","OUI","05",945364.79,6541192.54,6.16698,45.92614
"74010","64215","GRAND ANNECY","304","PI",100,"100",NULL,"AVENUE DU PRE FELIN",9.4,9.1,60,"2023-03-28","OUI","05",945270.96,6540990.53,6.16566,45.92435
"74010","64511","GRAND ANNECY","305","PI",100,"100","1973-01-01","LACHAT (RUE DU)",12.5,11.9,60,"2023-03-07","OUI","01",944032.64,6541153.68,6.14978,45.92627
"74010","64512","GRAND ANNECY","306","PI",100,"100",NULL,"RUE DE L ARC EN CIEL",7,5.4,60,"2023-03-29","OUI","05",944051.13,6541032.5,6.14996,45.92517
"74010","64515","GRAND ANNECY","307","PI",100,"100",NULL,"RUE DE L ARC EN CIEL",6,5.3,60,"2023-01-31","OUI","05",944129.71,6540919.22,6.15091,45.92412
"74010","64513","GRAND ANNECY","308","PI",100,"100","1987-01-01","CLOS DES TROLLES",5.8,4.9,60,"2023-03-29","OUI","05",944094.12,6540805.69,6.15039,45.92311
"74010","64517","GRAND ANNECY","308BIS","PI",100,NULL,"1981-01-01","PONCHY (ALLEE DU)",5.8,5.1,60,"2023-03-29","OUI","05",944154.63,6541011.35,6.15128,45.92494
"74010","64516","GRAND ANNECY","308TER","PI",100,"100","1988-01-01","CLOS DES CAMPANULES",7.1,4.2,60,"2023-03-29","OUI","05",943954.87,6540825.93,6.14861,45.92335
"74010","64519","GRAND ANNECY","309","PI",100,"100",NULL,"RUE DE L ARC EN CIEL",6,4.8,60,"2019-09-19","OUI","05",944178.29,6540760.16,6.15146,45.92267
"74010","64652","GRAND ANNECY","310","PI",100,"100","1974-01-01","CHEMIN DES CHAPELAINES",6.9,5.5,60,"2023-01-31","OUI","05",944325.92,6540693.26,6.15332,45.92202
"74010","64653","GRAND ANNECY","311","PI",100,"100","1979-01-01","RUE DE L ARC EN CIEL",7.1,5.8,60,"2023-01-31","OUI","05",944426.22,6540464.84,6.1545,45.91993
"74010","64654","GRAND ANNECY","312","PI",100,"100","1974-01-01","CHEMIN DU BRAY",10.9,7,60,"2023-01-31","OUI","05",944412.08,6540319.3,6.15424,45.91862
"74010","79138","GRAND ANNECY","313","PI",100,"100","2016-01-01","CHEMIN DU BRAY",10.2,9.9,60,"2023-01-31","OUI","01",944285.95,6540361.4,6.15264,45.91905
"74010","65337","GRAND ANNECY","313BIS","PI",100,"100",NULL,"CHEMIN DU BRAY",11.8,9.4,60,"2023-01-31","OUI","05",944201.32,6540318.46,6.15152,45.91869
"74010","6281618","GRAND ANNECY","314","PI",100,"125","2018-09-01","ALLEE DU GRAND MONTOIR",3.6,2,60,"2023-01-29","OUI","01",943677.53,6541100.75,6.14517,45.92592
"74010","79876","GRAND ANNECY","315","PI",100,"100",NULL,"RUE DU PRE DE LA SALLE",6.5,3.7,60,"2023-03-31","OUI","05",943910.58,6540316.35,6.14778,45.91878
"74010","64509","GRAND ANNECY","316","PI",100,"100","2019-10-29","ALLEE DES CHAPELAINES",9.3,7.6,60,"2023-03-31","OUI","01",944012.14,6540390.78,6.14912,45.91941
"74010","64510","GRAND ANNECY","317","PI",100,"100","1973-01-01","ALLEE DES SAINFOINS",8.5,6.9,60,"2023-03-31","OUI","01",943962.62,6540563.4,6.14857,45.92098
"74010","64514","GRAND ANNECY","318","PI",100,"100","1983-01-01","ALLEE DES COQUELICOTS",7,5.4,60,"2023-03-31","OUI","05",944076.46,6540601.6,6.15006,45.92128
"74010","82686","GRAND ANNECY","319","PI",100,"100",NULL,"CHEMIN DES CHAPELAINES",5,3.5,60,"2023-03-31","OUI","05",944609.93,6540770.17,6.15703,45.92261
"74010","64659","GRAND ANNECY","320","PI",100,"100","2005-08-16","CHEMIN DES CHAPELAINES",4.6,3.5,60,"2023-03-30","OUI","01",944755.1,6540762.37,6.15889,45.92249
"74010","79139","GRAND ANNECY","321","PI",100,"100","1973-01-01","AVENUE GENERAL DE GAULLE",5.6,4.5,60,"2023-03-30","OUI","05",943751.78,6540991.64,6.14608,45.92491
"74010","80114","GRAND ANNECY","322","PI",100,"100","1985-01-01","ROUTE DE PROVINS",9.2,8.4,60,"2023-03-30","OUI","05",943812.19,6541287.57,6.14701,45.92755
"74010","78646","GRAND ANNECY","322BIS","PI",100,"110","2005-12-07","ROUTE DE PROVINS",9.3,7.7,60,"2023-03-30","OUI","05",943833.39,6541522.7,6.1474,45.92966
"74010","80246","GRAND ANNECY","323","PI",100,"100","1980-01-01","ROUTE DE PROVINS",10.8,8,60,"2023-03-30","OUI","01",943898.95,6541821.44,6.1484,45.93232
"74010","65177","GRAND ANNECY","324","PI",100,"100","2020-02-18","ROUTE DE PROVINS",12.2,8,60,"2023-03-30","OUI","01",944188.24,6541906.06,6.15217,45.93298
"74010","65178","GRAND ANNECY","325","PI",100,NULL,"1974-01-01","ROUTE DE PROVINS",13.7,9.7,60,"2023-03-30","OUI","01",944321.75,6541989.07,6.15394,45.93368
"74010","79843","GRAND ANNECY","325BIS","PI",100,NULL,"2009-09-11","IMPASSE DES PRAIRIES",10.1,9.7,60,"2023-03-29","OUI","01",945327.1,6542227.52,6.16703,45.93546
"74010","64508","GRAND ANNECY","326","PI",100,"100","1976-01-01","CHEMIN DE SAINTE ANNE",9.6,8.3,60,"2023-03-29","OUI","05",943872.39,6540499.96,6.14738,45.92044
"74010","64424","GRAND ANNECY","327","PI",100,"100","1976-01-01","CHEMIN DE SAINTE ANNE",9.1,8,60,"2023-03-29","OUI","05",943774.11,6540379.18,6.14605,45.91939
"74010","64420","GRAND ANNECY","328","PI",100,"100","1972-01-01","RUE DE LA COUR",8.2,6.9,60,"2023-02-01","OUI","01",943605.44,6540524.83,6.14395,45.92076
"74010","80867","GRAND ANNECY","329","PI",100,"100","1986-01-01","RUE DE LA COUR",7.9,6.4,60,"2019-09-30","OUI","05",943503.17,6540552.53,6.14264,45.92105
"74010","79930","GRAND ANNECY","330","PI",100,"100","1972-01-01","RUE DE LA COUR",8.2,6.7,60,"2023-02-01","OUI","01",943357.49,6540510.5,6.14074,45.92072
"74010","64419","GRAND ANNECY","331","PI",100,"100","1975-01-01","RUE DE LA COUR",7.8,6.5,60,"2023-02-01","OUI","05",943582.93,6540671.87,6.14373,45.92209
"74010","64423","GRAND ANNECY","332","PI",100,"100","1972-01-01","RUE DE LA COUR",7.5,5.3,60,"2023-02-01","OUI","05",943773.82,6540851.41,6.14629,45.92364
"74010","79140","GRAND ANNECY","333","PI",100,"100","1980-01-01","LACHAT (CHEMIN DU)",8.3,6,60,"2023-02-01","OUI","05",943784.71,6540721.03,6.14636,45.92246
"74010","64425","GRAND ANNECY","333BIS","PI",100,"100","1980-01-01","AVENUE GENERAL DE GAULLE",12.2,10.8,60,"2023-02-01","OUI","05",943868.5,6541053.62,6.14761,45.92543
"74010","79931","GRAND ANNECY","334","PI",100,"100","2005-12-01","AVENUE GENERAL DE GAULLE",6.1,4.9,60,"2023-03-29","OUI","05",943612.1,6540920.2,6.14424,45.92432
"74010","81906","GRAND ANNECY","335","PI",100,"100",NULL,"CHEMIN DES BOSSONS",6.7,5.7,60,"2023-02-21","OUI","05",943401.08,6540822.07,6.14147,45.92351
"74010","6281617","GRAND ANNECY","335BIS","PI",100,"125","2016-05-09","RUE GUYNEMER",6.7,5,60,"2023-02-21","OUI","01",943353.88,6540759.33,6.14083,45.92296
"74010","80117","GRAND ANNECY","336","PI",100,"100",NULL,"CHEMIN DES BOSSONS",6.6,5.3,60,"2023-02-21","OUI","05",943346.23,6540947.53,6.14082,45.92466
"74010","64444","GRAND ANNECY","337","PI",100,"100","1983-01-01","RUE JEAN BAUD",6.7,5.2,60,"2023-02-21","OUI","05",943267.62,6541056.54,6.13987,45.92567
"74010","64446","GRAND ANNECY","338","PI",100,"100","1986-01-01","ALLEE DU PERTHUIS",6,4.3,60,"2023-02-21","OUI","05",943364.04,6541109.67,6.14114,45.92611
"74010","64443","GRAND ANNECY","339","PI",100,"100","1971-01-01","RUE JEAN BAUD",11.8,7.5,60,"2023-02-22","OUI","01",943186.27,6541102.7,6.13884,45.92611
"74010","6282511","GRAND ANNECY","339BIS","PI",100,"125","2021-09-30","RUE JEAN BAUD",12.7,10.1,60,"2023-02-22","OUI","01",943128.56,6541327.33,6.13821,45.92815
"74010","64442","GRAND ANNECY","340","PI",100,"100",NULL,"RUE JEAN BAUD",12.3,8.2,60,"2023-02-21","OUI","01",943179.41,6541287.84,6.13885,45.92778
"74010","75174","GRAND ANNECY","340BIS","PI",100,NULL,"1997-01-01","ALLEE DU PRE DU CHENE",12.5,8.2,60,"2023-02-21","OUI","05",943278.38,6541570.93,6.14027,45.93029
"74010","79143","GRAND ANNECY","340TER","PI",100,"100","2010-09-14","ROUTE DES ARGOS",4.8,3.5,60,"2023-02-22","OUI","01",943490.62,6541812.42,6.14313,45.93239
"74010","65176","GRAND ANNECY","341","PI",100,"100","1975-01-01","ROUTE DES ARGOS",4.8,2.9,60,"2023-02-22","OUI","05",943570.54,6541923.39,6.14422,45.93336
"74010","6281609","GRAND ANNECY","341BIS","PI",100,"125","2018-07-03","ALLEE DE LA BELLE ETOILE",12.4,8.7,60,"2023-02-22","OUI","01",943401.94,6541706.91,6.14193,45.93147
"74010","65175","GRAND ANNECY","342","PI",100,"100","1975-01-01","ROUTE DES ARGOS",8.3,5,60,"2023-02-22","OUI","05",943858.22,6542236.42,6.14809,45.93607
"74010","64439","GRAND ANNECY","343","PI",100,"125",NULL,"CHEMIN PLATTON",11.9,10.1,60,"2023-02-22","OUI","05",943162.7,6541065.94,6.13852,45.92579
"74010","64447","GRAND ANNECY","344","PI",100,"125","2022-11-01","CHEMIN DU NANT",6.9,5.4,60,"2023-02-22","OUI","01",943282.63,6540818.56,6.13994,45.92352
"74010","79141","GRAND ANNECY","345","PI",100,"100","1986-01-01","RUE DU COMMANDANT RATEL",7.9,6.3,60,"2023-02-22","OUI","01",943163.63,6540855.44,6.13842,45.9239
"74010","64441","GRAND ANNECY","346","PI",100,"100","1968-01-01","ALLEE DES CEDRES",7.1,6.2,60,"2023-02-22","OUI","01",943142.72,6540924.61,6.13819,45.92453
"74010","107278","GRAND ANNECY","346BIS","PI",100,"125","2013-07-17","ALLEE DES HORTENSIAS",7.9,6.2,60,"2023-02-28","OUI","05",943071.83,6540974.78,6.1373,45.925
"74010","75175","GRAND ANNECY","347","PI",100,"100","1982-01-01","RUE DU QUECHAT",8.8,6.8,60,"2023-02-28","OUI","05",943495.23,6541277.8,6.14291,45.92758
"74010","64448","GRAND ANNECY","348","PI",100,"100","1985-01-01","CHEMIN DU PESSAY",10.7,8.3,60,"2023-02-28","OUI","05",943419.48,6541240.75,6.14192,45.92727
"74010","64422","GRAND ANNECY","348BIS","PI",100,"100","1995-01-01","CHEMIN DES AVELAINES",9.3,7.2,60,"2021-08-03","OUI","05",943763.61,6541418.53,6.14645,45.92875
"74010","83046","GRAND ANNECY","349","PI",100,"100","1966-01-01","AVENUE DES CARRES",6.6,5.9,60,"2023-02-21","OUI","01",943412.23,6539562.07,6.14096,45.91217
"74010","65099","GRAND ANNECY","350","PI",100,"100","2006-03-01","AVENUE DES CARRES",6.2,5.7,60,"2015-05-20","OUI","05",943588.77,6539703.7,6.14331,45.91338
"74010","65259","GRAND ANNECY","351","PI",100,"100","2022-02-22","AVENUE DES CARRES",6.3,5.7,60,"2023-01-30","OUI","01",943700.35,6539821.57,6.14481,45.9144
"74010","65265","GRAND ANNECY","352","PI",100,"100",NULL,"RUE JEAN MERMOZ",6.1,5,60,"2023-01-30","OUI","01",943865.17,6539986.61,6.14702,45.91583
"74010","65262","GRAND ANNECY","352BIS","PI",100,"100","1989-01-01","ALLEE JEAN MONNET",6.2,5.8,60,"2023-01-30","OUI","05",943736.5,6539968.47,6.14535,45.91571
"74010","79932","GRAND ANNECY","353","PI",100,"125","2012-04-17","RUE JEAN MERMOZ",3.2,2.2,60,"2023-01-30","OUI","01",943625.3,6540250.53,6.14406,45.91829
"74010","64421","GRAND ANNECY","354","PI",100,"100","1973-01-01","RUE DU PRE DE LA DANSE",8.5,7.6,60,"2023-01-30","OUI","05",943625.76,6540362.56,6.14413,45.9193
"74010","64418","GRAND ANNECY","355","PI",100,"100",NULL,"RUE ANTOINE DE SAINT EXUPERY",8.8,7.7,60,"2023-01-30","OUI","05",943449.75,6540386.2,6.14187,45.91957
"74010","64440","GRAND ANNECY","356","PI",100,"100","1983-01-01","RUE ANTOINE DE SAINT EXUPERY",8.7,7.4,60,"2023-02-28","OUI","05",943080.56,6540692.13,6.13727,45.92246
"74010","79767","GRAND ANNECY","356BIS","PI",100,"125","2009-05-12","RUE ANTOINE DE SAINT EXUPERY",9.3,8.1,60,"2023-02-28","OUI","05",943030.26,6540579.72,6.13656,45.92146
"74010","80116","GRAND ANNECY","357","PI",100,"100",NULL,"RUE ANTOINE DE SAINT EXUPERY",8,7.1,60,"2017-04-11","OUI","01",943134.93,6540646.01,6.13794,45.92202
"74010","64445","GRAND ANNECY","358","PI",100,"100","1984-01-01","ALLEE BLERIOT",8.4,7,60,"2023-02-28","OUI","05",943234.46,6540516.63,6.13916,45.92082
"74010","81519","GRAND ANNECY","359","PI",100,"100",NULL,"ROUTE DE PRINGY",8.7,7.7,60,"2023-02-28","OUI","05",943009.16,6540818.58,6.13641,45.92362
"74010","98649","GRAND ANNECY","360","PI",100,"100","1967-01-01","ROUTE DE PRINGY",8.8,7.3,60,"2023-02-28","OUI","05",942890.81,6540922.75,6.13494,45.9246
"74010","64432","GRAND ANNECY","363","PI",100,"125","1981-01-01","ROUTE DE PRINGY",8.3,7.2,60,"2023-02-28","OUI","01",942679.45,6541063.08,6.13229,45.92594
"74010","79933","GRAND ANNECY","364","PI",100,"100","2007-09-11","ROUTE DE PRINGY",8.6,7.2,60,"2023-02-28","OUI","05",942773.03,6540992.98,6.13346,45.92527
"74010","64431","GRAND ANNECY","365","PI",100,"125",NULL,"ROUTE DE PRINGY",9,7.5,60,"2023-02-28","OUI","01",942589.23,6541149.54,6.13117,45.92675
"74010","80109","GRAND ANNECY","365BIS","PI",100,"100",NULL,"ROUTE DE PRINGY",3.6,3.1,60,"2023-03-01","OUI","05",942380.72,6541220.85,6.12851,45.92746
"74010","94144","GRAND ANNECY","365QTER","PI",100,"125","2012-04-12","ALLEE DU PRESSOIR",3.3,2.3,60,"2023-03-01","OUI","01",942457.29,6541267.23,6.12953,45.92785
"74010","82672","GRAND ANNECY","365TER","PI",100,"110","2004-11-22","ROUTE DE PRINGY",3.9,2.6,60,"2023-03-01","OUI","01",942244.98,6541297.03,6.1268,45.9282
"74010","64430","GRAND ANNECY","366","PI",100,"100",NULL,"CHEMIN DU PIOU",8.2,5.4,60,"2023-03-29","OUI","05",942552.02,6541413.69,6.13082,45.92914
"74010","75176","GRAND ANNECY","366BIS","PI",100,NULL,"2000-01-01","IMPASSE DES BATY",9,7.2,60,"2023-03-29","OUI","05",942614.49,6541210.64,6.13152,45.92729
"74010","63695","GRAND ANNECY","366QTER","PI",100,"125","2008-02-05","ALLEE DU PRESSOIR",3.1,2.5,60,"2023-03-01","OUI","05",942397.86,6541321.37,6.12879,45.92836
"74010","63509","GRAND ANNECY","366TER","PI",100,"125","2007-07-30","MANOIR (ALLEE DU)",3.6,3.1,60,"2023-03-01","OUI","05",942311.56,6541320.39,6.12767,45.92838
"74010","75173","GRAND ANNECY","367","PI",100,"100","1969-01-01","ROUTE DU PERIMETRE",5.8,4.2,60,"2023-04-04","OUI","05",942312.86,6540926.2,6.12749,45.92484
"74010","64375","GRAND ANNECY","368QTER","PI",100,"125",NULL,"RUE DU PONT ROMAIN",5.7,4.2,600,"2023-03-01","OUI","05",942268.85,6541196.75,6.12706,45.92729
"74010","75171","GRAND ANNECY","368TER","PI",100,"100","1996-01-01","RUE DU PONT ROMAIN",5.6,4.1,60,"2023-03-01","OUI","05",942367.71,6541022.78,6.12825,45.92569
"74010","75172","GRAND ANNECY","369","PI",100,"100","1980-01-01","ALLEE DU COTEAU",4.6,3.2,60,"2019-09-12","OUI","05",942381.56,6541144.44,6.12849,45.92678
"74010","64373","GRAND ANNECY","369BIS","PI",100,"100","2011-12-15","CHEMIN DES CARRIERES",7.1,6.6,60,"2023-04-04","OUI","01",941799.48,6541071.37,6.12094,45.92633
"74010","80925","GRAND ANNECY","370","PI",100,"100",NULL,"CHEMIN DU GENIE MILITAIRE",6.2,1,42,"2023-04-04","OUI","01",941887.76,6540812.08,6.12195,45.92396
"74010","6282023","GRAND ANNECY","370BIS","PI",100,"125","2019-08-12","CHEMIN DE VIRE MOULIN",5.8,5.4,60,"2023-04-04","OUI","01",941983.55,6541041.44,6.1233,45.92599
"74010","6282163","GRAND ANNECY","370QTER","PI",100,"125","2019-01-01","CHEMIN DES CARRIERES",6.2,5.5,60,"2023-04-04","OUI","01",941931.0,6541000.77,6.1226,45.92564
"74010","6281972","GRAND ANNECY","370TER","PI",100,"125","2019-08-12","CHEMIN DE VIRE MOULIN",6.3,5.4,60,"2023-04-04","OUI","01",941948.24,6541073.04,6.12286,45.92629
"74010","6281608","GRAND ANNECY","371","PI",100,"125","2017-08-21","RUE DE LA MINOTERIE",7,5.6,60,"2023-04-04","OUI","01",942067.05,6541648.23,6.12469,45.93142
"74010","79142","GRAND ANNECY","371BIS","PI",100,"100","1991-01-01","CHEMIN DES CARRIERES",6,1.2,60,"2023-04-04","OUI","05",941809.68,6540931.95,6.121,45.92507
"74010","6281619","GRAND ANNECY","371QTER","PI",100,"125","2017-05-29","RUE DE LA MINOTERIE",NULL,NULL,NULL,NULL,"OUI","05",942135.08,6541642.0,6.12556,45.93134
"74010","81450","GRAND ANNECY","371TER","PI",100,"110","2008-04-01"," ",6.2,5.4,60,"2023-04-04","OUI","05",941945.43,6541495.5,6.12304,45.93009
"74010","64433","GRAND ANNECY","372","PI",100,"100",NULL,"IMPASSE DES TABLETTES",3.7,2,60,"2023-04-03","OUI","05",942618.04,6540922.0,6.13142,45.92469
"74010","6281820","GRAND ANNECY","372BIS","PI",100,"125","2019-04-28","IMPASSE DES TABLETTES",4.7,3.5,60,"2023-04-03","OUI","01",942538.89,6540853.71,6.13037,45.9241
"74010","64434","GRAND ANNECY","373","PI",100,"100",NULL,"ROUTE DU PERIMETRE",5.6,2.75,60,"2024-04-04","OUI","01",942559.53,6540785.72,6.1306,45.92348
"74010","63827","GRAND ANNECY","374","PI",100,"100","1967-01-01","RUE DES MARTYRS DE LA DEPORTATION",11.2,8.9,60,"2017-05-05","OUI","05",942824.53,6540586.21,6.13391,45.92159
"74010","64438","GRAND ANNECY","375","PI",100,NULL,"1979-01-01","ALLEE BONNE BRISE",10,8.1,60,"2023-04-03","OUI","05",942918.86,6540583.34,6.13513,45.92153
"74010","79935","GRAND ANNECY","376","PI",100,"100","1975-01-01","ALLEE PAUL PATOURAUX",11.2,7.6,60,"2023-04-03","OUI","05",942832.02,6540696.49,6.13407,45.92258
"74010","64178","GRAND ANNECY","376BIS","PI",100,"100","1989-01-01","MONTEE DE NOVEL",5.2,4.6,60,"2023-04-03","OUI","01",942990.27,6540324.37,6.13592,45.91918
"74010","79706","GRAND ANNECY","377","PI",100,"100","1972-01-01","MONTEE DE NOVEL",4.4,3.8,60,"2023-04-03","OUI","05",943068.7,6540345.93,6.13694,45.91935
"74010","64507","GRAND ANNECY","378","PI",100,"100","1972-01-01","MONTEE DE NOVEL",2.5,2.1,60,"2023-04-03","OUI","05",943321.84,6540334.65,6.14019,45.91915
"74010","64359","GRAND ANNECY","379","PI",100,"100","1997-01-01","CHEMIN DU JOULY",5.3,4.4,60,"2023-04-03","OUI","01",943162.44,6540240.92,6.13809,45.91837
"74010","81145","GRAND ANNECY","380","PI",100,"100","1983-01-01","CHEMIN DU JOULY",5,4.4,60,"2023-04-03","OUI","05",943216.82,6540230.88,6.13879,45.91826
"74010","64362","GRAND ANNECY","381","PI",100,"100","1983-01-01","RUE DES FONDEURS PACCARD",5.8,4.5,60,"2023-03-31","OUI","05",943318.36,6540179.76,6.14007,45.91776
"74010","64360","GRAND ANNECY","382","PI",100,"100","1965-01-01","ALLEE DU CHANT DE L HEURE",6.2,4.3,60,"2023-03-31","OUI","05",943269.91,6540147.6,6.13943,45.91749
"74010","64363","GRAND ANNECY","383","PI",100,"100","1972-01-01","CHEMIN DE L ABBAYE",6.1,5,60,"2023-01-30","OUI","05",943379.82,6540066.74,6.1408,45.91672
"74010","65101","GRAND ANNECY","384","PI",100,"100","1973-01-01","RUE DE L ABBATIALE",6.2,4.8,60,"2023-01-30","OUI","01",943570.12,6540062.09,6.14326,45.91661
"74010","64361","GRAND ANNECY","384BIS","PI",100,NULL,"1991-01-01","CHEMIN DE L ABBAYE",5.9,5.6,60,"2023-01-30","OUI","05",943251.12,6540016.78,6.13912,45.91632
"74010","63828","GRAND ANNECY","385","PI",100,NULL,"1972-01-01","CHEMIN DE LA COLLINE",6.4,4.7,60,"2023-03-31","OUI","05",943089.77,6539998.54,6.13703,45.91621
"74010","63579","GRAND ANNECY","385BIS","PI",100,"100","2003-11-13","CHEMIN DES CLOCHES",6.1,5.8,60,"2023-03-07","OUI","01",943243.95,6539811.04,6.13892,45.91447
"74010","65041","GRAND ANNECY","386","PI",100,"100","1970-01-01","RUE DES CARILLONS",6.2,5.7,60,"2023-03-07","OUI","01",943411.39,6539822.48,6.14109,45.91451
"74010","65102","GRAND ANNECY","388","PI",100,"100","1990-01-01","JEAN MONNET (RUE)",6.3,5.5,60,"2023-03-07","OUI","01",943619.1,6539848.59,6.14378,45.91467
"74010","65260","GRAND ANNECY","389","PI",100,"100","2013-11-07","AVENUE DES CARRES",6.3,5.4,60,"2023-03-07","OUI","05",943754.45,6539807.41,6.1455,45.91425
"74010","80257","GRAND ANNECY","390","PI",100,"125","2007-05-23","AVENUE DES CARRES",6.2,5.3,60,"2023-03-07","OUI","05",943829.44,6539758.78,6.14644,45.91379
"74010","65258","GRAND ANNECY","391","PI",100,"100","1973-01-01","CLOS DU BUISSON",6.2,5.6,60,"2023-03-07","OUI","05",943703.77,6539716.39,6.1448,45.91345
"74010","82814","GRAND ANNECY","392","PI",100,"100",NULL,"CLOS DU BUISSON",6.1,5.5,60,"2023-03-07","OUI","05",943647.72,6539611.8,6.14402,45.91253
"74010","65264","GRAND ANNECY","393","PI",100,"100",NULL,"CLOS DU BUISSON",6.4,5.5,60,"2023-03-07","OUI","01",943714.13,6539466.18,6.14481,45.9112
"74010","65263","GRAND ANNECY","394","PI",100,"100","1971-01-01","CLOS DU BUISSON",6.3,5.3,60,"2023-03-07","OUI","05",943790.61,6539497.74,6.14581,45.91145
"74010","65100","GRAND ANNECY","395","PI",80,"80","1970-01-01","PASSAGE DU VERT PRE",6.4,4.2,60,"2023-03-06","OUI","05",943544.52,6539459.02,6.14262,45.91119
"74010","79936","GRAND ANNECY","396","PI",100,"100","1969-01-01","RUE DES CONTAMINES",6.3,5.7,60,"2023-03-06","OUI","05",943546.9,6539545.53,6.14269,45.91197
"74010","65261","GRAND ANNECY","397","PI",100,"125","1966-01-01","RUE DES POMMARIES",6.4,5.9,60,"2023-03-06","OUI","01",943655.82,6539316.66,6.14398,45.90987
"74010","6282648","GRAND ANNECY","397BIS","PI",100,"125","2021-10-05","RUE DES POMMARIES",6.4,5.9,60,"2023-03-06","OUI","01",943622.32,6539342.1,6.14356,45.91011
"74010","65266","GRAND ANNECY","398","PI",100,"110","1966-01-01","RUE DES POMMARIES",6.7,5.9,60,"2023-03-06","OUI","01",943867.76,6539507.29,6.14681,45.91151
"74010","65267","GRAND ANNECY","399","PI",100,"125","2005-12-01","RUE DES COLS VERTS",6.6,5.9,60,"2023-03-06","OUI","01",943771.37,6539400.09,6.14551,45.91058
"74010","107279","GRAND ANNECY","399BIS","PI",100,"100","2003-02-21","RUE DES COLS VERTS",6.1,5.6,60,"2017-05-11","OUI","05",943928.09,6539426.94,6.14754,45.91077
"74010","65268","GRAND ANNECY","400","PI",100,"100","1968-01-01","RUE DES COLS VERTS",6.5,6,60,"2023-03-06","OUI","05",943924.44,6539347.79,6.14746,45.91006
"74010","65324","GRAND ANNECY","401","PI",100,"100",NULL,"RUE DES CHAMPS",6.7,6.1,60,"2023-03-06","OUI","05",943936.37,6539551.68,6.14771,45.91189
"74010","80287","GRAND ANNECY","402","PI",100,"100","2006-12-01","RUE DES CHAMPS",6.5,5.9,60,"2023-03-06","OUI","05",943955.79,6539675.63,6.14803,45.913
"74010","65327","GRAND ANNECY","403","PI",100,"100","1966-01-01","IMPASSE DES VERGERS",6.3,5.7,60,"2023-03-06","OUI","01",944031.72,6539681.99,6.14901,45.91303
"74010","65326","GRAND ANNECY","404","PI",65,"60","1960-01-01","IMPASSE DES VERGERS",6.3,3,60,"2023-03-06","OUI","05",943999.97,6539781.4,6.14865,45.91393
"74010","79707","GRAND ANNECY","405","PI",100,"100","1966-01-01","RUE DES POMMARIES",6.4,5.4,60,"2023-03-07","OUI","01",944161.86,6539788.17,6.15074,45.91393
"74010","63830","GRAND ANNECY","406","PI",100,"100","1965-01-01","RUE DE NARVIK",6.4,5.9,60,"2023-06-06","OUI","10",941912.38,6538924.94,6.12131,45.90697
"74010","63831","GRAND ANNECY","407","PI",100,"100","2014-04-22","AVENUE DE CRAN",6.6,6,60,"2022-12-20","OUI","01",941895.36,6538725.95,6.12098,45.90519
"74010","63832","GRAND ANNECY","408","PI",100,"100","1967-01-01","AVENUE DE CRAN",6.6,6.2,60,"2023-06-06","OUI","10",941786.87,6538743.48,6.1196,45.90538
"74010","63833","GRAND ANNECY","409","PI",100,"100","1993-01-01","RUE LOUIS CHAUMONTEL",6.9,6.2,60,"2022-12-20","OUI","10",941729.25,6538563.28,6.11876,45.90378
"74010","63702","GRAND ANNECY","410","PI",100,"100","1993-01-01","AVENUE BERTHOLLET",6.6,6.2,60,"2023-06-06","OUI","10",941992.09,6538542.46,6.12214,45.9035
"74010","79418","GRAND ANNECY","411","PI",100,"110","2005-12-22","PLACE MARIE CURIE",6.5,5.6,60,"2022-12-20","OUI","05",942058.46,6538492.63,6.12297,45.90303
"74010","63834","GRAND ANNECY","411BIS","PI",100,"125","2019-05-16","AVENUE BOUVARD",6.7,6,60,"2022-12-20","OUI","01",941951.61,6538505.09,6.1216,45.90318
"74010","82664","GRAND ANNECY","412","PI",100,"100","2016-01-01","AVENUE BOUVARD",6.7,6.1,60,"2023-06-06","OUI","01",941728.0,6538438.57,6.11868,45.90266
"74010","63835","GRAND ANNECY","413","PI",100,"125","2011-02-10","RUE DES USINES",6.9,6.1,60,"2022-12-20","OUI","01",941586.61,6538393.94,6.11684,45.90231
"74010","80472","GRAND ANNECY","414","PI",100,"100","2016-01-01","RUE DES USINES",6.6,6,60,"2023-06-06","OUI","01",941382.99,6538343.16,6.11419,45.90193
"74010","63836","GRAND ANNECY","415","PI",100,"110","2006-07-01","AVENUE DES HIRONDELLES",6.9,6,60,"2022-12-20","OUI","01",941582.02,6538577.32,6.11687,45.90396
"74010","81554","GRAND ANNECY","416","PI",100,"110",NULL,"RUE JULES BARUT",6.7,6,60,"2023-06-06","OUI","01",941445.81,6538683.27,6.11517,45.90496
"74010","63837","GRAND ANNECY","417","PI",100,"100","1966-01-01","AVENUE DE CRAN",6.4,6,60,"2022-12-20","OUI","10",941363.25,6538826.17,6.11418,45.90628
"74010","63838","GRAND ANNECY","418","PI",100,"100","1977-01-01","RUE DU CANAL",6.5,6.2,60,"2021-08-23","OUI","01",941222.55,6538658.14,6.11228,45.90482
"74010","63910","GRAND ANNECY","419","PI",100,"100","1976-01-01","RUE AIME LEVET",6.6,6.1,60,"2022-12-20","OUI","01",941483.53,6538828.48,6.11573,45.90626
"74010","63911","GRAND ANNECY","420","PI",100,"100","1994-08-04","AVENUE DE CRAN",6.5,6.1,60,"2023-06-06","OUI","01",941603.59,6538783.96,6.11725,45.90581
"74010","63912","GRAND ANNECY","421","PI",100,"100","2022-07-19","RUE AIME LEVET",6.2,5.9,60,"2022-12-01","OUI","01",941585.61,6539015.42,6.11714,45.9079
"74010","98171","GRAND ANNECY","421BIS","PI",100,"125","2013-03-25","AVENUE DES ILES",6.4,6,60,"2022-12-01","OUI","01",941618.0,6539151.93,6.11763,45.90912
"74010","6282921","GRAND ANNECY","421TER","PI",100,"100","2023-06-01","RUE PAUL CABAUD",6.1,5.8,60,"2023-08-02","OUI","01",941564.83,6539096.48,6.11691,45.90864
"74010","63913","GRAND ANNECY","422","PI",100,"100","1983-01-01","RUE EUGENE VERDUN",6.5,6.1,60,"2023-06-12","OUI","01",941699.2,6538940.1,6.11857,45.90718
"74010","63914","GRAND ANNECY","423","PI",100,"100",NULL,"AVENUE DES ILES",6.3,5.2,60,"2022-12-01","OUI","10",941561.76,6539176.84,6.11691,45.90936
"74010","63915","GRAND ANNECY","424","PI",100,"100","1972-01-01","BOULEVARD DU FIER",6.4,5.6,60,"2023-06-12","OUI","10",941317.69,6539429.88,6.1139,45.91173
"74010","63916","GRAND ANNECY","424BIS","PI",100,"100","1991-01-01","AVENUE DES ILES",8.2,5.7,60,"2023-06-12","OUI","01",941131.02,6539942.85,6.11175,45.91641
"74010","63917","GRAND ANNECY","425","PI",100,"100","1978-01-01","AVENUE DES ROMAINS",6.1,5.1,60,"2022-12-22","OUI","10",941657.57,6539389.81,6.11826,45.91125
"74010","64108","GRAND ANNECY","426","PI",100,"100","1984-01-01","RUE DU BEL AIR",6.2,5.6,60,"2023-06-12","OUI","10",941841.64,6539557.13,6.12072,45.91269
"74010","64109","GRAND ANNECY","427","PI",100,"100","1965-01-01","RUE DU BEL AIR",6.1,5.1,60,"2022-12-22","OUI","10",941991.84,6539693.27,6.12272,45.91386
"74010","64110","GRAND ANNECY","428","PI",100,"100",NULL,"CHEMIN DES FINS NORD",6.4,5.5,60,"2023-06-05","OUI","10",941949.49,6539924.19,6.12229,45.91595
"74010","81062","GRAND ANNECY","428BIS","PI",100,"100","1987-01-01","CHEMIN DES FINS NORD",6.2,5.6,60,"2023-06-05","OUI","10",941912.52,6540074.76,6.12189,45.91732
"74010","64111","GRAND ANNECY","429","PI",100,"100","1970-01-01","RUE LIONEL TERRAY",5.6,5.4,60,"2022-12-07","OUI","10",941858.63,6540254.82,6.12129,45.91896
"74010","6281797","GRAND ANNECY","429BIS","PI",100,"125","2017-08-01","CHEMIN DES FINS NORD",5.6,5.2,60,"2022-12-22","OUI","01",941893.95,6540174.31,6.1217,45.91822
"74010","64113","GRAND ANNECY","430","PI",100,"100","1990-01-01","STADE MUNICIPAL",6.1,5.5,60,"2023-06-05","OUI","01",941566.0,6540130.63,6.11745,45.91794
"74010","6282509","GRAND ANNECY","430BIS","PI",100,"125","2021-07-19","BOULEVARD DU FIER",5.8,4.8,120,"2021-08-10","OUI","01",941507.24,6540060.9,6.11666,45.91734
"74010","64114","GRAND ANNECY","431","PI",100,"100","1965-01-01","AVENUE DU PARC DES SPORTS",6.2,5.2,60,"2022-12-22","OUI","10",941808.9,6539877.49,6.12046,45.91558
"74010","64115","GRAND ANNECY","432","PI",100,"100",NULL,"RUE MARECHAL LECLERC",6.1,5.5,60,"2023-06-12","OUI","10",941783.29,6539708.69,6.12004,45.91407
"74010","6281652","GRAND ANNECY","432BIS","PI",100,"125","2015-04-24","RUE MARECHAL LECLERC",6.1,5.6,60,"2023-06-05","OUI","01",941667.75,6539788.27,6.11859,45.91483
"74010","79372","GRAND ANNECY","433","PI",100,NULL,"1974-01-01","BOULEVARD DE LA ROCADE",6,2.6,60,"2022-12-22","OUI","10",941832.6,6539420.48,6.12053,45.91146
"74010","64188","GRAND ANNECY","433BIS","PI",100,"100","1989-01-01","RUE MARIUS RULLAND",6.1,5.2,60,"2022-12-22","OUI","10",941511.16,6539775.27,6.11657,45.91477
"74010","64189","GRAND ANNECY","434","PI",100,"100","1978-01-01","RUE DU 11E BATAILLON DE CHASSEURS",6,5.6,60,"2023-06-05","OUI","10",941627.62,6539678.13,6.11802,45.91385
"74010","64190","GRAND ANNECY","435","PI",100,"100","1965-01-01","AVENUE DES ROMAINS",6.3,5.3,60,"2022-12-22","OUI","01",941531.19,6539556.61,6.11671,45.91279
"74010","64191","GRAND ANNECY","435BIS","PI",100,"100","1974-01-01","RUE DU 11E BATAILLON DE CHASSEURS",6.1,5.7,60,"2022-12-22","OUI","01",941437.48,6539425.95,6.11544,45.91165
"74010","64192","GRAND ANNECY","436","PI",100,"100","1980-01-01","RUE FRANCOIS LEVEQUE",6,5.4,60,"2023-06-12","OUI","10",941341.28,6539588.43,6.11428,45.91314
"74010","6282557","GRAND ANNECY","436BIS","PI",100,"125","2020-02-20","RUE DE LA CRETE",6.2,5.3,60,"2023-06-12","OUI","01",941309.58,6539663.38,6.11391,45.91383
"74010","80425","GRAND ANNECY","437","PI",100,"125","2010-05-25","RUE MARECHAL LECLERC",5.9,5.3,60,"2022-12-22","OUI","10",941472.72,6539927.71,6.11615,45.91615
"74010","64193","GRAND ANNECY","438","PI",100,"100",NULL,"BOULEVARD DU FIER",61,5.7,60,"2023-06-05","OUI","01",941373.02,6539715.87,6.11476,45.91428
"74010","64194","GRAND ANNECY","439","PI",100,"100",NULL,"BOULEVARD DU FIER",5.6,5,60,"2022-12-07","OUI","01",941654.11,6540266.91,6.11866,45.91914
"74010",NULL,"GRAND ANNECY","439BIS","PI",100,"125","2022-09-29","BOULEVARD DU FIER",5.7,5.4,60,"2022-12-07","OUI","01",941650.45,6540297.53,6.11863,45.91942
"74010","64195","GRAND ANNECY","440","PI",100,"100","1972-01-01","BOULEVARD DU FIER",6.2,5.4,60,"2023-06-12","OUI","10",941817.71,6540475.27,6.12088,45.92096
"74010","64196","GRAND ANNECY","441","PI",100,"100",NULL,"RUE MARIUS VALLIN",5.5,4.8,60,"2022-12-22","OUI","10",941934.24,6540415.0,6.12235,45.92037
"74010","79769","GRAND ANNECY","441BIS","PI",100,"125","2010-01-26","RUE MARIUS VALLIN",5.6,5.1,60,"2022-12-07","OUI","05",941914.78,6540527.58,6.12215,45.92139
"74010","64197","GRAND ANNECY","442","PI",100,"125","2014-11-25","BOULEVARD DU FIER",6.4,5.3,60,"2023-06-13","OUI","01",941973.63,6540650.71,6.12297,45.92248
"74010","64198","GRAND ANNECY","443","PI",100,"100",NULL,"BOULEVARD DU FIER",5.6,4.8,60,"2022-12-22","OUI","05",941950.73,6540654.15,6.12268,45.92252
"74010","128977","GRAND ANNECY","444","PI",100,"125","2014-09-22","AVENUE DE GENEVE",6.3,5.6,60,"2023-06-13","OUI","01",942035.47,6541142.99,6.12402,45.92689
"74010","64374","GRAND ANNECY","444BIS","PI",100,"100",NULL,"AVENUE DE GENEVE",6,5,60,"2023-06-13","OUI","01",942036.18,6541496.85,6.12421,45.93007
"74010","6282510","GRAND ANNECY","444QTER","PI",100,"125","2021-06-16","ROUTE DE PRINGY",5.1,4.7,60,"2021-08-10","OUI","01",942152.73,6541308.08,6.12562,45.92833
"74010","63826","GRAND ANNECY","444TER","PI",100,"100","1991-01-01","ROUTE DE PRINGY",5.6,51,60,"2023-06-13","OUI","05",942129.59,6541344.88,6.12534,45.92867
"74010","64199","GRAND ANNECY","445","PI",100,"100","1969-01-01","AVENUE DE GENEVE",5.5,4.9,60,"2022-12-29","OUI","01",942048.01,6540754.91,6.12399,45.92339
"74010","81070","GRAND ANNECY","446","PI",100,"125","2005-02-01","AVENUE DE GENEVE",6,5.3,60,"2023-06-13","OUI","01",942042.12,6541040.16,6.12406,45.92596
"74010","83052","GRAND ANNECY","447","PI",100,"125","2011-01-01","RUE DE LA COLOMBIERE",5.8,5.2,60,"2022-12-29","OUI","01",942133.04,6541029.93,6.12522,45.92583
"74010","64200","GRAND ANNECY","448","PI",100,"100","1968-01-01","AVENUE DE GENEVE",6.3,5.4,60,"2023-06-13","OUI","01",942025.11,6540879.72,6.12376,45.92452
"74010","80426","GRAND ANNECY","449","PI",100,"100",NULL,"AVENUE DE GENEVE",5.9,5.3,60,"2022-12-29","OUI","01",942033.09,6540678.42,6.12376,45.92271
"74010","64201","GRAND ANNECY","450","PI",100,"100","1977-01-01","ALLEE BERTHE MORISOT",6.3,5.3,60,"2023-06-13","OUI","01",942033.78,6540546.02,6.1237,45.92151
"74010","79453","GRAND ANNECY","451","PI",100,"100","1977-01-01","AVENUE DE GENEVE",5.9,5.2,60,"2022-12-29","OUI","01",942043.26,6540416.48,6.12375,45.92035
"74010","76238","GRAND ANNECY","451BIS","PI",100,"160","2019-10-08","RUE LUCIE AUBRAC",5.7,5.4,60,"2022-12-07","OUI","01",942041.09,6540310.84,6.12367,45.9194
"74010","64202","GRAND ANNECY","452","PI",100,"100","2016-11-10","AVENUE DE GENEVE",6.1,5.4,60,"2023-06-13","OUI","01",942051.42,6540195.84,6.12375,45.91836
"74010","6281651","GRAND ANNECY","452BIS","PI",100,"125","2017-08-01","ALLEE MARIE PARADIS",5.9,5.1,60,"2023-06-13","OUI","01",941967.88,6540212.03,6.12268,45.91853
"74010","6282161","GRAND ANNECY","452TER","PI",100,"125","2019-05-20","ALLEE MARIE PARADIS",5.9,5.2,60,"2023-06-13","OUI","01",941958.19,6540276.72,6.12259,45.91912
"74010","64203","GRAND ANNECY","453","PI",100,"100","1975-01-01","RUE LEO LAGRANGE",6.5,5.8,60,"2022-12-29","OUI","05",942048.18,6540053.18,6.12363,45.91708
"74010","64204","GRAND ANNECY","454","PI",100,"100","2016-11-10","RUE AIME VASCHY",6.3,5.6,60,"2023-06-13","OUI","01",942062.49,6539857.03,6.12372,45.91531
"74010","64205","GRAND ANNECY","455","PI",100,"100","1994-01-01","RUE DES ALPINS",5.9,5.4,60,"2022-12-29","OUI","10",942138.8,6540049.33,6.1248,45.91701
"74010",NULL,"GRAND ANNECY","455BIS","PI",100,"125","2024-02-21","RUE DES ALPINS",5.7,5.3,60,"2024-02-28","OUI","01",942124.66,6539943.49,6.12456,45.91606
"74010","64206","GRAND ANNECY","456","PI",100,"100","2016-01-01","RUE DES ALPINS",6.3,5.3,60,"2023-06-10","OUI","10",942145.01,6539730.44,6.12471,45.91414
"74010","6281604","GRAND ANNECY","456BIS","PI",100,"125","2017-01-11","PASSAGE DU RAMPON",5.9,5.3,60,"2023-06-13","OUI","01",942157.74,6539828.27,6.12493,45.91501
"74010","82709","GRAND ANNECY","457","PI",100,"100",NULL,"RUE DES ALPINS",6.1,5.7,60,"2022-12-29","OUI","10",942168.28,6539552.37,6.12492,45.91253
"74010","82710","GRAND ANNECY","458","PI",100,"100","2023-11-20","RUE DES ALPINS",6,5.5,60,"2024-05-27","OUI","01",942164.39,6539363.72,6.12478,45.91083
"74010","82711","GRAND ANNECY","458BIS","PI",100,"100","1994-01-01","RUE DES ALPINS",6,5.1,60,"2023-06-13","OUI","10",942109.56,6540314.0,6.12456,45.9194
"74010","82712","GRAND ANNECY","459","PI",100,"125",NULL,"AVENUE DE GENEVE",6.1,5.8,60,"2022-12-28","OUI","01",942072.17,6539638.04,6.12373,45.91333
"74010","82713","GRAND ANNECY","460","PI",100,"100","1966-01-01","CHEMIN DES FINS NORD",6.5,5.9,60,"2023-06-13","OUI","10",942056.84,6539473.94,6.12345,45.91186
"74010","82714","GRAND ANNECY","461","PI",100,"125",NULL,"AVENUE DE GENEVE",6.1,5.8,60,"2022-12-28","OUI","01",942093.95,6539417.07,6.1239,45.91134
"74010","82715","GRAND ANNECY","462","PI",100,"125","2018-08-01","AVENUE DE GENEVE",6.4,5.9,60,"2023-06-14","OUI","01",942081.42,6539380.36,6.12372,45.91101
"74010","82716","GRAND ANNECY","463","PI",100,"125","2018-08-01","RUE DES ALPINS",6.4,5.9,60,"2022-06-10","OUI","01",942098.87,6539269.71,6.12388,45.91001
"74010","6281614","GRAND ANNECY","463BIS","PI",100,"100","2015-11-25","RUE JEAN LOUIS GRIVAZ",6.5,5.8,60,"2023-01-10","OUI","05",942202.54,6539245.33,6.12521,45.90975
"74010","78676","GRAND ANNECY","464","PI",100,"110","2007-11-09","RUE JOSEPH DESSAIX",6.3,5.9,60,"2023-06-14","OUI","01",942164.46,6539170.11,6.12468,45.90909
"74010","64139","GRAND ANNECY","464BIS","PI",100,"110","2008-05-06","RUE JOSEPH DESSAIX",6,5.7,60,"2019-06-05","OUI","05",942145.91,6539099.39,6.1244,45.90846
"74010","82717","GRAND ANNECY","465","PI",100,"100","2006-02-28","RUE DE LA LIBERATION",6.5,5.7,60,"2022-06-07","OUI","05",942210.68,6539062.67,6.12522,45.9081
"74010","81113","GRAND ANNECY","466","PI",100,"125",NULL,"AVENUE DE GENEVE",6.5,5.8,60,"2023-06-14","OUI","01",942113.57,6539008.17,6.12394,45.90765
"74010","6281607","GRAND ANNECY","466BIS","PI",100,"125","2017-05-30","AVENUE DE GENEVE",6.5,6,60,"2023-06-14","OUI","05",942092.42,6538958.57,6.12364,45.90721
"74010","82576","GRAND ANNECY","467","PI",100,"125","2018-08-01","RUE JOSEPH DESSAIX",6.7,6,60,"2022-06-10","OUI","01",942115.73,6538810.24,6.12387,45.90587
"74010","82718","GRAND ANNECY","468","PI",100,"100",NULL,"RUE CARNOT",6.8,6,60,"2023-06-14","OUI","01",942129.38,6538759.24,6.12402,45.9054
"74010","82719","GRAND ANNECY","468BIS","PI",100,"100",NULL,"RUE CARNOT",6.6,6.4,60,"2021-08-30","OUI","10",942124.68,6538716.38,6.12394,45.90502
"74010","82720","GRAND ANNECY","469","PI",100,"110","2006-11-01","RUE CARNOT",6.6,6.1,60,"2023-01-10","OUI","10",942163.47,6538651.85,6.1244,45.90443
"74010","82721","GRAND ANNECY","470","PI",100,"125","2008-04-10","RUE DES FRANCS TIREURS",6.7,6.3,60,"2023-06-14","OUI","01",942233.39,6538873.8,6.12542,45.9064
"74010","81114","GRAND ANNECY","471","PI",100,"125","2021-07-01","BOULEVARD DECOUZ",6.7,5.4,60,"2022-06-08","OUI","01",941993.64,6538758.35,6.12227,45.90544
"74010","79937","GRAND ANNECY","471BIS","PI",100,"100","2004-01-01","BOULEVARD DECOUZ",6.7,5.4,60,"2023-01-10","OUI","10",941998.32,6538667.03,6.12228,45.90462
"74010","82722","GRAND ANNECY","472","PI",100,"125","2018-03-28","AVENUE DES ROMAINS",6.6,5.8,60,"2023-06-14","OUI","10",942008.28,6539026.88,6.12259,45.90785
"74010","6281605","GRAND ANNECY","472BIS","PI",100,"125","2017-03-30","AVENUE DES ROMAINS",6.5,5.9,60,"2023-06-14","OUI","01",942052.73,6538954.89,6.12313,45.90719
"74010","79454","GRAND ANNECY","473","PI",100,"100","1967-01-01","AVENUE DU PARC DES SPORTS",6.2,5.8,60,"2022-12-01","OUI","10",941945.66,6539132.84,6.12184,45.90883
"74010","6281613","GRAND ANNECY","473BIS","PI",100,NULL,"2012-10-19","CHEMIN DES FINS SUD",6.2,5.9,60,"2022-12-01","OUI","05",941995.62,6539115.79,6.12248,45.90866
"74010","82723","GRAND ANNECY","474","PI",100,"100","1982-01-01","AVENUE DES ROMAINS",6.6,5.9,60,"2023-06-14","OUI","10",941832.86,6539227.27,6.12043,45.90972
"74010","82724","GRAND ANNECY","475","PI",100,"100","1975-01-01","RUE DU FORUM",6.1,5.8,60,"2022-12-01","OUI","10",941941.17,6539352.38,6.12189,45.91081
"74010","79938","GRAND ANNECY","476","PI",100,"100",NULL,"BOULEVARD DE LA ROCADE",6.5,5.8,60,"2023-06-14","OUI","10",941930.62,6539426.88,6.1218,45.91148
"74010","82725","GRAND ANNECY","477","PI",100,"100",NULL,"AVENUE DES ILES",6.1,4.8,60,"2020-12-16","OUI","05",941846.66,6539023.61,6.12051,45.90788
"74010","82727","GRAND ANNECY","478","PI",100,"100",NULL,"RUE CHARLES MARTEAUX",6.8,5.8,60,"2023-06-14","OUI","10",941771.8,6539171.32,6.11962,45.90924
"74010","62946","GRAND ANNECY","478BIS","PI",100,"100","1985-01-01","RUE BURGAT CHARVILLON",6.5,5.7,60,"2023-06-14","OUI","05",941653.55,6539580.84,6.1183,45.91297
"74010","62947","GRAND ANNECY","478TER","PI",100,"125","2016-10-14","AVENUE DES ILES",6.7,5.8,60,"2023-06-14","OUI","01",941794.78,6539066.85,6.11986,45.90829
"74010","62948","GRAND ANNECY","479","PI",100,"100","1990-01-01","RUE DE LA POSTE",3.9,3.3,60,"2022-06-08","OUI","10",942047.95,6538367.81,6.12277,45.90191
"74010","62949","GRAND ANNECY","480","PI",100,"125","1981-01-01","AVENUE DE CHEVENE",4.8,3.6,60,"2023-06-14","OUI","01",941814.64,6538276.31,6.11972,45.90117
"74010","62950","GRAND ANNECY","481","PI",100,"125","2013-04-23","AVENUE DE CHEVENE",4,3.4,60,"2023-01-10","OUI","01",941681.04,6538254.85,6.11798,45.90102
"74010","6281595","GRAND ANNECY","481BIS","PI",100,"125","2012-11-26","RUE DE L INDUSTRIE",3.9,3.3,60,"2023-01-10","OUI","01",941791.5,6538307.86,6.11943,45.90146
"74010","62951","GRAND ANNECY","482","PI",100,"100","1972-01-01","PASSAGE DU THIOU",41,1,32,"2021-10-01","OUI","10",941316.91,6538249.3,6.11329,45.9011
"74010","62952","GRAND ANNECY","482BIS","PI",100,"100","1990-01-01","RUE ANDRE GIDE",4.1,3.3,60,"2021-10-01","OUI","10",941351.51,6538175.84,6.1137,45.90043
"74010","78378","GRAND ANNECY","482TER","PI",100,"100","1991-01-01","RUE ANDRE GIDE",3.9,3.1,60,"2023-06-20","OUI","10",941561.67,6538261.33,6.11645,45.90113
"74010","62953","GRAND ANNECY","483","PI",100,"100",NULL,"AVENUE DU THIOU",4,3.5,60,"2023-01-10","OUI","10",941439.01,6538025.4,6.11475,45.89905
"74010","62954","GRAND ANNECY","484","PI",100,"100","1970-01-01","AVENUE DE LA MANDALLAZ",4.1,3.6,60,"2023-07-03","OUI","10",941529.02,6538007.28,6.1159,45.89885
"74010","62955","GRAND ANNECY","485","PI",100,"100","2016-01-01","PASSAGE DES BERGUES",4.3,3.5,60,"2023-01-10","OUI","10",941774.02,6537931.59,6.11902,45.89808
"74010","62956","GRAND ANNECY","486","PI",100,"100","1950-01-01","AVENUE DE CHAMBERY",4.4,3.5,60,"2023-07-03","OUI","10",941665.68,6537867.22,6.11759,45.89754
"74010","62957","GRAND ANNECY","487","PI",100,"125","2011-01-01","AVENUE DE CHAMBERY",4.1,3.6,60,"2023-01-10","OUI","01",941659.8,6537967.37,6.11756,45.89845
"74010","62896","GRAND ANNECY","488","PI",100,"125",NULL,"AVENUE DU RHONE",3.9,3.7,60,"2023-07-03","OUI","01",941618.61,6538068.19,6.11708,45.89937
"74010","62958","GRAND ANNECY","488BIS","PI",100,"100","1989-01-01","AVENUE DU THIOU",4,3.4,60,"2023-07-03","OUI","01",941520.42,6538150.24,6.11586,45.90014
"74010","81123","GRAND ANNECY","489","PI",100,"100",NULL,"AVENUE D ALERY",4.1,3.7,60,"2023-01-10","OUI","01",941777.0,6538113.06,6.11915,45.89971
"74010","80427","GRAND ANNECY","490","PI",100,NULL,"1974-01-01","RUE SOMMEILLER",3.8,3.1,60,"2023-07-17","OUI","01",941977.14,6538348.82,6.12185,45.90176
"74010","6281594","GRAND ANNECY","490BIS","PI",100,"125","2011-11-01","RUE DE L INDUSTRIE",3.4,3,60,"2023-07-17","OUI","01",941888.55,6538323.05,6.12069,45.90156
"74010","62959","GRAND ANNECY","491","PI",100,"100",NULL,"RUE SAINT FRANCOIS DE SALES",4.1,3.4,60,"2023-01-10","OUI","10",941967.75,6538190.75,6.12164,45.90035
"74010","79455","GRAND ANNECY","492","PI",100,NULL,"1995-01-01","AVENUE DE CHAMBERY",4.2,3.2,60,"2023-07-17","OUI","01",941933.47,6538075.9,6.12114,45.89932
"74010","62960","GRAND ANNECY","493","PI",100,"100","1974-01-01","RUE DE LA GARE",4.4,3.2,60,"2023-01-10","OUI","10",942001.9,6538014.9,6.122,45.89875
"74010","79456","GRAND ANNECY","494","PI",100,NULL,NULL,"AVENUE DE CHAMBERY",4.3,3.1,60,"2023-07-17","OUI","01",941814.85,6538028.64,6.11959,45.89894
"74010","62859","GRAND ANNECY","495","PI",100,"100","1978-01-01","AVENUE DE LOVERCHY",4.1,3.7,60,"2023-01-10","OUI","10",942040.09,6537863.99,6.12241,45.89738
"74010","62961","GRAND ANNECY","496","PI",100,"100",NULL,"AVENUE LUCIEN BOSCHETTI",4.3,3.9,60,"2023-07-05","OUI","10",941924.87,6537760.63,6.12087,45.89649
"74010","62962","GRAND ANNECY","497","PI",100,"100","2009-04-01","CHEMIN DE LA PRAIRIE",4,3.5,60,"2023-01-09","OUI","01",941977.94,6537686.39,6.12152,45.8958
"74010","6282159","GRAND ANNECY","497BIS","PI",100,"125","2019-07-18","AVENUE DU CRET DU MAURE",6.6,4.1,60,"2023-01-09","OUI","01",942249.4,6537632.24,6.12499,45.89522
"74010","79457","GRAND ANNECY","498","PI",100,"100","1965-01-01","RUE DU TRAVAIL",3.9,3.6,60,"2023-07-03","OUI","01",941919.26,6537563.6,6.1207,45.89472
"74010","63032","GRAND ANNECY","499","PI",100,"125","1965-01-01","CHEMIN DE LA PRAIRIE",4.2,3.7,60,"2023-01-09","OUI","01",941917.44,6537402.0,6.12059,45.89327
"74010","79458","GRAND ANNECY","499BIS","PI",100,"100",NULL,"RUE DES JARDINS",4,3.5,60,"2023-01-09","OUI","10",941803.88,6537352.7,6.11911,45.89286
"74010","63033","GRAND ANNECY","500","PI",100,"100","1978-01-01","CHEMIN DE LA PRAIRIE",4.5,3.7,60,"2023-07-05","OUI","01",941942.38,6537196.78,6.12081,45.89141
"74010","63034","GRAND ANNECY","501","PI",100,"100","1978-01-01","AVENUE DE LOVERCHY",4.2,3.7,60,"2023-01-10","OUI","01",941773.9,6537555.34,6.11882,45.8947
"74010","76651","GRAND ANNECY","502","PI",100,"100","2021-08-03","IMPASSE SAINTE CATHERINE",3.8,3.2,60,"2021-08-31","OUI","01",941563.96,6537546.85,6.11611,45.8947
"74010","63035","GRAND ANNECY","503","PI",100,"100",NULL,"AVENUE DE LOVERCHY",4.2,3.6,60,"2023-01-09","OUI","01",941702.77,6537400.97,6.11783,45.89333
"74010","63039","GRAND ANNECY","508","PI",100,"100",NULL,"RUE DE LA CITE",4.3,3.6,60,"2023-07-05","OUI","01",941807.51,6537244.41,6.1191,45.89189
"74010","63040","GRAND ANNECY","509","PI",100,"100","1971-01-01","CHEMIN DE LA PRAIRIE",4.4,3,60,"2022-12-01","OUI","01",941767.09,6536676.82,6.11829,45.8868
"74010","6282815","GRAND ANNECY","509BIS","PI",100,"125","2023-02-22","CHEMIN DE LA PRAIRIE",3.5,1.6,120,"2024-04-18","OUI","01",941814.41,6536763.32,6.11894,45.88756
"74010","63041","GRAND ANNECY","510","PI",100,"100","1971-01-01","CHEMIN DE LA PRAIRIE",4.1,3.7,60,"2023-07-05","OUI","01",941881.53,6536902.36,6.11988,45.88878
"74010","80428","GRAND ANNECY","510BIS","PI",100,NULL,"1986-01-01","CHEMIN DE LA PRAIRIE",4.2,3.7,60,"2023-07-05","OUI","10",941942.81,6537128.65,6.12078,45.8908
"74010","82581","GRAND ANNECY","511","PI",100,"100","1978-01-01","CHEMIN FALQUET",4,3.2,60,"2023-01-10","OUI","01",942148.35,6537042.83,6.12339,45.88995
"74010","63042","GRAND ANNECY","511BIS","PI",100,NULL,"1991-01-01","ROUTE DE VOVRAY",13.8,13.1,60,"2023-01-11","OUI","10",942115.61,6536921.36,6.1229,45.88887
"74010","63043","GRAND ANNECY","512","PI",100,"100",NULL,"ROUTE DE VOVRAY",4.2,3.2,60,"2021-08-30","OUI","01",941987.96,6536741.23,6.12117,45.8873
"74010","63044","GRAND ANNECY","514","PI",100,"125","2017-09-01","ROUTE DE VOVRAY",13.4,12.9,60,"2023-07-05","OUI","01",941978.8,6536421.33,6.12089,45.88442
"74010","63045","GRAND ANNECY","515","PI",100,"100","2017-06-01","VOVRAY",2.6,2.1,60,"2023-12-01","OUI","05",941909.14,6536205.66,6.11988,45.88251
"74010","79459","GRAND ANNECY","516","PI",100,"100",NULL,"ROUTE DE VOVRAY",9.9,8.9,60,"2023-07-05","OUI","01",941666.78,6535766.71,6.11653,45.87864
"74010","63046","GRAND ANNECY","517","PI",100,"100",NULL,"ROUTE DE VOVRAY",9.4,7,60,"2023-01-09","OUI","01",941435.28,6535916.41,6.11363,45.88007
"74010","63047","GRAND ANNECY","518","PI",100,"100","1975-01-01","ROUTE DE VOVRAY",7.5,5.7,60,"2013-06-04","OUI","10",941172.55,6535574.25,6.11007,45.87709
"74010","82896","GRAND ANNECY","519","PI",100,"100","1970-01-01","ROUTE DE VOVRAY",7.2,5.6,60,"2013-06-04","OUI","05",941106.41,6535383.09,6.10912,45.87539
"74010","79460","GRAND ANNECY","519BIS","PI",100,"110","2003-01-01","ROUTE DE VOVRAY",10.6,1.2,60,"2023-01-11","OUI","01",940877.14,6535078.97,6.10601,45.87273
"74010","80429","GRAND ANNECY","519TER","PI",100,NULL,"2003-01-01","ROUTE DE VOVRAY",10.7,1.8,60,"2023-01-11","OUI","05",940917.04,6535176.08,6.10657,45.87359
"74010","80430","GRAND ANNECY","520","PI",100,"100",NULL,"FAUBOURG DES BALMETTES",4,3.7,60,"2023-06-21","OUI","10",942166.54,6537240.7,6.12372,45.89173
"74010","75850","GRAND ANNECY","521","PI",100,"125","2003-12-18","RUE DE LA CITE",4.1,3.2,60,"2023-01-11","OUI","01",942100.3,6537100.81,6.1228,45.89049
"74010","79461","GRAND ANNECY","522","PI",100,"100","2019-09-05","FAUBOURG DES BALMETTES",3.8,3.6,60,"2023-06-21","OUI","01",942146.63,6537409.54,6.12355,45.89325
"74010","79462","GRAND ANNECY","523","PI",100,"100","1979-01-01","RUE DES JARDINS",4.1,3.2,60,"2023-01-11","OUI","01",942003.27,6537420.82,6.12171,45.89341
"74010","63820","GRAND ANNECY","524","PI",100,"100","1950-01-01","RUE DES JARDINS",4.1,3.6,60,"2021-08-31","OUI","10",942060.21,6537495.62,6.12248,45.89406
"74010","63821","GRAND ANNECY","524BIS","PI",100,NULL,"1998-01-01","RUE DE L ETAIN",4,3.6,60,"2023-06-21","OUI","01",942006.38,6537319.5,6.1217,45.89249
"74010","63822","GRAND ANNECY","525","PI",100,"100",NULL,"FAUBOURG DES BALMETTES",3.9,3.2,60,"2020-12-17","OUI","10",942085.27,6537702.13,6.12291,45.89591
"74010","63823","GRAND ANNECY","526","PI",100,"100","1968-01-01","RUE DE LA POSTE",4,3.7,60,"2023-07-19","OUI","10",942091.72,6538175.93,6.12323,45.90017
"74010","63824","GRAND ANNECY","527","PI",100,"100",NULL,"RUE VAUGELAS",4.1,3.6,60,"2023-01-11","OUI","10",942071.26,6538279.78,6.12302,45.90111
"74010","62861","GRAND ANNECY","528","PI",100,"100","1976-01-01","RUE ROYALE",4.4,3.5,60,"2023-06-07","OUI","10",942219.0,6538208.86,6.12489,45.90042
"74010","63825","GRAND ANNECY","529","PI",100,"100","2016-12-07","RUE NOTRE DAME",4,3.7,60,"2022-06-08","OUI","01",942305.34,6538235.94,6.12602,45.90063
"74010","63918","GRAND ANNECY","530","PI",100,"125","1993-01-01","RUE DU LAC",4,3.5,60,"2023-07-19","OUI","01",942336.07,6538199.78,6.1264,45.9003
"74010","63919","GRAND ANNECY","530BIS","PI",100,"100","1995-01-01","QUAI EUSTACHE CHAPPUIS",4.2,3.8,60,"2023-07-19","OUI","10",942455.67,6538184.47,6.12793,45.90012
"74010","63920","GRAND ANNECY","531","PI",100,"100","1966-01-01","RUE FILATERIE",4,3.6,60,"2022-06-07","OUI","10",942324.67,6538125.74,6.12621,45.89963
"74010","63921","GRAND ANNECY","532","PI",100,"100",NULL,"RUE GRENETTE",4,3.6,60,"2023-07-19","OUI","10",942392.47,6538065.53,6.12705,45.89907
"74010","63922","GRAND ANNECY","532BIS","PI",100,"100","1979-01-01","RUE DU COLLEGE CHAPUISIEN",3.9,3.4,60,"2023-07-19","OUI","10",942376.75,6538135.84,6.12689,45.89971
"74010","63923","GRAND ANNECY","533","PI",100,"100",NULL,"RUE SAINT MAURICE",3.7,3.3,60,"2022-06-07","OUI","10",942453.09,6538072.94,6.12784,45.89911
"74010","63924","GRAND ANNECY","534","PI",100,"100","1988-02-24","RUE JEAN JACQUES ROUSSEAU",4,3.7,60,"2023-07-19","OUI","05",942239.31,6538067.33,6.12508,45.89914
"74010","63925","GRAND ANNECY","535","PI",100,"100","1978-01-01","PASSAGE NEMOURS",3.8,3.5,60,"2022-06-07","OUI","05",942130.83,6537919.01,6.12361,45.89784
"74010","63926","GRAND ANNECY","536","PI",100,"100","1978-01-01","RUE SAINTE CLAIRE",4.2,3.6,60,"2023-06-07","OUI","10",942237.68,6537981.04,6.12502,45.89836
"74010","63927","GRAND ANNECY","537","PI",100,"100",NULL,"RUE DE L ILE",4,3.8,60,"2022-06-08","OUI","10",942343.37,6537977.48,6.12638,45.89829
"74010","63928","GRAND ANNECY","538","PI",100,"100","1973-01-01","IMPASSE DU TRIPPOZ",4,3.6,60,"2023-06-07","OUI","10",942428.73,6537945.36,6.12746,45.89797
"74010","63929","GRAND ANNECY","539","PI",100,"125","2011-11-17","RUE DE LA REPUBLIQUE",4.2,3.6,60,"2023-01-05","OUI","01",942152.62,6538056.18,6.12396,45.89907
"74010","80431","GRAND ANNECY","539BIS","PI",100,"100","1995-01-01","PASSAGE DES BAINS",4.1,3.5,60,"2022-07-13","OUI","05",942088.24,6538086.64,6.12314,45.89937
"74010","63930","GRAND ANNECY","540","PI",100,"100",NULL,"RUE VAUGELAS",4,3.4,60,"2023-07-18","OUI","10",942133.91,6538307.38,6.12385,45.90134
"74010","79463","GRAND ANNECY","541","PI",100,"100",NULL,"RUE VAUGELAS",3.9,3.6,60,"2022-06-08","OUI","10",942214.0,6538324.23,6.12489,45.90146
"74010","80986","GRAND ANNECY","542","PI",100,"100","1987-01-01","RUE VAUGELAS",4.1,3.6,60,"2023-07-18","OUI","10",942337.35,6538343.56,6.12649,45.90159
"74010","64003","GRAND ANNECY","543","PI",100,"100","2005-01-01","AVENUE DE BROGNY",3.9,3.3,60,"2022-12-29","OUI","10",942235.22,6538666.27,6.12533,45.90453
"74010","64004","GRAND ANNECY","544","PI",100,"100","1978-01-01","AVENUE DE BROGNY",6.5,6,60,"2023-06-21","OUI","10",942307.95,6538817.91,6.12635,45.90587
"74010","64005","GRAND ANNECY","544BIS","PI",100,"100","2000-01-01","BOULEVARD DU LYCEE",6.6,6.2,60,"2023-06-21","OUI","01",942354.8,6538807.05,6.12695,45.90575
"74010","64006","GRAND ANNECY","545","PI",100,NULL,"1992-01-01","AVENUE DE BROGNY",6.5,6.1,60,"2022-06-07","OUI","10",942289.88,6539045.28,6.12623,45.90792
"74010","64007","GRAND ANNECY","546","PI",100,"100","1988-01-01","BOULEVARD TAINE",6.5,6.1,60,"2023-06-21","OUI","10",942471.29,6538942.21,6.12852,45.90693
"74010","64008","GRAND ANNECY","547","PI",100,"100",NULL,"BOULEVARD DU LYCEE",3.9,3.5,60,"2022-06-07","OUI","10",942592.81,6538861.51,6.13004,45.90616
"74010","80432","GRAND ANNECY","548","PI",100,"100","2023-07-18","BOULEVARD DU LYCEE",6.6,6.1,60,"2023-08-16","OUI","01",942700.73,6538847.0,6.13143,45.90599
"74010","64009","GRAND ANNECY","549","PI",100,"100",NULL,"AVENUE DU PARMELAN",3.8,3.4,60,"2022-06-08","OUI","01",942751.9,6538781.62,6.13205,45.90538
"74010","64010","GRAND ANNECY","550","PI",100,"100","1973-01-01","AVENUE DU PARMELAN",4.2,3.5,60,"2023-06-21","OUI","01",942685.99,6538648.65,6.13114,45.90421
"74010","64011","GRAND ANNECY","551","PI",100,"125","1968-01-01","AVENUE DU PARMELAN",6.5,6.1,60,"2023-06-06","OUI","01",942824.12,6538850.05,6.13302,45.90597
"74010","64012","GRAND ANNECY","552","PI",100,"100",NULL,"AVENUE DU PARMELAN",6.8,6,60,"2023-06-21","OUI","10",942901.48,6538934.3,6.13406,45.9067
"74010","64013","GRAND ANNECY","553","PI",100,"100","2005-01-01","AVENUE DU PARMELAN",3.9,3.5,60,"2022-06-08","OUI","01",943035.82,6539049.49,6.13585,45.90769
"74010","64014","GRAND ANNECY","554","PI",100,"100","1976-01-01","ROUTE DE VIGNIERES",6.6,6.2,60,"2023-01-29","OUI","01",943227.24,6539094.35,6.13834,45.90803
"74010","81562","GRAND ANNECY","555","PI",100,"100","2010-07-01","ROUTE DE VIGNIERES",6.4,6.1,60,"2022-12-15","OUI","01",943334.26,6539158.86,6.13975,45.90857
"74010","80990","GRAND ANNECY","556","PI",100,"100","2015-07-03","AVENUE DE LA MAVERIA",6.7,6.2,60,"2023-01-29","OUI","01",943516.92,6539221.9,6.14214,45.90907
"74010","64015","GRAND ANNECY","557","PI",100,"100","2008-02-01","AVENUE DES BARATTES",3.8,3,60,"2022-12-15","OUI","10",943593.33,6539103.22,6.14306,45.90798
"74010","64017","GRAND ANNECY","558","PI",100,"125",NULL,"AVENUE DES BARATTES",4,3.3,60,"2023-01-29","OUI","01",943438.32,6539013.25,6.14102,45.90722
"74010","82666","GRAND ANNECY","559","PI",100,"100",NULL,"AVENUE DES BARATTES",6.8,5.6,60,"2022-12-15","OUI","10",943398.02,6539009.49,6.1405,45.9072
"74010","79464","GRAND ANNECY","560","PI",100,"100","1990-01-01","RUE DES PAVILLONS",3.9,3.3,60,"2023-01-29","OUI","10",943271.42,6538932.04,6.13883,45.90655
"74010","64018","GRAND ANNECY","561","PI",100,"100",NULL,"AVENUE FRANCOIS FAVRE",4,3.4,60,"2022-12-15","OUI","10",943319.73,6538797.66,6.13938,45.90532
"74010","64019","GRAND ANNECY","562","PI",100,"100","1978-01-01","RUE ANDRE THEURIET",3.9,3.4,60,"2021-08-23","OUI","10",943222.38,6538725.74,6.13809,45.90471
"74010","80991","GRAND ANNECY","563","PI",100,"100",NULL,"RUE ANDRE THEURIET",6.7,6.1,60,"2022-12-15","OUI","01",943125.32,6538953.28,6.13695,45.90679
"74010","80844","GRAND ANNECY","564","PI",100,"100",NULL,"RUE DU GENERAL PERSHING",3.9,3.2,60,"2023-01-29","OUI","10",943134.39,6538700.9,6.13694,45.90452
"74010","80847","GRAND ANNECY","565","PI",100,"100",NULL,"BOULEVARD SAINT BERNARD DE MENTHON",4,3.2,60,"2022-12-29","OUI","10",943040.38,6538634.36,6.1357,45.90395
"74010","63567","GRAND ANNECY","566","PI",100,"100",NULL,"AVENUE FRANCOIS FAVRE",3.9,3,60,"2023-07-03","OUI","10",943507.25,6538855.72,6.14183,45.90578
"74010","63568","GRAND ANNECY","567","PI",100,"100",NULL,"RUE DES ROSEAUX",4.1,3.3,60,"2022-12-29","OUI","10",943673.23,6538817.82,6.14395,45.90538
"74010","63569","GRAND ANNECY","568","PI",100,"100",NULL,"AVENUE DE LA MAVERIA",3.8,3.2,60,"2023-06-29","OUI","05",943700.89,6538708.96,6.14425,45.90439
"74010","63570","GRAND ANNECY","568BIS","PI",100,"100","1990-01-01","AVENUE DE LA MAVERIA",3.9,3.1,60,"2023-06-29","OUI","10",943807.63,6538634.93,6.14558,45.90369
"74010","63571","GRAND ANNECY","569","PI",100,"125","1981-01-01","AVENUE DE LA MAVERIA",4,3,60,"2022-12-29","OUI","10",943676.41,6538969.61,6.14406,45.90674
"74010","64016","GRAND ANNECY","570","PI",100,"100","1960-01-01","RUE SAINTE BERNADETTE",4,3.4,60,"2023-07-03","OUI","10",943586.57,6539014.47,6.14293,45.90718
"74010","63572","GRAND ANNECY","571","PI",100,"100",NULL,"AVENUE DE LA MAVERIA",6.4,5.9,60,"2022-12-29","OUI","10",943388.86,6539352.96,6.14056,45.9103
"74010","6282552","GRAND ANNECY","571BIS","PI",100,"100","2018-01-01","AVENUE DE LA MAVERIA",6.2,5.9,60,"2022-12-29","OUI","01",943298.73,6539426.08,6.13943,45.91099
"74010","63573","GRAND ANNECY","573","PI",100,"125",NULL,"AVENUE DE THONES",6.3,5.8,60,"2022-12-15","OUI","01",943167.61,6539333.38,6.13769,45.9102
"74010","63574","GRAND ANNECY","574","PI",100,"100","1998-01-01","ALLEE CHALET CHAPPUIS",6.5,6.1,60,"2021-08-24","OUI","10",943287.31,6539158.17,6.13915,45.90858
"74010","78677","GRAND ANNECY","574BIS","PI",100,NULL,"1995-01-01","PASSAGE DE VIGNIERES",6.6,5.8,60,"2023-07-03","OUI","10",943171.64,6539160.63,6.13766,45.90864
"74010","63575","GRAND ANNECY","575","PI",100,"100","1966-01-01","RUE DES TILLEULS",6.4,5.8,60,"2023-01-05","OUI","10",942981.92,6539269.25,6.13527,45.90969
"74010","80519","GRAND ANNECY","576","PI",100,"100",NULL,"RUE HENRY BORDEAUX",6.4,6.1,60,"2023-07-03","OUI","10",942837.95,6539306.92,6.13343,45.91008
"74010","63576","GRAND ANNECY","577","PI",100,"100",NULL,"CHEMIN DES CLOCHES",6.8,6,60,"2023-01-05","OUI","10",943075.48,6539316.38,6.1365,45.91008
"74010","63577","GRAND ANNECY","578","PI",100,"100","2003-10-13","CHEMIN DES CLOCHES",6.3,6,60,"2023-07-03","OUI","01",943103.1,6539463.99,6.13693,45.9114
"74010","63578","GRAND ANNECY","579","PI",100,"100","2003-10-16","CHEMIN DES CLOCHES",6.2,5.6,60,"2023-01-05","OUI","05",943166.3,6539587.25,6.13781,45.91248
"74010","76820","GRAND ANNECY","580","PI",100,"110",NULL,"RUE GEORGES PACCARD",6.1,5.5,60,"2021-08-25","OUI","10",943148.08,6539822.22,6.13769,45.9146
"74010","80848","GRAND ANNECY","581","PI",100,"100",NULL,"ROUTE DU PERIMETRE",6.2,5.6,60,"2023-01-05","OUI","01",943118.59,6539717.61,6.13726,45.91367
"74010","63580","GRAND ANNECY","582","PI",100,"125","2016-03-15","RUE DU MONT BLANC",6.1,5.8,60,"2023-07-03","OUI","01",943106.83,6539863.95,6.13718,45.91499
"74010","63581","GRAND ANNECY","583","PI",100,"100",NULL,"RUE DU MONT BLANC",6.1,5.8,60,"2023-12-06","OUI","01",942951.97,6539675.9,6.13509,45.91336
"74010","63583","GRAND ANNECY","583BIS","PI",100,"100","1996-01-01","RUE GEORGES MARTIN",6.1,5.7,60,"2022-12-15","OUI","10",942837.45,6539532.29,6.13354,45.91211
"74010","63582","GRAND ANNECY","584","PI",100,"125","1965-01-01","AVENUE DE FRANCE",6.4,5.9,60,"2023-07-03","OUI","01",943055.87,6539530.24,6.13635,45.91201
"74010","79465","GRAND ANNECY","585","PI",100,"100","1965-01-01","AVENUE DE FRANCE",5.8,5.3,60,"2022-12-20","OUI","05",942900.1,6539790.57,6.13448,45.91441
"74010","63584","GRAND ANNECY","586","PI",100,NULL,"1966-01-01","PLACE DU MONT LACHAT",6.1,5.7,60,"2023-07-03","OUI","10",942928.24,6539877.2,6.13489,45.91518
"74010","80849","GRAND ANNECY","587","PI",100,"100","1966-01-01","AVENUE DE FRANCE",6,4,60,"2022-12-20","OUI","10",942826.66,6539911.0,6.13359,45.91552
"74010","63663","GRAND ANNECY","588","PI",100,"100","1965-01-01","AVENUE DE FRANCE",5.9,5.2,60,"2023-07-18","OUI","10",942889.6,6539942.85,6.13442,45.91578
"74010","63664","GRAND ANNECY","589","PI",100,"125","1965-01-01","PLACE DE L ANNAPURNA",5.8,5.2,60,"2022-12-06","OUI","10",942881.8,6540097.0,6.1344,45.91717
"74010","63665","GRAND ANNECY","590","PI",100,"100","1965-01-01","AVENUE DE FRANCE",5.8,5.4,60,"2023-07-18","OUI","10",942811.42,6540018.81,6.13345,45.91649
"74010","63666","GRAND ANNECY","591","PI",100,"100","1966-01-01","AVENUE DE FRANCE",5.8,4.6,60,"2022-12-20","OUI","10",942773.93,6540112.52,6.13302,45.91735
"74010","79525","GRAND ANNECY","592","PI",100,"100",NULL,"AVENUE DE FRANCE",5.7,5.2,60,"2023-07-18","OUI","10",942741.65,6540193.62,6.13264,45.91809
"74010","80569","GRAND ANNECY","593","PI",100,"100","1975-01-01","AVENUE DE FRANCE",5.9,5,60,"2022-12-20","OUI","01",942663.67,6540304.04,6.13169,45.91911
"74010","63667","GRAND ANNECY","594","PI",100,"100","1970-01-01","AVENUE DE FRANCE",5.4,4.7,60,"2023-06-19","OUI","01",942615.24,6540452.64,6.13115,45.92047
"74010","63668","GRAND ANNECY","595","PI",100,"100","1968-01-01","AVENUE DE FRANCE",5.7,4,60,"2022-12-20","OUI","10",942566.69,6540573.82,6.13058,45.92157
"74010","79526","GRAND ANNECY","596","PI",100,"100","1984-01-01","RUE DES TEPPES",5.4,3.3,60,"2023-07-18","OUI","10",942637.24,6540581.38,6.1315,45.92162
"74010","63669","GRAND ANNECY","597","PI",100,"100","1965-01-01","RUE DU MONT BLANC",6.1,5.8,60,"2022-12-20","OUI","01",942812.83,6539583.47,6.13325,45.91258
"74010","63670","GRAND ANNECY","598","PI",100,"100","2009-09-20","AVENUE DE LA PLAINE",6.1,5.6,60,"2023-06-12","OUI","05",942681.69,6539538.02,6.13153,45.91221
"74010","63671","GRAND ANNECY","599","PI",100,"125","1983-01-01","AVENUE DU COTEAU",6.4,6,60,"2022-12-20","OUI","01",942666.8,6539328.94,6.13124,45.91034
"74010","63672","GRAND ANNECY","599BIS","PI",100,"125","1988-01-01","AVENUE DE LA PLAINE",6.7,5.7,60,"2022-12-20","OUI","01",942671.89,6539149.65,6.13121,45.90872
"74010","63673","GRAND ANNECY","600","PI",100,"100",NULL,"RUE HENRY BORDEAUX",6.12,5.5,60,"2023-06-12","OUI","10",942743.35,6539478.87,6.1323,45.91166
"74010","79527","GRAND ANNECY","601","PI",100,"125",NULL,"AVENUE GAMBETTA",6.6,5.8,60,"2023-01-05","OUI","01",942909.55,6539475.82,6.13444,45.91157
"74010","80912","GRAND ANNECY","602","PI",100,"125","2019-08-28","RUE DES ARAVIS",6.2,5.7,60,"2023-07-19","OUI","01",942677.33,6539700.4,6.13156,45.91368
"74010","63674","GRAND ANNECY","603","PI",100,"125","2019-08-28","RUE DES ARAVIS",6.1,5.8,60,"2022-12-06","OUI","01",942808.37,6539773.48,6.13329,45.91429
"74010","63675","GRAND ANNECY","604","PI",100,"100",NULL,"RUE DE MORETTE",6.1,5.5,60,"2023-07-19","OUI","10",942728.78,6539830.6,6.13229,45.91483
"74010","63676","GRAND ANNECY","605","PI",100,"100","1966-01-01","RUE DE MORETTE",6,5.3,60,"2022-12-06","OUI","10",942728.88,6539902.17,6.13233,45.91547
"74010","79528","GRAND ANNECY","606","PI",100,"125","2019-06-07","RUE DE MORETTE",5.7,5.2,60,"2023-07-18","OUI","01",942658.63,6539999.01,6.13147,45.91637
"74010","63677","GRAND ANNECY","607","PI",100,"125",NULL,"AVENUE DE LA PLAINE",6,5.6,60,"2022-06-07","OUI","01",942516.25,6539803.36,6.12954,45.91466
"74010","63678","GRAND ANNECY","608","PI",100,"100",NULL,"AVENUE DE LA PLAINE",5.6,5.2,60,"2023-06-12","OUI","10",942444.2,6539938.9,6.12868,45.91591
"74010","63679","GRAND ANNECY","609","PI",100,"100","2021-03-02","AVENUE DE LA PLAINE",5.8,5.1,60,"2022-12-21","OUI","01",942361.72,6540189.79,6.12774,45.91819
"74010","63048","GRAND ANNECY","610","PI",100,"100",NULL,"AVENUE DE LA PLAINE",5.6,4.9,60,"2023-07-19","OUI","10",942264.45,6540274.96,6.12653,45.91899
"74010","63126","GRAND ANNECY","610BIS","PI",100,"100","1989-01-01","RUE DU DOCTEUR VARAY",5.7,5.1,60,"2023-07-19","OUI","10",942399.96,6539793.15,6.12803,45.91461
"74010","63121","GRAND ANNECY","611","PI",100,"125","2021-03-02","RUE DES EDELWEISS",5.7,5.2,60,"2022-12-21","OUI","01",942338.01,6540268.92,6.12748,45.91891
"74010","63049","GRAND ANNECY","612","PI",100,"125",NULL,"RUE DES EDELWEISS",5.4,4.9,60,"2023-07-19","OUI","01",942397.0,6540308.0,6.12826,45.91924
"74010","63122","GRAND ANNECY","613","PI",100,"100","1967-01-01","ALLEE DES GENTIANES",5.7,5,60,"2022-12-21","OUI","10",942293.36,6540362.09,6.12695,45.91977
"74010","63123","GRAND ANNECY","614","PI",100,"100","1967-01-01","RUE DES EDELWEISS",5.3,4.3,60,"2021-08-26","OUI","10",942448.59,6540427.91,6.12898,45.9203
"74010","63124","GRAND ANNECY","615","PI",100,"125",NULL,"RUE DES EDELWEISS",5.8,5,60,"2022-12-21","OUI","01",942511.86,6540384.96,6.12978,45.9199
"74010","63125","GRAND ANNECY","616","PI",100,"100",NULL,"CHEMIN DU MAQUIS",5.7,5,60,"2023-07-19","OUI","01",942598.19,6540353.44,6.13088,45.91958
"74010","63127","GRAND ANNECY","617","PI",100,"100","1963-01-01","CHEMIN DU MAQUIS",5.8,5.3,60,"2022-12-21","OUI","10",942741.61,6540483.65,6.13279,45.9207
"74010","81470","GRAND ANNECY","618","PI",100,"100","1950-01-01","CHEMIN FLEURI",5.4,4.5,60,"2023-07-19","OUI","01",942714.88,6540608.38,6.13251,45.92183
"74010","80573","GRAND ANNECY","619","PI",100,"100",NULL,"RUE JOSEPH MICHAUDET",5,4.8,60,"2022-12-21","OUI","01",942877.77,6540389.77,6.1345,45.91981
"74010","63129","GRAND ANNECY","620","PI",100,"100",NULL,"CHEMIN DU MAQUIS",4.9,3.2,60,"2023-07-20","OUI","01",942500.37,6540262.1,6.12957,45.91879
"74010","63130","GRAND ANNECY","621","PI",100,"100",NULL,"RUE LOUIS ARMAND",5.7,4.9,60,"2022-12-21","OUI","01",942578.58,6540160.38,6.13052,45.91785
"74010","63131","GRAND ANNECY","622","PI",100,"100","1965-01-01","RUE ALBERT LYARD",5.5,4.8,60,"2023-06-19","OUI","10",942521.06,6540067.21,6.12973,45.91703
"74010","63132","GRAND ANNECY","623","PI",100,"100","1960-01-01","AVENUE DE NOVEL",5.6,5,60,"2022-12-21","OUI","10",942880.94,6540248.74,6.13447,45.91854
"74010","63133","GRAND ANNECY","624","PI",100,"100",NULL,"AVENUE DE NOVEL",5.7,5,60,"2023-07-20","OUI","01",942920.96,6540262.33,6.13499,45.91865
"74010","63134","GRAND ANNECY","625","PI",100,"100",NULL,"ROUTE DU PERIMETRE",6.1,5.3,60,"2023-01-05","OUI","10",943024.53,6540122.62,6.13625,45.91735
"74010","80106","GRAND ANNECY","626","PI",100,"100","1965-01-01","ROUTE DU PERIMETRE",5.6,5.1,60,"2023-07-20","OUI","10",943028.35,6540027.36,6.13625,45.91649
"74010","63135","GRAND ANNECY","627","PI",100,"100","1989-01-01","RUE MARC LEROUX",5.7,5.5,60,"2023-01-05","OUI","10",942277.24,6539880.23,6.1265,45.91544
"74010",NULL,"GRAND ANNECY","627BIS","PI",100,"125",NULL,"RUE MARC LEROUX",NULL,NULL,NULL,NULL,"OUI","01",942312.6,6539940.76,6.12698,45.91597
"74010",NULL,"GRAND ANNECY","627TER","PI",100,"125","2024-07-16","AVENUE DE BROGNY",NULL,NULL,NULL,NULL,"OUI","01",942227.22,6539917.2,6.12587,45.91579
"74010","63136","GRAND ANNECY","628","PI",100,"100",NULL,"AVENUE DE BROGNY",5.5,4.8,60,"2023-07-20","OUI","05",942214.48,6540124.35,6.12581,45.91766
"74010","63137","GRAND ANNECY","628BIS","PI",100,"100","1992-01-01","AVENUE DE BROGNY",5.6,5,60,"2023-07-20","OUI","10",942221.96,6539996.94,6.12584,45.91651
"74010","63138","GRAND ANNECY","629","PI",100,"125","2009-01-06","RUE LEANDRE VAILLAT",5.8,5.1,60,"2023-01-05","OUI","10",942198.7,6540402.26,6.12575,45.92016
"74010","79529","GRAND ANNECY","630","PI",100,"100","2007-01-01","RUE LEANDRE VAILLAT",5.3,4.2,60,"2023-06-19","OUI","01",942380.05,6540519.53,6.12815,45.92115
"74010","63139","GRAND ANNECY","631","PI",100,"100","1966-01-01","AVENUE DE BROGNY",5.3,4.8,60,"2023-01-05","OUI","10",942180.56,6540717.27,6.12568,45.923
"74010","78678","GRAND ANNECY","631BIS","PI",100,"100",NULL,"ROUTE DU PERIMETRE",5,3.9,60,"2023-01-05","OUI","10",942484.07,6540932.05,6.1297,45.92483
"74010","63231","GRAND ANNECY","632","PI",100,"125","2011-10-25","RUE DES CONFLENTS",5.6,4.9,60,"2023-07-20","OUI","01",942329.37,6539798.75,6.12713,45.91469
"74010","63232","GRAND ANNECY","633","PI",100,"125","1969-01-01","RUE DES PRES RIANTS",6.3,5.5,60,"2022-06-08","OUI","01",942253.17,6539600.49,6.12604,45.91293
"74010","63294","GRAND ANNECY","634","PI",100,"125",NULL,"RUE DES PRES RIANTS",5.6,5.1,60,"2023-07-20","OUI","01",942401.12,6539707.96,6.128,45.91384
"74010","63295","GRAND ANNECY","635","PI",100,"100",NULL,"AVENUE DE NOVEL",6,5.3,60,"2022-12-21","OUI","10",942454.55,6539575.06,6.12863,45.91263
"74010","63296","GRAND ANNECY","636","PI",100,"100",NULL,"AVENUE GAMBETTA",6.1,5.6,60,"2023-06-12","OUI","01",942540.04,6539487.74,6.12968,45.91181
"74010","79530","GRAND ANNECY","637","PI",100,"100",NULL,"AVENUE DE NOVEL",6.3,5.3,60,"2022-12-21","OUI","10",942400.42,6539514.13,6.1279,45.9121
"74010","63462","GRAND ANNECY","638","PI",100,"100",NULL,"AVENUE DE NOVEL",6.1,5.3,60,"2023-07-20","OUI","10",942368.7,6539377.42,6.12742,45.91088
"74010","63463","GRAND ANNECY","639","PI",100,"100","1969-01-01","RUE DU DOCTEUR GALLET",6.2,5.6,60,"2022-06-07","OUI","01",942405.12,6539244.81,6.12782,45.90967
"74010","63464","GRAND ANNECY","640","PI",100,"125","2019-09-26","AVENUE DE NOVEL",6.1,5.6,60,"2023-07-20","OUI","01",942307.18,6539188.7,6.12653,45.9092
"74010","63465","GRAND ANNECY","641","PI",100,"100","1973-01-01","RUE LOUIS BOCH",6.4,6,60,"2022-06-07","OUI","10",942491.97,6539173.19,6.1289,45.909
"74010","63466","GRAND ANNECY","642","PI",100,"100","1973-01-01","RUE LOUIS BOCH",6.3,5.6,60,"2023-07-20","OUI","01",942661.39,6539012.57,6.131,45.90749
"74010","63467","GRAND ANNECY","643","PI",100,"100","1969-01-01","RUE JULES FERRY",6.3,5.8,60,"2022-06-08","OUI","01",942505.59,6539001.4,6.12899,45.90745
"74010","63468","GRAND ANNECY","644","PI",100,"100","1969-01-01","AVENUE DU COTEAU",6.2,5.6,60,"2023-07-20","OUI","10",942518.33,6539237.44,6.12928,45.90957
"74010","63469","GRAND ANNECY","645","PI",100,"125","2022-02-09",NULL,6.3,5.9,60,"2023-01-05","OUI","01",942725.51,6538956.85,6.1318,45.90697
"74010","63470","GRAND ANNECY","646","PI",100,"100","1968-01-01","RUE THOMAS RUPHY",6.3,5.8,60,"2023-07-20","OUI","10",942795.41,6539033.3,6.13274,45.90763
"74010","63471","GRAND ANNECY","647","PI",100,"100",NULL,"AVENUE DES BARATTES",3.8,2.1,60,"2022-12-15","OUI","10",943166.63,6538851.8,6.13743,45.90587
"74010","63472","GRAND ANNECY","648","PI",100,"100","1966-01-01","AVENUE DES BARATTES",3.8,3.1,60,"2023-07-20","OUI","10",943066.82,6538779.92,6.13611,45.90526
"74010","63473","GRAND ANNECY","649","PI",100,"100","1967-01-01","RUE GABRIEL DE MORTILLET",4.3,3.2,60,"2022-12-15","OUI","10",943047.88,6538869.86,6.13591,45.90607
"74010","63474","GRAND ANNECY","650","PI",100,"100","1965-01-01","BOULEVARD SAINT BERNARD DE MENTHON",3.9,3,60,"2023-07-20","OUI","01",942935.1,6538708.73,6.13438,45.90466
"74010","63475","GRAND ANNECY","651","PI",100,"100","1966-01-01","RUE DU 30E REGIMENT D INFANTERIE",4.2,3.6,60,"2022-12-15","OUI","01",942818.18,6538643.09,6.13284,45.90411
"74010","80574","GRAND ANNECY","652","PI",100,"100",NULL,"RUE DU 30E REGIMENT D INFANTERIE",3.5,1.1,60,"2019-06-26","OUI","01",942751.77,6538536.09,6.13193,45.90317
"74010","79531","GRAND ANNECY","653","PI",100,"125","1993-01-01","RUE DE LA PREFECTURE",4,3.6,60,"2023-01-06","OUI","01",942653.39,6538517.18,6.13065,45.90304
"74010","63476","GRAND ANNECY","654","PI",100,"100","1950-01-01","RUE LOUIS REVON",4,3.2,60,"2023-07-20","OUI","01",942606.62,6538656.55,6.13012,45.90431
"74010","63478","GRAND ANNECY","654BIS","PI",100,"100","1988-01-01","RUE LOUIS REVON",6.7,6,60,"2023-07-20","OUI","01",942549.33,6538778.46,6.12944,45.90543
"74010","63477","GRAND ANNECY","655","PI",100,"100","2006-03-31","RUE GUILLAUME FICHET",4.1,3.4,60,"2022-07-13","OUI","01",942517.41,6538621.09,6.12895,45.90402
"74010","80841","GRAND ANNECY","656","PI",100,"125","1980-01-01","RUE GUILLAUME FICHET",3.8,2.3,60,"2023-07-20","OUI","01",942453.18,6538749.5,6.12819,45.9052
"74010","79532","GRAND ANNECY","657","PI",100,"100","2004-04-15","RUE DE LA PAIX",3.9,3.1,60,"2023-01-06","OUI","01",942295.36,6538545.71,6.12605,45.90342
"74010","63547","GRAND ANNECY","658","PI",100,"100","1971-01-01","RUE TOCHON",3.6,3.1,60,"2023-06-07","OUI","10",942198.28,6538568.22,6.12481,45.90366
"74010","63548","GRAND ANNECY","659","PI",100,"100","1975-01-01","RUE SOMMEILLER",3.9,3.4,60,"2021-01-20","OUI","01",942354.6,6538437.51,6.12676,45.90243
"74010","63549","GRAND ANNECY","660","PI",100,"100",NULL,"RUE DE LA PREFECTURE",4,3.8,60,"2023-07-31","OUI","01",942485.94,6538340.14,6.1284,45.90151
"74010","63550","GRAND ANNECY","661","PI",100,NULL,NULL,"RUE DE LA PREFECTURE",4.2,3.6,60,"2023-01-06","OUI","01",942580.57,6538437.7,6.12967,45.90235
"74010","79533","GRAND ANNECY","662","PI",100,"100","1968-01-01","RUE JEAN JAURES",4.1,3.7,60,"2023-07-28","OUI","10",942448.92,6538485.38,6.128,45.90283
"74010","63551","GRAND ANNECY","663","PI",100,"100",NULL,"RUE SOMMEILLER",3.8,3.4,60,"2023-07-13","OUI","10",942216.09,6538405.85,6.12496,45.90219
"74010","63552","GRAND ANNECY","664","PI",100,"100","1993-01-01","ESPLANADE DE L HOTEL DE VILLE",3.8,3.4,60,"2021-08-31","OUI","10",942549.84,6538129.91,6.12912,45.89959
"74010","63553","GRAND ANNECY","665","PI",100,"100","1987-01-01","RUE DES MARQUISATS",4.1,3.5,60,"2023-01-06","OUI","10",942612.85,6537928.04,6.12982,45.89775
"74010","63554","GRAND ANNECY","666","PI",100,"125","2021-04-29","RUE DES MARQUISATS",3.9,3.7,60,"2023-07-28","OUI","01",942804.41,6537769.71,6.13221,45.89626
"74010","6282547","GRAND ANNECY","666BIS","PI",100,"125","2021-03-29","AVENUE DE TRESUM",4.9,2.6,120,"2022-03-10","OUI","01",942781.61,6537541.85,6.1318,45.89422
"74010","6282419","GRAND ANNECY","666TER","PI",100,"125",NULL,"RUE DES MARQUISATS",3.8,1.7,120,"2021-06-09","OUI","01",942852.1,6537670.77,6.13278,45.89535
"74010","63555","GRAND ANNECY","667","PI",100,"100","2021-12-01","CHEMIN DE TILLIER",6.6,6,60,"2023-01-05","OUI","01",942939.46,6537543.73,6.13384,45.89418
"74010",NULL,"GRAND ANNECY","667BIS","PI",100,"125","2024-07-18","CHEMIN DE TILLIER",NULL,NULL,NULL,NULL,"OUI","01",942876.74,6537576.61,6.13305,45.8945
"74010","63556","GRAND ANNECY","668","PI",100,"100","1975-01-01","CHEMIN DE TILLIER",6.1,5.3,60,"2023-07-27","OUI","10",942987.84,6537508.51,6.13444,45.89384
"74010","80575","GRAND ANNECY","669","PI",100,"100","1974-01-01","RUE DES MARQUISATS",6.9,6.4,60,"2023-01-05","OUI","10",943117.35,6537435.51,6.13607,45.89314
"74010","63557","GRAND ANNECY","670","PI",100,"110","1966-01-01","CHEMIN DE COLMYR",6.8,6,60,"2023-07-27","OUI","10",943377.88,6537222.08,6.13932,45.89113
"74010","6281593","GRAND ANNECY","671","PI",100,"100","1974-01-01","CHEMIN DE COLMYR",5.1,3,60,"2023-01-05","OUI","10",943322.27,6537068.54,6.13853,45.88977
"74010","79534","GRAND ANNECY","671BIS","PI",100,"100","1993-01-01","CHEMIN DE LA PUYA",4.5,2.5,60,"2023-01-05","OUI","10",943453.1,6537100.57,6.14023,45.89001
"74010","82592","GRAND ANNECY","672","PI",100,"100","1974-01-01","RUE DES MARQUISATS",6.6,6,60,"2021-08-31","OUI","01",943707.08,6536958.3,6.14343,45.88864
"74010","6282158","GRAND ANNECY","673","PI",100,"125","2019-05-16","AVENUE DE TRESUM",7.9,5.9,60,"2023-01-11","OUI","01",942695.82,6537694.95,6.13077,45.89563
"74010","63560","GRAND ANNECY","674","PI",100,"125",NULL,"AVENUE DE TRESUM",8,5.7,60,"2023-07-31","OUI","01",942652.99,6537641.38,6.1302,45.89516
"74010","79535","GRAND ANNECY","675","PI",100,"125","2018-02-01","AVENUE DE TRESUM",6,4.5,60,"2021-01-20","OUI","01",942621.12,6537578.91,6.12975,45.89461
"74010","63562","GRAND ANNECY","676","PI",100,"100","1981-01-01","AVENUE DE TRESUM",7.5,5.8,60,"2023-07-31","OUI","01",942606.89,6537663.49,6.12961,45.89537
"74010","79536","GRAND ANNECY","677","PI",100,"110",NULL,"BOULEVARD DE LA CORNICHE",5.7,4.5,60,"2023-01-06","OUI","01",942469.1,6537594.2,6.1278,45.8948
"74010","63563","GRAND ANNECY","677BIS","PI",100,"100","1987-01-01","AVENUE DE LA VISITATION",5,3.7,60,"2022-12-19","OUI","01",942458.29,6537526.27,6.12763,45.89419
"74010","63278","GRAND ANNECY","677TER","PI",100,"100","1994-01-01","CHEMIN DE PROUPEINE",5.9,3.9,60,"2023-01-06","OUI","01",942315.38,6537546.81,6.1258,45.89443
"74010","63564","GRAND ANNECY","678","PI",100,"100","1980-01-01","CHEMIN DE LA TOUR LA REINE",7.6,5.1,60,"2023-07-27","OUI","01",942447.92,6537742.87,6.1276,45.89614
"74010","63211","GRAND ANNECY","679","PI",100,"100","1998-01-01","COTE PERRIERE",6.8,3.8,60,"2021-01-19","OUI","10",942484.91,6537798.15,6.12811,45.89663
"74010","63275","GRAND ANNECY","679BIS","PI",100,"100","1999-05-31","CHEMIN DE LA TOUR LA REINE",6.4,5.1,60,"2023-01-09","OUI","01",942381.48,6537780.62,6.12677,45.89651
"74010","63276","GRAND ANNECY","680","PI",100,"125","2010-04-08","PLACE DU CHATEAU",5.1,3.6,60,"2021-09-01","OUI","01",942249.73,6537846.55,6.1251,45.89715
"74010","63277","GRAND ANNECY","681","PI",100,NULL,NULL,"PLACE DU CHATEAU",5.4,3.2,60,"2015-04-14","OUI","01",942326.12,6537877.84,6.1261,45.8974
"74010","63279","GRAND ANNECY","682","PI",100,"100","1975-01-01","AVENUE DE LA VISITATION",8.1,6.7,60,"2023-07-26","OUI","01",942396.31,6537297.07,6.12671,45.89215
"74010","6281611","GRAND ANNECY","683","PI",100,"100","1975-01-01","AVENUE DE LA VISITATION",7.3,6,60,"2022-12-19","OUI","10",942545.89,6537095.48,6.12854,45.89028
"74010","93881","GRAND ANNECY","684","PI",100,"100",NULL,"ROUTE DE LA PETITE JEANNE",4.9,4.4,60,"2023-07-26","OUI","10",942697.55,6537079.05,6.13048,45.89008
"74010","79537","GRAND ANNECY","685","PI",100,"100","2017-03-16","ROUTE DU SEMNOZ",7.7,7.3,60,"2022-12-19","OUI","05",942873.42,6537259.33,6.13284,45.89164
"74010","82583","GRAND ANNECY","685BIS","PI",100,NULL,NULL,"BOULEVARD DE LA CORNICHE",9.4,8.7,60,"2023-01-06","OUI","10",942988.34,6537191.57,6.13429,45.89099
"74010","63282","GRAND ANNECY","686","PI",100,"100",NULL,"BOULEVARD DE LA CORNICHE",8.6,4.2,60,"2023-07-27","OUI","01",942680.83,6537490.16,6.13048,45.89379
"74010","93866","GRAND ANNECY","688","PI",100,"100","1950-01-01","ROUTE DU SEMNOZ",3.5,3.2,60,"2023-07-27","OUI","10",942865.81,6537001.89,6.13261,45.88933
"74010","93865","GRAND ANNECY","689","PI",100,"125","2018-01-08","ROUTE DU SEMNOZ",21.8,13.8,60,"2022-12-19","OUI","01",942999.84,6536760.25,6.13421,45.88711
"74010","93864","GRAND ANNECY","690","PI",100,"100","2023-03-28","ROUTE DU SEMNOZ",13.8,4.3,60,"2023-07-26","OUI","01",942754.97,6536508.53,6.13093,45.88493
"74010","93863","GRAND ANNECY","691","PI",100,"100",NULL,"ROUTE DU SEMNOZ",9.1,1.2,60,"2023-01-09","OUI","01",942721.4,6536054.06,6.13027,45.88085
"74010","93862","GRAND ANNECY","692","PI",100,"100",NULL,"ROUTE DU SEMNOZ",5.8,1.8,60,"2023-07-26","OUI","01",942508.98,6535689.74,6.12734,45.87765
"74010","93861","GRAND ANNECY","693","PI",100,"100",NULL,"ROUTE DU SEMNOZ",3.2,1,36,"2023-01-09","OUI","01",942448.6,6535384.7,6.12641,45.87493
"74010","6281401","GRAND ANNECY","694","PI",100,"100",NULL,"ROUTE DU SEMNOZ",0.8,0.7,20,"2023-07-26","OUI","01",942200.75,6535006.78,6.12302,45.87161
"74010","93860","GRAND ANNECY","695","PA",100,"110","2019-07-24","ROUTE DU SEMNOZ",NULL,NULL,NULL,NULL,"OUI","01",942077.06,6534473.58,6.12116,45.86686
"74010","93883","GRAND ANNECY","696","PI",100,"100",NULL,"BOULEVARD DE LA CORNICHE",8.3,7.3,60,"2023-07-26","OUI","10",943172.87,6536998.11,6.13656,45.88918
"74010","63289","GRAND ANNECY","698","PI",100,"125","1985-01-01","BOULEVARD DE LA CORNICHE",6,1,42,"2023-08-01","OUI","01",943464.97,6536765.43,6.14021,45.88699
"74010","79698","GRAND ANNECY","699","PI",100,"125",NULL,"CHEMIN DES ESPAGNOUX",5.3,4.6,60,"2023-01-09","OUI","01",943456.35,6536634.93,6.14003,45.88582
"74010","63290","GRAND ANNECY","700","PI",100,"100","1973-01-01","CHEMIN DES ESPAGNOUX",5.2,3.8,60,"2023-08-01","OUI","10",943402.12,6536497.87,6.13926,45.8846
"74010","79699","GRAND ANNECY","701","PI",100,"100","1985-01-01","BOULEVARD DE LA CORNICHE",6.7,3.5,60,"2021-01-18","OUI","10",943510.24,6536557.42,6.14069,45.8851
"74010","64020","GRAND ANNECY","702","PI",100,"100",NULL,"AVENUE DES VIEUX MOULINS",3.3,2.7,60,"2023-08-01","OUI","10",941852.54,6536283.33,6.11919,45.88322
"74010","79700","GRAND ANNECY","703","PI",100,"100",NULL,"RUE DE LA BOUVERIE",3.5,2.8,60,"2022-12-01","OUI","01",941721.27,6536504.66,6.11761,45.88526
"74010","64097","GRAND ANNECY","704","PI",100,"100","1967-01-01","AVENUE DES VIEUX MOULINS",3.5,3.1,60,"2023-08-01","OUI","01",941655.16,6536697.63,6.11686,45.88702
"74010","78679","GRAND ANNECY","706","PI",100,"100","1967-01-01","RUE DE SANSY",3.6,3,60,"2023-08-01","OUI","10",941544.78,6536821.47,6.1155,45.88818
"74010","64101","GRAND ANNECY","711","PI",100,"100","1970-01-01","RUE DE LA BOUVERIE",2.9,2.1,60,"2022-12-19","OUI","10",941637.17,6536336.06,6.11644,45.88378
"74010","64102","GRAND ANNECY","712","PI",100,"100",NULL,"RUE DE LA CESIERE",13,12.3,60,"2023-08-01","OUI","01",941807.73,6536135.96,6.11854,45.88191
"74010","79701","GRAND ANNECY","713","PI",100,"100","1966-01-01","RUE DE LA CESIERE",13.3,10.9,60,"2022-12-19","OUI","10",941629.46,6536091.48,6.11622,45.88158
"74010","81269","GRAND ANNECY","714","PI",100,"100","1969-01-01","RUE DE LA CESIERE",2.4,2,60,"2016-05-02","OUI","10",941503.52,6536150.86,6.11462,45.88216
"74010","64106","GRAND ANNECY","721","PI",100,"100","1972-01-01","RUE DE LA BOUVERIE",6.7,4.7,60,"2022-12-19","OUI","10",941710.73,6536379.34,6.11741,45.88414
"74010","6282261","GRAND ANNECY","780",NULL,100,"100","1995-01-01","RUE CARNOT",6.4,5.9,60,"2023-10-02","OUI","05",942232.23,6538725.27,6.12533,45.90506
"74010","6282262","GRAND ANNECY","781",NULL,100,"100","1995-01-01","AVENUE BOUVARD",7,6.6,60,"2023-10-02","OUI","05",942125.0,6538571.45,6.12387,45.90372
"74010","6282263","GRAND ANNECY","782",NULL,100,"100","1995-01-01","AVENUE BOUVARD",7,6.6,60,"2023-10-02","OUI","05",942048.57,6538538.95,6.12286,45.90345
"74010","6282264","GRAND ANNECY","783",NULL,100,"100","2000-01-01","AVENUE BOUVARD",6.7,6.1,60,"2023-10-02","OUI","05",941836.62,6538479.22,6.1201,45.90299
"74010","6282265","GRAND ANNECY","784",NULL,100,"100","2000-01-01","AVENUE BOUVARD",6.6,6,60,"2023-10-02","OUI","05",941943.14,6538511.37,6.12149,45.90324
"74010","6282266","GRAND ANNECY","785",NULL,100,"100","1995-01-01","AVENUE BOUVARD",6.5,6,60,"2023-10-02","OUI","05",942053.72,6538542.22,6.12293,45.90348
"74010","6282267","GRAND ANNECY","786",NULL,100,"100","1995-01-01","AVENUE BOUVARD",6.7,6.1,60,"2023-10-02","OUI","05",942118.57,6538569.68,6.12378,45.9037
"74010","6282268","GRAND ANNECY","787",NULL,100,"100","1995-01-01","AVENUE BOUVARD",6.5,5.9,60,"2023-10-02","OUI","05",942129.54,6538566.66,6.12392,45.90367
"74010","6282269","GRAND ANNECY","788",NULL,100,"100","1995-01-01","RUE CARNOT",6.5,6,60,"2023-10-02","OUI","05",942194.72,6538650.03,6.1248,45.9044
"74010","95657","GRAND ANNECY","COMBADIEU","CI",NULL,NULL,"1996-01-01",NULL,NULL,NULL,NULL,NULL,"OUI","01",947010.39,6540737.71,6.18796,45.92145
"74010","79144","GRAND ANNECY","LES ARGOS","CI",NULL,NULL,NULL,NULL,NULL,NULL,NULL,NULL,"OUI","01",944876.65,6542721.76,6.16147,45.94007
"74010","95667","GRAND ANNECY","LES GRANGES","CI",NULL,"40",NULL,"ROUTE DE THONES",NULL,NULL,NULL,NULL,"OUI","01",947685.49,6540391.51,6.19648,45.91809
"74010","82912","GRAND ANNECY","LES ILES","CI",NULL,NULL,"2007-03-14","CHEMIN DU GENIE MILITAIRE",NULL,NULL,NULL,NULL,"OUI","05",941569.84,6540410.8,6.11765,45.92046
"74010","64610","GRAND ANNECY","M01","PI",100,"100",NULL,"AVENUE DU PONT DE TASSET",9,8.9,60,"2023-07-27","OUI","05",940021.37,6539089.94,6.09701,45.90913
"74010","80150","GRAND ANNECY","M02","PI",100,NULL,"1985-01-01","IMPASSE DES ECREVISSES",9.6,8.8,60,"2023-07-27","OUI","05",940057.96,6539295.69,6.09759,45.91097
"74010","64609","GRAND ANNECY","M03","PI",100,"125",NULL,"AVENUE DU PONT DE TASSET",9.3,8.9,60,"2023-07-27","OUI","01",940159.67,6539416.73,6.09896,45.91202
"74010","6281729","GRAND ANNECY","M03BIS","PI",100,"125","2018-01-17","AVENUE DU PONT DE TASSET",9.2,8.9,60,"2023-07-27","OUI","01",940199.8,6539494.5,6.09952,45.9127
"74010","64702","GRAND ANNECY","M04","PI",100,"100",NULL,"AVENUE DU PONT DE TASSET",9.1,8.7,60,"2023-07-27","OUI","01",940297.15,6539610.91,6.10083,45.91372
"74010","64701","GRAND ANNECY","M05","PI",100,"125",NULL,"AVENUE DU PONT DE TASSET",8.9,8.6,60,"2023-07-27","OUI","01",940387.92,6539742.8,6.10207,45.91487
"74010","79749","GRAND ANNECY","M06","PI",100,NULL,"1970-01-01","ALLEE DES MORILLES",8.8,7.85,60,"2023-07-27","OUI","05",940349.07,6539892.97,6.10165,45.91624
"74010","64704","GRAND ANNECY","M07","PI",100,"125",NULL,"RUE DU CHAUDAIRON",9.3,8.95,60,"2023-07-27","OUI","01",940501.68,6539843.04,6.10359,45.91573
"74010","64705","GRAND ANNECY","M08","PI",100,NULL,"1970-01-01","RUE DE LA BARRADE",9.3,8.5,60,"2023-07-27","OUI","05",940676.72,6539783.25,6.10581,45.91513
"74010","64706","GRAND ANNECY","M09","PI",100,"100","2017-06-28","AVENUE DU PONT DE TASSET",9.15,8.9,60,"2023-07-27","OUI","01",940615.55,6539984.23,6.10513,45.91696
"74010","65294","GRAND ANNECY","M10","PI",100,"125",NULL,"RUE DE LA BARRADE",9.1,8.7,60,"2021-06-08","OUI","05",940575.55,6540153.61,6.1047,45.9185
"74010","80284","GRAND ANNECY","M11","PI",100,"125",NULL,"RUE DE LA BARRADE",9.1,8.7,60,"2023-07-27","OUI","01",940567.0,6540301.74,6.10466,45.91984
"74010","64703","GRAND ANNECY","M12","PI",100,"125",NULL,"RUE DES GARENNES",9.5,8.6,60,"2023-07-27","OUI","01",940196.48,6539731.49,6.0996,45.91484
"74010","81525","GRAND ANNECY","M13","PI",100,NULL,"1990-01-01","IMPASSE DES FUSAINS",8.5,6.2,60,"2023-07-27","OUI","01",940005.92,6539723.28,6.09714,45.91483
"74010","63063","GRAND ANNECY","M14","PI",100,NULL,"1990-01-01","IMPASSE DES FUSAINS",8,4.75,60,"2023-07-27","OUI","01",940058.7,6539941.43,6.09793,45.91678
"74010","63064","GRAND ANNECY","M15","PI",100,"100","2014-02-18","RUE DE L EGALITE",8.5,6.6,60,"2023-09-27","OUI","01",939976.01,6539622.17,6.0967,45.91393
"74010","74597","GRAND ANNECY","M16","PI",100,"100","1990-01-01","RUE DE L EGALITE",8.2,7.7,60,"2023-09-27","OUI","01",939950.79,6539387.48,6.09626,45.91183
"74010","64634","GRAND ANNECY","M17","PI",100,NULL,"1965-01-01","ROUTE DE COTFA",8.2,7,60,"2023-09-27","OUI","01",939916.89,6539078.81,6.09566,45.90906
"74010","82733","GRAND ANNECY","M18","PI",100,"100","2024-03-07","RUE DES ETOILES",6.5,5.2,60,"2024-05-27","OUI","01",939740.63,6539072.12,6.09339,45.90907
"74010","64636","GRAND ANNECY","M19","PI",100,"100","2020-06-25","RUE DES ETOILES",6.8,5.1,60,"2023-09-14","OUI","05",939763.68,6539144.19,6.09372,45.90971
"74010","64632","GRAND ANNECY","M20","PI",100,"125","1960-01-01","ROUTE DE COTFA",6.8,6.5,60,"2023-09-14","OUI","01",939862.36,6539185.43,6.09501,45.91004
"74010","64635","GRAND ANNECY","M21","PI",100,"110",NULL,"RUE DE LA CARRIERE",7,6.1,60,"2023-09-14","OUI","01",939772.85,6539298.05,6.09392,45.91109
"74010","64639","GRAND ANNECY","M22","PI",100,"100",NULL,"RUE FRANCOIS PALLUD",6.8,6.5,60,"2023-09-14","OUI","01",939682.24,6539245.58,6.09272,45.91065
"74010","64631","GRAND ANNECY","M23","PI",65,"100","2019-10-01","ALLEE DU PRINTEMPS",6.8,58,60,"2023-09-14","OUI","01",939618.03,6539218.23,6.09188,45.91042
"74010","64640","GRAND ANNECY","M24","PI",100,NULL,"1990-01-01","RUE FRANCOIS PALLUD",6.8,6.2,60,"2023-09-14","OUI","01",939652.05,6539147.06,6.09228,45.90977
"74010","63246","GRAND ANNECY","M25","PI",100,NULL,NULL,"RUE LIEUTENANT SIMON",6.8,6.3,60,"2023-09-14","OUI","01",939617.74,6539097.48,6.09182,45.90934
"74010","64032","GRAND ANNECY","M26","PI",100,NULL,NULL,"RUE LIEUTENANT MOREL",6.8,6.2,60,"2023-09-14","OUI","01",939552.47,6539068.52,6.09096,45.9091
"74010","64606","GRAND ANNECY","M28","PI",100,"100",NULL,"RUE LIEUTENANT SIMON",7.1,6.5,60,"2023-09-14","OUI","01",939371.87,6539190.75,6.08869,45.91026
"74010","64641","GRAND ANNECY","M29","PI",100,"100","2007-05-25","RUE JEAN FRANCOIS GRIVOD",7.2,6.8,60,"2023-09-14","OUI","01",939411.66,6539241.93,6.08923,45.91071
"74010","79251","GRAND ANNECY","M30","PI",65,NULL,"1960-01-01","RUE DU BICENTENAIRE",7.2,5.2,60,"2023-09-14","OUI","01",939501.52,6539264.86,6.0904,45.91088
"74010","80154","GRAND ANNECY","M32","PI",100,"75",NULL,"RUE LOUIS LACHENAL",7,5.9,60,"2023-09-14","OUI","01",939617.37,6539354.92,6.09194,45.91165
"74010","64608","GRAND ANNECY","M33","PI",100,"110",NULL,"RUE AMBROISE CROIZAT",7,6.5,60,"2023-09-14","OUI","01",939537.25,6539403.68,6.09093,45.91212
"74010","64638","GRAND ANNECY","M34","PI",100,"125",NULL,"ROUTE DE COTFA",7.1,6.8,60,"2023-09-14","OUI","05",939599.19,6539290.77,6.09167,45.91108
"74010","64637","GRAND ANNECY","M35","PI",100,NULL,NULL,"ROUTE DE COTFA",7,6.8,60,"2023-09-14","OUI","01",939436.13,6539403.04,6.08963,45.91215
"74010","64633","GRAND ANNECY","M36","PI",100,NULL,"1970-01-01","RUE DES NOISETIERS",7.15,6.6,60,"2023-09-14","OUI","01",939334.5,6539309.88,6.08827,45.91135
"74010","74594","GRAND ANNECY","M37","PI",100,"125","2022-07-17","RUE DE CALVI",7.05,6.8,60,"2023-09-14","OUI","01",939229.05,6539374.46,6.08695,45.91197
"74010","79252","GRAND ANNECY","M38","PI",100,"125","2022-07-17","RUE CHANTE BISE",7,6.5,60,"2023-09-27","OUI","01",939245.45,6539606.54,6.08727,45.91405
"74010","64614","GRAND ANNECY","M39","PI",100,"125","2022-07-17","RUE CHANTE BISE",7.1,6.8,60,"2023-09-27","OUI","01",939194.68,6539751.15,6.08669,45.91537
"74010","64613","GRAND ANNECY","M40","PI",100,"100","2019-09-25","RUE CHANTE BISE",6.6,6,60,"2023-09-27","OUI","01",939221.79,6539857.76,6.0871,45.91632
"74010","63056","GRAND ANNECY","M41","PI",100,NULL,"1965-01-01","RUE CHANTE BISE",6.5,5.9,60,"2023-09-27","OUI","01",939282.07,6539928.01,6.08791,45.91693
"74010","79807","GRAND ANNECY","M42","PI",100,NULL,NULL,"RUE AIME CESAIRE",6.8,6.5,60,"2023-09-27","OUI","01",939359.44,6539931.36,6.08891,45.91693
"74010","62984","GRAND ANNECY","M43","PI",100,NULL,"1950-01-01","IMPASSE DES CREUSETTES",6.5,5.8,60,"2023-09-27","OUI","01",939420.71,6539815.91,6.08964,45.91587
"74010","79487","GRAND ANNECY","M44","PI",100,NULL,"1980-01-01","RUE DU NANT",6.7,1,31,"2021-06-14","OUI","01",939207.46,6540047.49,6.08701,45.91803
"74010","63947","GRAND ANNECY","M44BIS","PI",100,NULL,NULL,"RUE DU NANT",6.8,6.7,60,"2023-09-14","OUI","01",939329.4,6540037.06,6.08857,45.91789
"74010","64618","GRAND ANNECY","M45","PI",100,"100","2002-06-01","RUE FRANCOIS VERNEX",6.7,6.3,60,"2023-09-27","OUI","01",939580.45,6539688.36,6.09163,45.91467
"74010","62980","GRAND ANNECY","M46","PI",100,"125","2016-02-24","RUE FRANCOIS VERNEX",7,6.6,60,"2023-09-27","OUI","01",939512.15,6539568.3,6.09069,45.91361
"74010","64607","GRAND ANNECY","M47","PI",100,"125","2016-02-24","RUE FRANCOIS VERNEX",6.9,6.5,60,"2023-09-27","OUI","01",939462.94,6539477.79,6.09001,45.91281
"74010","64615","GRAND ANNECY","M48","PI",100,NULL,"1970-01-01","RUE DES GRILLONS",6.7,5.1,60,"2023-09-27","OUI","01",939398.39,6539678.39,6.08928,45.91464
"74010","82734","GRAND ANNECY","M49","PI",100,NULL,NULL,"RUE DES GRILLONS",7,6.4,60,"2023-09-27","OUI","01",939290.87,6539744.56,6.08793,45.91527
"74010","81543","GRAND ANNECY","M50","PI",100,NULL,NULL,"RUE DES PAPILLONS",6.8,6.3,60,"2023-09-27","OUI","01",939635.24,6539543.18,6.09227,45.91334
"74010","62981","GRAND ANNECY","M51","PI",100,"100","2022-03-16","RUE DES PAPILLONS",6.7,6.2,60,"2023-09-27","OUI","10",939590.36,6539435.6,6.09163,45.91239
"74010","62979","GRAND ANNECY","M52","PI",100,"100","2010-10-01","ROUTE DE FRANGY",6.8,6.5,60,"2023-09-27","OUI","01",939772.62,6539565.87,6.09405,45.9135
"74010","64612","GRAND ANNECY","M53","PI",100,NULL,"1950-01-01","RUE DES VIGNES",6.8,6.2,60,"2023-09-27","OUI","01",939888.06,6539604.11,6.09556,45.9138
"74010","64619","GRAND ANNECY","M54","PI",100,NULL,NULL,"RUE EMILE TYRODE",6.9,6.2,60,"2023-09-27","OUI","01",939711.14,6539752.91,6.09335,45.9152
"74010","79318","GRAND ANNECY","M55","PI",100,"125","1960-01-01","RUE DE L AERODROME",6.4,6,60,"2023-09-27","OUI","01",939637.92,6539769.11,6.09242,45.91537
"74010","64617","GRAND ANNECY","M56","PI",100,NULL,NULL,"RUE DE L HOPITAL",6.7,6.2,60,"2023-09-27","OUI","01",939809.61,6539889.83,6.09469,45.9164
"74010","64611","GRAND ANNECY","M57","PI",100,NULL,"1950-01-01","RUE DES VIGNES",6.9,6.2,60,"2023-09-27","OUI","01",939920.43,6539769.83,6.09606,45.91528
"74010","79319","GRAND ANNECY","M58","PI",100,NULL,NULL,"RUE SAINT PAUL",6.7,1,33,"2023-09-27","OUI","01",939834.97,6539981.99,6.09506,45.91722
"74010","63052","GRAND ANNECY","M59","PI",100,NULL,"1950-01-01","IMPASSE DE LA PIECE",6.45,5.8,60,"2023-07-27","OUI","01",939966.67,6540056.16,6.0968,45.91784
"74010","80163","GRAND ANNECY","M60","PI",100,NULL,NULL,"RUE DE L AERODROME",6.3,5.9,60,"2023-07-27","OUI","05",940015.16,6540093.18,6.09744,45.91816
"74010","64645","GRAND ANNECY","M61","PI",100,NULL,NULL,"RUE DE L AERODROME",6.3,5.9,60,"2023-07-27","OUI","01",940051.68,6540157.97,6.09795,45.91873
"74010","64644","GRAND ANNECY","M62","PI",100,NULL,NULL,"RUE DE L AERODROME",6.3,5.9,60,"2023-07-27","OUI","05",940078.56,6540282.97,6.09836,45.91984
"74010","63061","GRAND ANNECY","M63","PI",100,NULL,NULL,"ROUTE DE METZ",5.9,5.5,60,"2023-07-27","OUI","01",940130.04,6540507.22,6.09913,45.92184
"74010","63062","GRAND ANNECY","M64","PI",100,NULL,NULL,"ROUTE DE METZ",6,5.7,60,"2023-07-27","OUI","01",940186.97,6540573.59,6.0999,45.92242
"74010","64642","GRAND ANNECY","M65","PI",100,NULL,NULL,"CHEMIN COTE MERLE",6.05,5.7,60,"2023-07-27","OUI","01",940288.33,6540563.18,6.1012,45.92229
"74010","76032","GRAND ANNECY","M66","PI",100,NULL,"1975-01-01","ALLEE BELLEVUE",5.9,5.5,60,"2023-07-27","OUI","01",940357.99,6540683.2,6.10216,45.92334
"74010","63065","GRAND ANNECY","M66BIS","PI",100,NULL,"1975-01-01","CLOS BELLEVUE",5.9,5.5,60,"2023-07-27","OUI","01",940459.53,6540684.94,6.10347,45.92332
"74010","80097","GRAND ANNECY","M67","PI",100,NULL,"1975-01-01","ALLEE BELLEVUE",5.7,5.3,60,"2023-07-27","OUI","01",940405.99,6540795.77,6.10284,45.92434
"74010","76033","GRAND ANNECY","M67BIS","PI",100,NULL,"2000-01-01","ALLEE DE LA TOURNETTE",5.7,5.3,60,"2023-07-27","OUI","01",940445.11,6540951.6,6.10342,45.92573
"74010","79429","GRAND ANNECY","M67TER","PI",100,"125","2010-02-03","RUE RENE DUMONT",5.8,4.7,60,"2023-07-27","OUI","05",940280.04,6540921.87,6.10128,45.92552
"74010","79320","GRAND ANNECY","M68","PI",100,"100","2011-07-04","RUE DE L AERODROME",6,5.2,60,"2023-07-27","OUI","01",940088.97,6540649.95,6.09868,45.92314
"74010","80155","GRAND ANNECY","M69","PI",100,NULL,"1985-01-01","CHEMIN DU SOULAZ",6,4.7,60,"2023-07-27","OUI","01",940072.86,6540737.23,6.09851,45.92393
"74010","64643","GRAND ANNECY","M70","PI",100,NULL,NULL,"AVENUE DU STADE",6.1,5.6,60,"2023-07-27","OUI","05",940052.74,6540444.72,6.0981,45.92131
"74010","80096","GRAND ANNECY","M71","PI",100,NULL,NULL,"AVENUE DU STADE",6,5.7,60,"2023-07-27","OUI","05",939889.26,6540276.89,6.09591,45.91985
"74010","63053","GRAND ANNECY","M72","PI",100,NULL,"1970-01-01","AVENUE DU STADE",6.3,5.3,60,"2021-06-17","OUI","05",939803.2,6540189.27,6.09476,45.9191
"74010","76099","GRAND ANNECY","M73","PI",100,NULL,"1970-01-01","ALLEE DES GERANIUMS",6.4,6.2,60,"2023-09-14","OUI","01",939791.02,6540140.05,6.09458,45.91866
"74010","63054","GRAND ANNECY","M75","PI",100,NULL,"1975-01-01","CHEMIN DE LA FRUITIERE",6.2,5.7,60,"2023-07-27","OUI","05",939685.8,6540151.25,6.09323,45.91879
"74010","63055","GRAND ANNECY","M76","PI",100,NULL,"1980-01-01","CHEMIN DU VIEUX MEYTHET",6.15,5.6,60,"2023-07-27","OUI","01",939724.39,6540309.37,6.0938,45.9202
"74010","78479","GRAND ANNECY","M76BIS","PI",100,NULL,"2005-01-01","CHEMIN DU VIEUX MEYTHET",6.35,5.5,60,"2023-07-27","OUI","01",939797.8,6540417.23,6.0948,45.92115
"74010","80095","GRAND ANNECY","M77","PI",100,NULL,"1990-01-01","RUE LEON REY GRANGE",6.15,5.6,60,"2023-09-27","OUI","01",939546.6,6540310.52,6.09151,45.92028
"74010","79662","GRAND ANNECY","M78","PI",100,NULL,NULL,"RUE LEON REY GRANGE",6.2,5.6,60,"2023-09-27","OUI","01",939489.87,6540221.46,6.09074,45.9195
"74010","81469","GRAND ANNECY","M79","PI",100,NULL,NULL,"CHEMIN DE LA FRUITIERE",6.1,5.4,60,"2023-09-27","OUI","01",939551.22,6540245.0,6.09154,45.91969
"74010","62982","GRAND ANNECY","M80","PI",100,NULL,"1965-01-01","RUE DES PERDRIX",6.6,6.2,60,"2023-09-27","OUI","01",939695.34,6540019.07,6.09328,45.9176
"74010","79329","GRAND ANNECY","M81","PI",100,"100",NULL,"AVENUE DU STADE",6.5,6.1,60,"2023-09-27","OUI","01",939565.27,6539813.42,6.0915,45.9158
"74010","62983","GRAND ANNECY","M82","PI",100,"100","2021-10-01","RUE AIME CESAIRE",6.5,6.4,60,"2023-09-27","OUI","01",939579.29,6539960.71,6.09176,45.91712
"74010","6283002","GRAND ANNECY","M82BIS","PI",100,"125","2023-06-21","IMPASSE DES TORIOLETS",6.3,5.8,60,"2023-10-30","OUI","01",939536.74,6540006.29,6.09123,45.91754
"74010","6283003","GRAND ANNECY","M82TER","PI",100,"125","2023-06-21","IMPASSE DES TORIOLETS",6.2,5.6,60,"2023-10-30","OUI","01",939539.72,6540075.69,6.0913,45.91817
"74010","63057","GRAND ANNECY","M83","PI",100,"100",NULL,"RUE DU NANT",6.4,6,60,"2023-09-27","OUI","05",939400.95,6540053.4,6.0895,45.91801
"74010","80151","GRAND ANNECY","M84","PI",100,NULL,"1970-01-01","ROUTE DE FRANGY",6.8,6.4,60,"2023-09-28","OUI","05",939400.27,6540268.53,6.0896,45.91995
"74010","79808","GRAND ANNECY","M85","PI",100,NULL,"1990-01-01","IMPASSE DES GLIERES",6.8,6.5,60,"2023-09-28","OUI","01",939266.27,6540419.65,6.08795,45.92136
"74010","63050","GRAND ANNECY","M86","PI",100,NULL,"1990-01-01","RUE DU VIEUX MOULIN",6.8,6.7,60,"2023-09-28","OUI","01",939238.84,6540265.16,6.08752,45.91998
"74010","63051","GRAND ANNECY","M87","PI",100,NULL,"2019-09-01","ROUTE DE FRANGY",5.9,6.7,60,"2023-09-28","OUI","01",939307.03,6540599.44,6.08857,45.92296
"74010","64616","GRAND ANNECY","M88","PI",100,NULL,"1990-01-01","ROUTE DE FRANGY",6.7,5.5,60,"2023-09-28","OUI","01",939353.54,6540729.4,6.08923,45.92411
"74010","74596","GRAND ANNECY","M89","PI",100,NULL,"2003-06-01","RUE DE L EURO",6.6,6.3,60,"2023-09-28","OUI","05",939488.76,6540463.59,6.09084,45.92167
"74010","74860","GRAND ANNECY","M90","PI",100,NULL,"2003-06-01","RUE DE L EURO",6.6,6,60,"2023-09-28","OUI","05",939497.99,6540541.0,6.091,45.92237
"74010","75509","GRAND ANNECY","ML27","PI",100,"125","2010-03-01","ROUTE DE LA TAILLA",7,3,60,"2020-06-11","OUI","01",937236.14,6532410.83,6.05778,45.85
"74010","64717","GRAND ANNECY","S01","PI",100,"125","2017-08-21","AVENUE DES TROIS FONTAINES",13.2,12.9,60,"2022-07-25","OUI","01",941499.67,6537072.55,6.11504,45.89045
"74010","74158","GRAND ANNECY","S02","PI",100,"125",NULL,"AVENUE HENRI ZANAROLI",7.1,4.2,60,"2023-08-07","OUI","01",941417.24,6537266.25,6.11408,45.89222
"74010","6283009","GRAND ANNECY","S02BIS","PI",100,"125","2023-08-01","AVENUE HENRI ZANAROLI",7.2,3.6,60,"2023-08-07","OUI","01",941379.43,6537446.11,6.11368,45.89385
"74010","64714","GRAND ANNECY","S04","PI",100,NULL,"1970-01-01","AVENUE DE BARRAL",2.5,1,31,"2022-07-25","OUI","01",941268.27,6537471.31,6.11226,45.89412
"74010","64715","GRAND ANNECY","S05","PI",100,NULL,"1970-01-01","AVENUE DE BARRAL",4.9,2.3,60,"2022-07-27","OUI","01",941258.49,6537363.74,6.11208,45.89316
"74010","64716","GRAND ANNECY","S06","PI",100,NULL,"1970-01-01","AVENUE DE BARRAL",4.7,1,58,"2022-07-27","OUI","01",941326.15,6537288.62,6.11292,45.89246
"74010","80681","GRAND ANNECY","S07","PI",100,NULL,"1965-01-01","RUE DE L ORME",5.5,2.2,60,"2022-07-27","OUI","01",941231.49,6537243.42,6.11167,45.89208
"74010","80165","GRAND ANNECY","S08","PI",100,NULL,"2000-01-01","RUE DU VAL VERT",3.6,1,58,"2022-07-27","OUI","01",941101.05,6537058.23,6.1099,45.89046
"74010","65213","GRAND ANNECY","S09","PI",100,NULL,"1980-01-01","RUE DU VAL VERT",4.1,2.3,60,"2022-07-27","OUI","01",941180.63,6537115.04,6.11095,45.89095
"74010","6281725","GRAND ANNECY","S09BIS","PI",100,NULL,"1980-01-01","RUE DU VAL VERT",4.3,1.7,60,"2022-07-27","OUI","01",941178.75,6537005.54,6.11087,45.88996
"74010","80252","GRAND ANNECY","S10","PI",100,NULL,"1965-01-01","RUE DU VAL VERT",5.2,1.4,60,"2022-07-27","OUI","01",941281.05,6537126.15,6.11225,45.89101
"74010","65374","GRAND ANNECY","S100","PI",100,NULL,"1986-01-01","CHEMIN CHEZ JACQUET",5.1,1,60,"2020-10-12","OUI","01",937456.76,6532218.63,6.06052,45.8482
"74010","6282314","GRAND ANNECY","S100BIS","PI",100,"125","2020-07-15","CHEMIN DE L'ENVOIRE",9.1,6.4,60,"2020-12-04","OUI","01",937490.61,6531707.24,6.0607,45.84359
"74010","6282316","GRAND ANNECY","S100QTER","PI",100,"125","2020-09-01","CHEMIN DE L'ENVOIRE",8.9,6.1,60,"2020-11-24","OUI","01",937407.46,6531965.4,6.05976,45.84594
"74010","6282315","GRAND ANNECY","S100TER","PI",100,"125","2020-07-30","CHEMIN DE L'ENVOIRE",8.5,6.6,60,"2020-12-04","OUI","01",937453.32,6531781.06,6.06026,45.84426
"74010","65373","GRAND ANNECY","S101","PI",100,"100","1990-01-01","CHEMIN DU TREIGE",10.9,1,60,"2020-10-13","OUI","01",937988.16,6533657.84,6.06808,45.86096
"74010","74598","GRAND ANNECY","S101BIS","PI",100,"125","2010-03-01","AVENUE D AIX LES BAINS",7.3,4.4,60,"2020-10-13","OUI","05",937340.81,6532102.23,6.05897,45.84719
"74010","66456","GRAND ANNECY","S101TER","PI",100,NULL,"1980-01-01","CHEMIN RURAL DIT DES BOIS",7.1,4.1,60,"2020-10-13","OUI","01",937687.38,6532740.99,6.06375,45.85282
"74010",NULL,"GRAND ANNECY","S102","PI",100,"100","2023-06-06","CHEMIN DU TREIGE",9.3,7.4,60,"2023-06-06","OUI","01",938155.41,6533955.86,6.07039,45.86359
"74010","78159","GRAND ANNECY","S102BIS","PI",100,NULL,"2000-01-01","AVENUE D AIX LES BAINS",11.1,1,60,"2020-10-13","OUI","01",937985.84,6533819.86,6.06814,45.86242
"74010","65371","GRAND ANNECY","S103","PI",100,"100","1985-01-01","ROUTE DE MONTAGNY",11.3,4.1,60,"2020-10-13","OUI","01",938003.78,6533957.54,6.06844,45.86365
"74010","65372","GRAND ANNECY","S104","PI",100,NULL,"1995-01-01","CHEMIN DE SAISSY",11.1,1.5,60,"2020-10-13","OUI","01",937999.44,6534035.85,6.06842,45.86436
"74010","79229","GRAND ANNECY","S105","PI",100,NULL,"2000-01-01","ALLEE DE LA VIGNE DE LA COMBE",10.4,3.7,60,"2020-11-16","OUI","01",937885.27,6534168.66,6.06702,45.8656
"74010","74681","GRAND ANNECY","S106","PI",100,NULL,NULL,"CHEMIN DE SAISSY",8.7,1.6,60,"2020-11-16","OUI","01",937996.38,6534297.82,6.06851,45.86672
"74010","65375","GRAND ANNECY","S107","PI",100,NULL,NULL,"CHEMIN DES EPARIS",8.1,6,60,"2020-11-16","OUI","01",937214.52,6531680.99,6.05713,45.84345
"74010","117561","GRAND ANNECY","S107BIS","PI",100,NULL,"2012-06-01","ROUTE DES GODETS",8.3,6,60,"2020-11-16","OUI","01",937056.4,6531858.91,6.05519,45.8451
"74010","80294","GRAND ANNECY","S108","PI",100,NULL,"1970-01-01","IMPASSE DES CHENEVIS",8.1,5.9,60,"2020-11-16","OUI","01",937261.76,6531521.28,6.05766,45.84199
"74010","65377","GRAND ANNECY","S109","PI",100,NULL,NULL,"CHEMIN DES FONTAINES",8.9,5.7,60,"2020-11-16","OUI","01",937321.99,6531356.94,6.05836,45.84049
"74010","64475","GRAND ANNECY","S11","PI",100,NULL,"1980-01-01","RUE DU VAL VERT",6.3,5.2,60,"2022-07-27","OUI","01",941350.22,6537045.09,6.1131,45.89026
"74010","65378","GRAND ANNECY","S110","PI",100,NULL,NULL,"ROUTE DE BALMONT",8.1,1.8,60,"2020-11-16","OUI","01",937280.85,6530776.62,6.05754,45.83528
"74010","74680","GRAND ANNECY","S110BIS","PI",100,"125","2019-04-01","AVENUE D AIX LES BAINS",7.5,1.7,60,"2020-11-16","OUI","01",937371.98,6531006.01,6.05883,45.83732
"74010","6281828","GRAND ANNECY","S110TER","PI",100,"125","2019-04-01"," ",10.9,6,60,"2020-11-16","OUI","01",937144.67,6530778.04,6.05579,45.83534
"74010","65379","GRAND ANNECY","S111","PI",100,NULL,"1970-01-01","ROUTE DE BALMONT",7.7,1.6,59,"2018-04-09","OUI","01",937150.14,6530448.05,6.05569,45.83237
"74010","79224","GRAND ANNECY","S111BIS","PI",100,"100","2007-01-01","ROUTE DE BALMONT",8,1.9,60,"2020-11-16","OUI","01",937228.2,6530634.41,6.05679,45.83402
"74010","64247","GRAND ANNECY","S112","PI",100,"100","2020-02-28","ROUTE DES BAUGES",7.4,3.5,60,"2020-11-18","OUI","01",937069.64,6530357.5,6.05461,45.83159
"74010","74692","GRAND ANNECY","S112BIS","PI",100,NULL,NULL,"ROUTE DE L EGLISE",6.2,2,60,"2020-11-18","OUI","01",937313.23,6530369.9,6.05775,45.83161
"74010","82286","GRAND ANNECY","S113","PI",100,"100","2003-01-01","ROUTE CHEZ DELAVY",6,4.6,60,"2020-11-18","OUI","01",937390.56,6530252.79,6.05869,45.83053
"74010","81131","GRAND ANNECY","S113BIS","PI",100,"100",NULL,"ROUTE DE L EGLISE",5.6,4.8,60,"2020-11-18","OUI","01",937498.7,6530416.25,6.06016,45.83197
"74010","109966","GRAND ANNECY","S113TER","PI",100,"125","2014-05-13","ROUTE DU PARROI",5.1,1,48,"2020-11-18","OUI","01",937525.65,6530328.06,6.06047,45.83116
"74010","74758","GRAND ANNECY","S114","PI",100,"150",NULL,"ROUTE DE L EGLISE",6.1,4.6,60,"2020-11-18","OUI","01",937612.24,6530503.69,6.06167,45.83271
"74010","64249","GRAND ANNECY","S114BIS","PI",100,NULL,NULL,"ROUTE DE L EGLISE",10.3,8.7,60,"2020-11-18","OUI","01",937787.1,6530623.28,6.06398,45.83373
"74010","64708","GRAND ANNECY","S115","PI",100,"100",NULL,"ROUTE DE CHAUX",8.1,3.9,60,"2020-11-18","OUI","01",937520.34,6531337.97,6.0609,45.84025
"74010","65376","GRAND ANNECY","S116","PI",100,NULL,"1970-01-01","ROUTE DE CHAUX",8.1,5,60,"2020-11-18","OUI","01",937357.57,6531443.48,6.05886,45.84126
"74010","80685","GRAND ANNECY","S117","PI",100,NULL,"1990-01-01","ROUTE DE MECLAZ",5.5,3.2,60,"2020-11-18","OUI","01",938091.16,6531225.43,6.06819,45.83904
"74010","64707","GRAND ANNECY","S118","PI",100,NULL,NULL,"CHEMIN DU PENOSSAY",7.5,7,60,"2020-11-18","OUI","01",938205.09,6531766.6,6.06993,45.84387
"74010","64251","GRAND ANNECY","S118BIS","PI",100,NULL,"1990-01-01","ALLEE DU NOIRAY",8.4,7.8,60,"2023-11-07","OUI","01",938138.36,6531080.93,6.06873,45.83772
"74010","79682","GRAND ANNECY","S119","PI",100,NULL,"1989-01-01","CHEMIN DES PETITS CHAMPS",7.6,7.9,60,"2020-11-18","OUI","01",938183.02,6530990.09,6.06926,45.83689
"74010","117562","GRAND ANNECY","S119BIS","PI",100,"125","2014-01-27","ROUTE DE MECLAZ",9.1,7.7,60,"2020-11-18","OUI","01",938012.01,6530893.01,6.06701,45.83608
"74010","63229","GRAND ANNECY","S12","PI",100,NULL,NULL,"ROUTE DE SACCONGES",5.7,3.5,60,"2020-11-12","OUI","01",941210.29,6536699.97,6.11113,45.8872
"74010","64250","GRAND ANNECY","S120","PI",100,NULL,"1989-01-01","CHEMIN DES PETITS CHAMPS",6.6,5.5,60,"2020-07-29","OUI","01",938166.87,6530808.18,6.06896,45.83526
"74010","64248","GRAND ANNECY","S121","PI",100,"100","2023-10-12","CHEMIN CHEZ PACCOT",5.4,4.1,60,"2023-11-07","OUI","01",938035.56,6530363.91,6.06705,45.83131
"74010","74759","GRAND ANNECY","S122","PI",100,NULL,NULL,"ROUTE DU PARROI",4.5,2.5,60,"2020-07-29","OUI","01",938162.47,6530438.97,6.06872,45.83194
"74010","74768","GRAND ANNECY","S123","PI",100,NULL,NULL,"ROUTE DES CREUSES",9.1,8.1,60,"2020-07-29","OUI","01",941061.12,6537390.53,6.10955,45.89347
"74010","79616","GRAND ANNECY","S123BIS","PI",100,"100","2010-11-04","AVENUE D AIX LES BAINS",11.3,10.7,60,"2020-07-29","OUI","05",941130.69,6537513.33,6.11051,45.89455
"74010","6282537","GRAND ANNECY","S123TER","PI",100,"100","2016-01-01","ROUTE DES CREUSES",10.6,9.6,120,"2021-11-04","OUI","01",941035.99,6537493.24,6.10928,45.8944
"74010","64986","GRAND ANNECY","S124","PI",100,NULL,"1978-10-16","AVENUE DE CHAMP FLEURI",7,6.2,60,"2020-07-29","OUI","01",940430.63,6537352.89,6.10141,45.89335
"74010","74157","GRAND ANNECY","S125","PI",100,"100",NULL,"RUE DU BOIS GENTIL",7,6.4,60,"2020-07-29","OUI","01",940535.62,6537231.81,6.1027,45.89223
"74010","64983","GRAND ANNECY","S126","PI",100,NULL,"1978-10-16","RUE DU BOIS GENTIL",7,5.8,120,"2023-04-05","OUI","01",940642.01,6537263.56,6.10409,45.89247
"74010","82806","GRAND ANNECY","S127","PI",100,"100","1978-10-16","CHEMIN DES GENETS",8.6,7.7,60,"2020-07-29","OUI","01",940862.11,6537377.92,6.10698,45.89342
"74010","65214","GRAND ANNECY","S128","PI",100,"100",NULL,"RUE DU PRE DE LA FONTAINE",9.6,8.2,60,"2020-07-29","OUI","01",941094.55,6537169.87,6.10987,45.89147
"74010","6283008","GRAND ANNECY","S128BIS","PI",100,"125","2022-10-06","RUE DU CHAMP DE LA TAILLEE",9,8.5,60,"2023-01-26","OUI","01",941000.76,6537238.87,6.1087,45.89212
"74010","65215","GRAND ANNECY","S129","PI",100,NULL,NULL,"RUE DU BOIS GENTIL",7.9,6.5,120,"2023-04-05","OUI","01",940874.87,6537105.79,6.10701,45.89097
"74010","6281726","GRAND ANNECY","S12BIS","PI",100,"125","2017-03-15","AVENUE DES TROIS FONTAINES",11.5,10.8,60,"2020-11-12","OUI","01",941221.55,6536872.72,6.11136,45.88875
"74010","74155","GRAND ANNECY","S13","PI",100,NULL,NULL,"IMPASSE DES LOGIS FLEURIS",4.9,1.9,60,"2020-07-08","OUI","01",941142.03,6536735.86,6.11026,45.88755
"74010","80686","GRAND ANNECY","S135","PI",100,NULL,NULL,"RUE DE LA JONCHERE",6.5,5.8,60,"2020-07-28","OUI","01",940644.66,6537150.1,6.10407,45.89145
"74010","64991","GRAND ANNECY","S136","PI",100,"100","1978-10-16","RUE DU CHAMP DE LA TAILLEE",7.6,6.9,60,"2020-07-28","OUI","01",940751.03,6536941.8,6.10533,45.88954
"74010","64984","GRAND ANNECY","S137","PI",100,NULL,"1972-01-01","RUE DE LA DONZIERE",7.2,6.2,60,"2020-07-28","OUI","01",940612.43,6536991.86,6.10357,45.89004
"74010","64985","GRAND ANNECY","S138","PI",100,NULL,"1978-10-16","AVENUE DE CHAMP FLEURI",6,5,60,"2020-07-28","OUI","01",940456.79,6537071.6,6.1016,45.89081
"74010","64990","GRAND ANNECY","S139","PI",100,NULL,"1975-01-01","AVENUE DE CHAMP FLEURI",5.9,5.2,60,"2020-07-28","OUI","01",940454.51,6536912.82,6.1015,45.88938
"74010","74605","GRAND ANNECY","S14","PI",100,NULL,"2000-01-01","AVENUE MONTAIGNE",10.6,9.3,60,"2020-07-08","OUI","01",941086.03,6536686.18,6.10952,45.88712
"74010","64992","GRAND ANNECY","S140","PI",100,NULL,"1978-10-16","RUE DU CHAMP DE LA TAILLEE",7.2,6.6,60,"2020-07-28","OUI","01",940562.79,6536749.52,6.10281,45.88788
"74010","80687","GRAND ANNECY","S141","PI",100,"100","1970-01-01","RUE DU CHAMP DE LA VIGNE",6.5,5.7,60,"2020-07-28","OUI","01",940429.13,6536624.71,6.10102,45.8868
"74010","64997","GRAND ANNECY","S142","PI",100,NULL,"1978-10-16","AVENUE DE CHAMP FLEURI",6,5.3,60,"2020-07-28","OUI","01",940363.98,6536794.46,6.10027,45.88835
"74010","72683","GRAND ANNECY","S143","PI",100,NULL,"1978-10-16","RUE DU CEP",5.8,4.9,60,"2019-04-26","OUI","01",940318.74,6537040.2,6.09981,45.89058
"74010","80221","GRAND ANNECY","S144","PI",100,NULL,"1978-10-16","ROUTE DES GRANDES TEPPES",6.5,5.8,60,"2020-10-19","OUI","01",940226.8,6537176.33,6.09869,45.89184
"74010","64988","GRAND ANNECY","S145","PI",100,NULL,"1997-01-01","ROUTE DES GRANDES TEPPES",6.6,5.7,60,"2020-10-19","OUI","01",940154.33,6537177.74,6.09776,45.89187
"74010","74762","GRAND ANNECY","S146","PI",100,NULL,"1965-01-01","RUE LOUIS BREGUET",6,4.6,60,"2020-10-19","OUI","01",940009.56,6537048.02,6.09583,45.89076
"74010","64994","GRAND ANNECY","S147","PI",100,NULL,NULL,"ROUTE DES CREUSES",6,5.5,60,"2020-10-19","OUI","01",940018.05,6537230.18,6.09603,45.89239
"74010","63326","GRAND ANNECY","S147BIS","PI",100,NULL,NULL,"ROUTE DES CREUSES",6.2,5.5,60,"2022-12-26","OUI","01",939761.92,6537217.21,6.09272,45.89237
"74010","64993","GRAND ANNECY","S148","PI",100,"100","1950-01-01","RUE SAINT EXUPERY",5.5,4.2,60,"2020-10-19","OUI","01",939833.09,6537078.85,6.09357,45.8911
"74010","79232","GRAND ANNECY","S149","PI",100,NULL,"1950-01-01","RUE SAINT EXUPERY",5.9,4.9,60,"2020-10-19","OUI","01",939900.46,6537195.11,6.0945,45.89212
"74010","74604","GRAND ANNECY","S15","PI",100,"100","1995-01-01","GRANDS BOIS (DOMAINE DES)",9.4,8.1,60,"2020-07-08","OUI","01",940964.51,6536757.56,6.10799,45.88781
"74010","74765","GRAND ANNECY","S150","PI",100,NULL,NULL,"IMPASSE HELENE BOUCHER",5.9,4.1,60,"2020-10-19","OUI","01",939646.35,6537119.35,6.09119,45.89153
"74010","79233","GRAND ANNECY","S151","PI",100,NULL,"1978-10-16","RUE DES FRENES",5.2,4.4,60,"2019-05-07","OUI","01",939610.79,6536922.25,6.09063,45.88977
"74010","64996","GRAND ANNECY","S152","PI",100,NULL,"1978-10-16","ALLEE DES SYMPHORINES",5,4.5,60,"2020-07-28","OUI","01",939731.93,6536946.62,6.0922,45.88994
"74010","64995","GRAND ANNECY","S153","PI",100,NULL,"1980-01-01","RUE DES FAYARDS",5.5,3.8,60,"2020-07-28","OUI","01",939913.98,6536946.17,6.09455,45.88987
"74010","80688","GRAND ANNECY","S154","PI",100,"100","2019-05-21","RUE DES FRENES",5.4,4.8,60,"2020-07-28","OUI","01",939854.62,6536805.95,6.09371,45.88863
"74010","78161","GRAND ANNECY","S155","PI",100,NULL,"1970-01-01","RUE DES FRENES",5.8,5.4,60,"2020-07-28","OUI","01",940115.26,6536932.02,6.09713,45.88968
"74010","63406","GRAND ANNECY","S155TER","PI",100,"110","2007-12-20","RUE DES FRENES",6,5.5,60,"2020-07-28","OUI","01",940144.28,6537011.91,6.09755,45.89039
"74010","64489","GRAND ANNECY","S156","PI",100,NULL,"1978-10-16","RUE DU MURAILLON",4.6,2.1,60,"2020-06-24","OUI","01",940072.06,6536734.76,6.09648,45.88792
"74010","64490","GRAND ANNECY","S157","PI",100,NULL,"1978-10-16","CHEMIN DU PRE ROND",4.4,1.7,60,"2020-06-24","OUI","01",939926.14,6536646.05,6.09455,45.88717
"74010","64548","GRAND ANNECY","S158","PI",100,NULL,NULL,"CHEMIN DU PRE ROND",3.9,1.4,60,"2020-06-24","OUI","01",939727.84,6536634.07,6.09199,45.88713
"74010","73274","GRAND ANNECY","S159","PI",100,NULL,NULL,"RUE DE LA VALLEE",6,4.9,60,"2020-06-24","OUI","01",939454.32,6536868.92,6.08859,45.88934
"74010","75016","GRAND ANNECY","S159BIS","PI",100,NULL,"2002-01-01","RUE DE LA VALLEE",4.1,1.7,60,"2020-06-24","OUI","01",939487.13,6536639.83,6.08889,45.88727
"74010","74603","GRAND ANNECY","S16","PI",100,NULL,"1995-01-01","GRANDS BOIS (DOMAINE DES)",8.7,7.6,60,"2020-07-08","OUI","01",940790.11,6536670.47,6.1057,45.88708
"74010","64551","GRAND ANNECY","S160","PI",100,NULL,"1978-10-16","RUE DES AULNES",4.1,2.6,60,"2020-06-24","OUI","01",939843.28,6536408.14,6.09336,45.88506
"74010","64550","GRAND ANNECY","S161","PI",100,"100","2022-05-29","RUE DU MURAILLON",8.2,4.6,60,"2022-05-30","OUI","01",939712.08,6536432.0,6.09169,45.88532
"74010",NULL,"GRAND ANNECY","S161BIS","PI",100,"125","2021-12-23","AVENUE JEAN CLERC",3,2.4,60,"2022-05-09","OUI","01",939681.62,6536225.59,6.09119,45.88347
"74010","64998","GRAND ANNECY","S162","PI",100,NULL,"1978-10-16","AVENUE JEAN CLERC",4.9,3.6,60,"2020-06-24","OUI","01",940221.12,6536602.92,6.09833,45.88668
"74010","74943","GRAND ANNECY","S163","PI",100,NULL,"1975-01-01","AVENUE JEAN CLERC",4,3.3,60,"2020-07-06","OUI","01",940107.29,6536604.06,6.09687,45.88673
"74010","64999","GRAND ANNECY","S164","PI",100,NULL,"2017-11-23","AVENUE JEAN CLERC",4.1,2.9,60,"2020-06-24","OUI","01",940017.37,6536434.59,6.09562,45.88524
"74010","80689","GRAND ANNECY","S164BIS","PI",100,NULL,"1960-01-01","AVENUE JEAN CLERC",3.9,2.7,60,"2020-07-06","OUI","05",939977.15,6536465.83,6.09512,45.88553
"74010","80222","GRAND ANNECY","S165","PI",100,NULL,"1978-10-16","AVENUE JEAN CLERC",3.7,2.6,60,"2020-06-24","OUI","01",939827.99,6536255.9,6.09309,45.88369
"74010","81531","GRAND ANNECY","S166","PI",100,"125","2014-09-30","RUE DU PLEIN SOLEIL",3.7,2.7,60,"2020-07-06","OUI","01",939845.81,6536169.95,6.09328,45.88291
"74010","65000","GRAND ANNECY","S167","PI",100,"100","1978-10-16","RUE DE L ANGOULEME",4,3.1,60,"2020-07-06","OUI","01",939964.06,6536137.3,6.09478,45.88258
"74010","74691","GRAND ANNECY","S168","PI",100,NULL,"1978-10-16","RUE DE L ANGOULEME",4.6,3.8,60,"2020-07-06","OUI","01",940099.35,6536308.24,6.09661,45.88407
"74010","65001","GRAND ANNECY","S169","PI",100,NULL,"1978-10-16","RUE DE L ANGOULEME",5.4,4.6,60,"2020-07-06","OUI","01",940236.84,6536430.41,6.09845,45.88512
"74010","74156","GRAND ANNECY","S17","PI",100,NULL,"1995-01-01","GRANDS BOIS (DOMAINE DES)",8.6,7.3,60,"2020-11-09","OUI","01",940820.65,6536558.02,6.10603,45.88606
"74010","79234","GRAND ANNECY","S170","PI",100,NULL,NULL,"RUE DU CHAMP DE LA VIGNE",5.5,4.4,60,"2020-07-28","OUI","01",940295.65,6536339.94,6.09916,45.88429
"74010","74689","GRAND ANNECY","S171","PI",100,NULL,"1960-01-01","CHEMIN DE LA CONFRERIE",3,1.9,60,"2020-07-28","OUI","01",939704.43,6535853.92,6.0913,45.88012
"74010","65143","GRAND ANNECY","S172","PI",100,NULL,NULL,"AVENUE D AIX LES BAINS",2.8,2.3,60,"2020-07-28","OUI","01",939598.05,6535714.99,6.08986,45.87891
"74010","64555","GRAND ANNECY","S173","PI",100,NULL,"1991-01-01","AVENUE D AIX LES BAINS",4,2.5,60,"2020-07-28","OUI","01",939988.09,6535977.59,6.09501,45.88113
"74010","64552","GRAND ANNECY","S174","PI",100,"110","2015-05-19","AVENUE DES NEIGEOS",6.9,4.6,60,"2020-07-06","OUI","01",939603.52,6536040.49,6.09009,45.88184
"74010","83211","GRAND ANNECY","S175","PI",100,NULL,NULL,"AVENUE DES NEIGEOS",5.8,3.4,60,"2020-07-06","OUI","01",939576.91,6536261.21,6.08986,45.88383
"74010","81834","GRAND ANNECY","S176","PI",100,"100","1960-01-01","CHEMIN SUR LES FOURS",3,1.2,60,"2020-07-06","OUI","01",939417.41,6536069.29,6.08771,45.88216
"74010","80690","GRAND ANNECY","S177","PI",100,NULL,NULL,"CHEMIN DES PRES BOUVAUX",7.1,4,60,"2020-07-06","OUI","01",939458.47,6536024.13,6.08821,45.88174
"74010","65145","GRAND ANNECY","S178","PI",100,NULL,"1995-01-01","ALLEE AUGUSTE RODIN",5.8,4.5,60,"2020-07-06","OUI","01",939396.62,6535695.89,6.08725,45.87881
"74010","80241","GRAND ANNECY","S179","PI",100,NULL,NULL,"ALLEE DE LA CHENAIE",6.7,3.6,60,"2020-07-06","OUI","01",939466.46,6535807.46,6.08821,45.87979
"74010","74606","GRAND ANNECY","S18","PI",100,"100","1995-01-01","GRANDS BOIS (DOMAINE DES)",9.5,8.4,60,"2020-11-09","OUI","01",941005.29,6536630.28,6.10845,45.88665
"74010","74690","GRAND ANNECY","S180","PI",100,NULL,NULL,"ROUTE DES EMOGNES",5.9,4.7,60,"2020-07-06","OUI","01",939265.5,6535647.62,6.08554,45.87842
"74010","79160","GRAND ANNECY","S180BIS","PI",100,"125","2006-12-27","ALLEE AUGUSTE BARTHOLDI",5.9,4.5,60,"2020-07-06","OUI","05",939179.71,6535469.81,6.08434,45.87685
"74010","64547","GRAND ANNECY","S181","PI",100,"100","1978-10-16","RUE DU PRE DE VASSY",4.7,2,60,"2020-06-24","OUI","01",939794.97,6536696.54,6.09289,45.88767
"74010","64549","GRAND ANNECY","S182","PI",100,NULL,"1978-10-16","RUE DU PRE DE VASSY",5,1.5,60,"2020-06-24","OUI","01",939637.05,6536739.24,6.09087,45.88811
"74010","83343","GRAND ANNECY","S183","PI",100,NULL,"1980-01-01","RUE DE LA CHARAMONTE",3.6,2.3,60,"2020-07-06","OUI","01",939375.2,6536236.2,6.08725,45.88368
"74010","78805","GRAND ANNECY","S184","PI",100,"100",NULL,"RUE DES SPORTS",4,3.5,60,"2020-06-24","OUI","01",939257.82,6536258.31,6.08575,45.88392
"74010","79419","GRAND ANNECY","S184BIS","PI",100,"125","2010-02-25","RUE DES SPORTS",4.2,3.5,60,"2020-06-24","OUI","05",939347.78,6536327.27,6.08694,45.88451
"74010","64479","GRAND ANNECY","S185","PI",100,NULL,"1970-01-01","CHEMIN DES PRES BOUVAUX",8.1,3.9,60,"2020-06-24","OUI","01",939299.48,6536024.91,6.08616,45.8818
"74010","64478","GRAND ANNECY","S186","PI",100,NULL,NULL,"CHEMIN DES PRES BOUVAUX",5,4.3,60,"2020-06-24","OUI","01",939067.93,6536118.93,6.08323,45.88273
"74010","64477","GRAND ANNECY","S186BIS","PI",100,NULL,NULL,"CHEMIN DES PRES BOUVAUX",5,3.9,60,"2020-06-24","OUI","01",938941.16,6536179.26,6.08163,45.88332
"74010","80691","GRAND ANNECY","S187","PI",100,NULL,"1970-01-01","CHEMIN DE CHAMPETOU",5.5,5,60,"2020-06-24","OUI","01",939052.65,6536430.06,6.08319,45.88553
"74010","78162","GRAND ANNECY","S188","PI",100,"100",NULL,"IMPASSE DES CHARDONS",6.9,5.4,60,"2020-10-19","OUI","01",939358.21,6536948.84,6.08739,45.89009
"74010","80006","GRAND ANNECY","S189","PI",100,"125","2010-12-22","CHEMIN DES PRES BOUVAUX",5.4,4.9,60,"2020-06-24","OUI","01",939093.29,6536475.98,6.08374,45.88593
"74010","74154","GRAND ANNECY","S19","PI",100,NULL,NULL,"RUE DES EGLANTINES",9.7,8,60,"2020-11-09","OUI","01",941065.37,6536602.94,6.10921,45.88638
"74010","64410","GRAND ANNECY","S190","PI",65,NULL,"1983-01-01","CHEMIN DE LA TOUR",6.1,1,31,"2020-12-23","OUI","01",938458.35,6534960.34,6.07479,45.87252
"74010","6281610","GRAND ANNECY","S191","PI",100,"125","2018-09-28","CHEMIN DES PRES BOUVAUX",3.8,2.6,60,"2019-12-12","OUI","01",939215.02,6535941.93,6.08503,45.88109
"74010","65296","GRAND ANNECY","S192","PI",100,NULL,"1970-01-01","CHEMIN DE BRANCHY",4.2,3.5,60,"2020-10-19","OUI","01",938673.56,6535845.55,6.07801,45.88041
"74010","65297","GRAND ANNECY","S193","PI",100,"100","1970-01-01","CHEMIN DE BRANCHY",3.7,3,60,"2020-10-19","OUI","01",938399.15,6535875.02,6.07449,45.88077
"74010","80692","GRAND ANNECY","S194","PI",100,NULL,"1990-01-01","CHEMIN CLAUDE MONET",4,2.4,60,"2020-10-19","OUI","01",938145.15,6535859.69,6.07121,45.88072
"74010","65300","GRAND ANNECY","S195","PI",100,NULL,"1989-01-01","CHEMIN HENRI MATISSE",4.4,1.6,60,"2020-10-20","OUI","01",938253.88,6535995.5,6.07268,45.8819
"74010","65299","GRAND ANNECY","S196","PI",100,NULL,"1987-01-01","CHEMIN PAUL CEZANNE",4.4,2.7,60,"2020-10-20","OUI","01",938127.67,6535911.55,6.07101,45.88119
"74010","65301","GRAND ANNECY","S197","PI",100,NULL,"1990-01-01","ROUTE DE BRANCHY",4.2,2.7,60,"2020-10-19","OUI","01",938025.38,6536068.95,6.06977,45.88265
"74010","65302","GRAND ANNECY","S198","PI",100,NULL,"1992-01-01","ALLEE PAUL GAUGUIN",4.8,3.2,60,"2020-10-20","OUI","01",937848.41,6536052.37,6.06748,45.88256
"74010","65303","GRAND ANNECY","S199","PI",100,"100","2006-01-01","ALLEE SAINT SYLVESTRE",4.8,1,96,"2023-07-10","OUI","01",937790.93,6536122.64,6.06678,45.88321
"74010","78160","GRAND ANNECY","S199BIS","PI",100,"125","2006-01-01","ALLEE SAINT SYLVESTRE",4.2,2.4,60,"2020-10-20","OUI","01",937840.97,6536253.38,6.06749,45.88437
"74010","80767","GRAND ANNECY","S20","PI",100,"125",NULL,"ROUTE DE SACCONGES",9.5,8.7,60,"2020-11-09","OUI","01",941039.34,6536409.25,6.10878,45.88465
"74010","65364","GRAND ANNECY","S200","PI",100,NULL,"1980-01-01"," ",7,5.3,60,"2020-10-20","OUI","01",938961.27,6536893.71,6.08224,45.88974
"74010","80293","GRAND ANNECY","S201","PI",100,NULL,"1970-01-01","CHEMIN DE LA CROIX",6.7,5.7,60,"2020-10-20","OUI","01",938937.91,6536754.0,6.08187,45.88849
"74010","65367","GRAND ANNECY","S202","PI",100,NULL,"1970-01-01","CHEMIN DE LA CROIX",6.2,5.5,60,"2020-10-20","OUI","01",938742.78,6536762.17,6.07936,45.88863
"74010","65369","GRAND ANNECY","S203","PI",100,NULL,NULL,"CHEMIN DE LA CROIX",5.9,5.3,60,"2020-10-20","OUI","01",938454.66,6536633.68,6.07559,45.88758
"74010","65368","GRAND ANNECY","S204","PI",100,NULL,NULL,"CHEMIN DE LA CROIX",6.2,5.5,60,"2020-10-20","OUI","01",938373.4,6536572.99,6.07451,45.88706
"74010","65370","GRAND ANNECY","S205","PI",100,NULL,NULL,"RUE GUSTAVE EIFFEL",6,5.3,60,"2020-10-20","OUI","01",938316.25,6536567.67,6.07377,45.88703
"74010","65304","GRAND ANNECY","S206","PI",100,NULL,NULL,"RUE DES FRERES LUMIERE",6.1,5.3,60,"2020-10-20","OUI","01",938170.07,6536410.45,6.07181,45.88567
"74010","65305","GRAND ANNECY","S207","PI",100,NULL,NULL,"RUE GUSTAVE EIFFEL",6,5.4,60,"2020-10-20","OUI","01",938300.93,6536385.3,6.07348,45.8854
"74010","80292","GRAND ANNECY","S207BIS","PI",100,"100","1985-01-01","RUE DES FRERES DE MONTGOLFIER",5.8,5.1,60,"2020-10-20","OUI","01",938455.55,6536283.65,6.07542,45.88443
"74010","65359","GRAND ANNECY","S208","PI",100,"100","2020-01-24","RUE GUSTAVE EIFFEL",5.3,4.6,60,"2020-10-20","OUI","01",938681.06,6536285.66,6.07833,45.88437
"74010","6281606","GRAND ANNECY","S208BIS","PI",100,"125","2017-02-02","IMPASSE GUSTAVE EIFFEL",5.5,4.5,60,"2019-05-23","OUI","01",938579.32,6536141.63,6.07695,45.88311
"74010","65360","GRAND ANNECY","S209","PI",100,NULL,"1975-01-01","CHEMIN DE CESARDES",5.3,4.4,60,"2020-10-22","OUI","01",938535.4,6536392.0,6.07651,45.88537
"74010","63228","GRAND ANNECY","S21","PI",100,NULL,"1970-01-01","CHEMIN DES MOUSSERONS",9.2,7.1,60,"2020-11-09","OUI","01",941138.67,6536197.4,6.10995,45.8827
"74010","65361","GRAND ANNECY","S210","PI",100,NULL,NULL,"CHEMIN DE CESARDES",4.2,3.8,60,"2020-10-22","OUI","01",938654.88,6536498.21,6.0781,45.88629
"74010","65363","GRAND ANNECY","S211","PI",100,NULL,NULL,"CHEMIN DE CESARDES",5.9,5,60,"2020-10-22","OUI","01",938844.01,6536694.77,6.08063,45.88799
"74010","65362","GRAND ANNECY","S212","PI",100,NULL,NULL,"RUE ANDRE AMPERE",5.4,3.7,60,"2020-10-22","OUI","01",938496.18,6536577.51,6.07609,45.88706
"74010","65366","GRAND ANNECY","S213","PI",100,"125",NULL,"ROUTE DES CREUSES",6.5,2.8,60,"2020-10-22","OUI","01",938568.74,6536777.13,6.07713,45.88883
"74010","79871","GRAND ANNECY","S214","PI",100,"100","1930-01-01","IMPASSE SAINTE CATHERINE",4,2.5,60,"2020-12-15","OUI","01",941566.73,6537492.72,6.11612,45.89421
"74010","64099","GRAND ANNECY","S216","PI",100,NULL,"1960-01-01","RUE DE SANSY",3.3,2.7,60,"2020-12-21","OUI","01",941461.23,6536684.0,6.11435,45.88697
"74010","64100","GRAND ANNECY","S217","PI",100,NULL,"1960-01-01","RUE DE SANSY",3,2.5,60,"2020-12-21","OUI","01",941409.57,6536597.6,6.11364,45.88621
"74010","64411","GRAND ANNECY","S218","PI",100,NULL,NULL,"RUE DE LA CESIERE",2.5,2,60,"2020-12-21","OUI","01",941302.72,6536419.49,6.11217,45.88464
"74010","80113","GRAND ANNECY","S219","PI",100,NULL,NULL,"RUE DE LA CESIERE",2.8,2.4,60,"2020-12-21","OUI","01",941356.64,6536247.45,6.11278,45.88308
"74010","64103","GRAND ANNECY","S220","PI",100,"100",NULL,"RUE DE LA CESIERE",12.6,12,60,"2020-12-21","OUI","05",941429.98,6536168.25,6.11369,45.88234
"74010","82685","GRAND ANNECY","S220BIS","PI",100,NULL,"2019-04-26","AVENUE DES TROIS FONTAINES",12.4,11,60,"2020-12-21","OUI","01",941347.88,6536073.14,6.11258,45.88151
"74010","80693","GRAND ANNECY","S221","PI",100,"100",NULL,"RUE DE LA CESIERE",12.6,12.1,60,"2020-12-21","OUI","01",941369.79,6536207.45,6.11293,45.88271
"74010","64473","GRAND ANNECY","S222","PI",100,NULL,NULL,"RUE DE LA CESIERE",12,11.3,60,"2020-12-21","OUI","01",941254.91,6536540.27,6.11162,45.88575
"74010","64474","GRAND ANNECY","S223","PI",100,"100",NULL,"RUE DE LA CESIERE",12.2,11.1,60,"2020-12-21","OUI","01",941274.56,6536691.1,6.11195,45.8871
"74010","64104","GRAND ANNECY","S224","PI",100,NULL,NULL,"AVENUE DES TROIS FONTAINES",12.8,12,60,"2020-12-21","OUI","01",941378.28,6536862.17,6.11337,45.8886
"74010","64105","GRAND ANNECY","S225","PI",100,NULL,NULL,"RUE DES ATELIERS",3.6,2.9,60,"2020-12-21","OUI","01",941605.32,6537056.97,6.1164,45.89027
"74010","81061","GRAND ANNECY","S226","PI",100,NULL,NULL,"CHEMIN DES PEUPLIERS",3.4,2.7,60,"2020-12-21","OUI","01",941593.81,6536923.97,6.11618,45.88908
"74010","63226","GRAND ANNECY","S23","PI",100,"100",NULL,"ALLEE DES ROSES",9.8,7,60,"2020-11-09","OUI","01",941182.22,6536182.05,6.1105,45.88255
"74010","63949","GRAND ANNECY","S24","PI",100,NULL,"1980-01-01","CHEMIN DES MORILLES",8.1,6.4,60,"2020-11-09","OUI","01",940958.2,6535910.65,6.10748,45.88019
"74010","63230","GRAND ANNECY","S24BIS","PI",100,NULL,"1980-01-01","CHEMIN DES MORILLES",10.5,8.1,60,"2020-11-09","OUI","01",941082.57,6535982.91,6.10912,45.88079
"74010","63225","GRAND ANNECY","S25","PI",100,NULL,"1991-01-01","RUE ALFRED DE MUSSET",8.2,7.2,60,"2020-11-09","OUI","01",940757.06,6536416.21,6.10514,45.88481
"74010","63224","GRAND ANNECY","S26","PI",100,NULL,"1991-01-01","RUE ALFRED DE MUSSET",8.4,7.5,60,"2020-11-09","OUI","01",940888.78,6536462.45,6.10686,45.88518
"74010","80023","GRAND ANNECY","S27","PI",100,NULL,NULL,"RUE BLAISE PASCAL",8.2,7.2,60,"2020-07-08","OUI","01",940706.72,6536567.33,6.10457,45.88619
"74010","110347","GRAND ANNECY","S272","PI",100,"100","2012-07-02","RUE HENRI VERJUS",5.3,4.5,60,"2020-12-22","OUI","01",940304.27,6536014.4,6.0991,45.88135
"74010","110348","GRAND ANNECY","S273","PI",100,"110","2012-07-01","RUE HENRI VERJUS",4.9,4,60,"2020-12-22","OUI","01",940169.11,6535967.7,6.09734,45.88098
"74010","80708","GRAND ANNECY","S274","PI",100,"110","2012-07-02","BOULEVARD COSTA DE BEAUREGARD",4.6,4.1,60,"2020-12-22","OUI","01",940283.63,6535941.48,6.0988,45.8807
"74010","110349","GRAND ANNECY","S274BIS","PI",100,NULL,"2013-01-01","BOULEVARD COSTA DE BEAUREGARD",3.9,3.1,60,"2020-12-22","OUI","01",940214.63,6535856.22,6.09787,45.87996
"74010","110388","GRAND ANNECY","S275","PI",100,"110","2012-07-02","BOULEVARD COSTA DE BEAUREGARD",4.4,3.4,60,"2020-12-22","OUI","01",940253.19,6535846.37,6.09836,45.87986
"74010","63513","GRAND ANNECY","S275BIS","PI",100,"100","2007-10-01","BOULEVARD COSTA DE BEAUREGARD",3.8,3.1,60,"2020-12-22","OUI","01",940065.48,6535689.84,6.09586,45.87852
"74010","110351","GRAND ANNECY","S276","PI",100,"100","2012-07-02","RUE HENRI VERJUS",4.7,2.1,120,"2022-03-11","OUI","01",940408.23,6535912.57,6.10039,45.8804
"74010","110352","GRAND ANNECY","S277","PI",100,"110","2012-07-02","RUE HENRI VERJUS",4.3,3.3,60,"2020-12-22","OUI","01",940354.53,6535797.72,6.09964,45.87939
"74010","6281720","GRAND ANNECY","S278","PI",100,"100","2017-11-22","BOULEVARD DU SEMNOZ",3.1,1,114,"2022-03-11","OUI","01",940353.92,6535545.67,6.09951,45.87712
"74010","63223","GRAND ANNECY","S28","PI",100,NULL,NULL,"RUE RENE DESCARTES",6.4,5.7,60,"2020-06-23","OUI","01",940529.5,6536263.66,6.10213,45.88352
"74010","74764","GRAND ANNECY","S29","PI",100,NULL,NULL,"RUE ARTHUR RIMBAUD",7,5.9,60,"2020-07-09","OUI","01",940599.92,6536415.0,6.10312,45.88485
"74010","76814","GRAND ANNECY","S29BIS","PI",100,NULL,NULL,"AVENUE DES REGAINS",7.5,6.8,60,"2020-06-07","OUI","01",940658.38,6536433.46,6.10388,45.885
"74010","63222","GRAND ANNECY","S30","PI",100,NULL,"1985-01-01","IMPASSE DES REGAINS",7.5,6.5,60,"2020-06-07","OUI","01",940901.37,6536179.01,6.10688,45.88262
"74010","64557","GRAND ANNECY","S31","PI",100,NULL,"2012-07-24","CHEMIN DES AMARANTES",7.6,6.8,60,"2020-06-23","OUI","01",940972.7,6536044.28,6.10773,45.88139
"74010","74763","GRAND ANNECY","S32","PI",100,NULL,NULL,"RUE DU PRE FORNET",6.7,6.1,60,"2020-07-07","OUI","01",940745.78,6536145.91,6.10486,45.88238
"74010","80024","GRAND ANNECY","S32BIS","PI",100,"125",NULL,"ROUTE DES BLANCHES",6.6,5.9,60,"2020-07-07","OUI","01",940689.66,6536149.49,6.10414,45.88243
"74010","64025","GRAND ANNECY","S33","PI",65,NULL,"1970-01-01","RUE DU PUITS",7.2,1,46,"2020-07-07","OUI","01",940816.6,6535916.18,6.10566,45.88029
"74010","64027","GRAND ANNECY","S33BIS","PI",100,"100","1980-01-01","RUE DU PUITS",7.3,6.5,60,"2020-07-07","OUI","05",940756.41,6535784.25,6.10481,45.87912
"74010","64021","GRAND ANNECY","S34","PI",100,NULL,NULL,"ROUTE DE SACCONGES",8,6.7,60,"2020-07-07","OUI","01",940812.4,6535694.01,6.10549,45.87829
"74010","119849","GRAND ANNECY","S34BIS","PI",100,"100","2011-01-01","ALLEE DES VERGERS",8.4,1.8,120,"2022-03-11","OUI","01",940905.65,6535672.77,6.10668,45.87807
"74010","64026","GRAND ANNECY","S35","PI",100,NULL,"1960-01-01","RUE DU PRE FORNET",6.2,5.5,60,"2020-06-23","OUI","01",940680.1,6535868.59,6.10387,45.87991
"74010","80745","GRAND ANNECY","S36","PI",100,NULL,NULL,"RUE DE MALAZ",5.5,4.9,60,"2020-11-10","OUI","01",940553.37,6536034.38,6.10232,45.88144
"74010","64556","GRAND ANNECY","S37","PI",100,"100",NULL,"CHEMIN DE GOLEMME",6,5.1,60,"2020-11-10","OUI","01",940328.77,6536244.12,6.09954,45.88341
"74010","64553","GRAND ANNECY","S38","PI",100,NULL,NULL,"RUE DE MALAZ",5.2,4.4,60,"2020-11-10","OUI","01",940176.59,6536152.28,6.09753,45.88264
"74010","74602","GRAND ANNECY","S39","PI",100,NULL,"1992-01-01","ROUTE DES BLANCHES",5.1,4,60,"2020-11-10","OUI","01",940502.01,6535870.21,6.10158,45.87999
"74010","79150","GRAND ANNECY","S40","PI",100,NULL,NULL,"ALLEE DE SACCONGES",5.8,4.8,60,"2020-11-10","OUI","01",940645.81,6535431.64,6.10321,45.87599
"74010","64029","GRAND ANNECY","S41","PI",100,NULL,NULL,"ALLEE DE SACCONGES",6.6,5,60,"2020-11-10","OUI","01",940707.24,6535569.42,6.10407,45.87721
"74010","64022","GRAND ANNECY","S42","PI",100,NULL,NULL,"CHEMIN DU MOULIN ROUGE",7.1,5.3,60,"2020-11-10","OUI","01",940660.44,6535336.2,6.10335,45.87512
"74010","80253","GRAND ANNECY","S43","PI",100,NULL,"1975-01-01","IMPASSE DES NOYERS",5.5,2.6,60,"2020-11-10","OUI","01",940483.21,6535236.53,6.10102,45.87429
"74010","65219","GRAND ANNECY","S44","PI",100,NULL,"1975-01-01","RUE DES NEFLIERS",5.6,1,60,"2020-11-10","OUI","01",940559.87,6535401.88,6.10209,45.87575
"74010","64028","GRAND ANNECY","S45","PI",100,"100","2016-02-11","RUE DES POMMIERS",6.4,4.3,60,"2020-11-10","OUI","05",940593.36,6535751.79,6.1027,45.87889
"74010","65218","GRAND ANNECY","S46","PI",100,NULL,"1985-01-01","RUE GUY DE MAUPASSANT",4.9,2.5,60,"2020-11-10","OUI","01",940429.51,6535652.33,6.10053,45.87805
"74010","81446","GRAND ANNECY","S46BIS","PI",100,NULL,"2000-01-01","ALLEE DES MERISIERS",6.6,4.1,60,"2020-11-10","OUI","01",940525.03,6535093.72,6.10148,45.87299
"74010","95833","GRAND ANNECY","S46TER","PI",100,"100","2010-07-22","ALLEE DES MERISIERS",6.9,4.2,60,"2020-11-10","OUI","01",940603.91,6535171.75,6.10254,45.87367
"74010","64776","GRAND ANNECY","S47","PI",100,"100","1970-01-01","ROUTE DE SACCONGES",6.3,4.1,60,"2020-06-23","OUI","01",940432.42,6535056.09,6.10027,45.87268
"74010","109965","GRAND ANNECY","S47BIS","PI",100,"125","2014-04-02","RUE DE LA CULAZ",5.6,1,109,"2022-02-28","OUI","01",940253.3,6535138.55,6.09801,45.87349
"74010","74683","GRAND ANNECY","S48","PI",100,"100","1970-01-01","ROUTE DE SACCONGES",7.6,7,60,"2020-06-23","OUI","01",940319.73,6534879.36,6.09873,45.87113
"74010","6281623","GRAND ANNECY","S48BIS","PI",100,"125","2018-10-09","ROUTE DE SACCONGES",6.3,5.2,60,"2020-06-23","OUI","01",940204.01,6534783.88,6.09719,45.87032
"74010","64775","GRAND ANNECY","S49","PI",100,NULL,"2017-11-06","ROUTE DE SACCONGES",3.9,3.5,60,"2020-07-15","OUI","01",940016.34,6534412.31,6.09459,45.86704
"74010","64777","GRAND ANNECY","S50","PI",100,NULL,"1996-01-01","ALLEE DES GALANTINES",4.4,3,60,"2020-07-15","OUI","01",939741.68,6534862.91,6.09128,45.87119
"74010","65153","GRAND ANNECY","S51","PI",100,"100","2020-02-19","CHEMIN DES S NAILLES",4.4,2.5,60,"2020-07-15","OUI","01",939650.45,6534777.41,6.09006,45.87045
"74010","64719","GRAND ANNECY","S52","PI",100,NULL,"1979-11-01","ROUTE DE VERGLOZ",4.6,3.5,60,"2020-07-15","OUI","01",939782.1,6534741.96,6.09174,45.87009
"74010","65152","GRAND ANNECY","S53","PI",100,NULL,NULL,"RUE ALEXANDRE DUMAS",4.4,3.4,60,"2020-07-15","OUI","01",939498.56,6534712.31,6.08807,45.86992
"74010","64718","GRAND ANNECY","S54","PI",100,NULL,NULL,"ROUTE DE VERGLOZ",4.7,4.1,60,"2020-07-15","OUI","01",939430.84,6534626.44,6.08715,45.86917
"74010","65151","GRAND ANNECY","S55","PI",100,"100","2000-01-01","ALLEE DU TERTRE",4.6,3.4,60,"2020-07-15","OUI","01",939410.53,6534754.21,6.08696,45.87033
"74010","65150","GRAND ANNECY","S56","PI",100,"125","2013-04-08","CHEMIN DE CHATEAU VIEUX",4.6,3.9,60,"2020-07-15","OUI","01",939313.17,6534833.92,6.08574,45.87108
"74010","80296","GRAND ANNECY","S57","PI",100,NULL,NULL,"CHEMIN DE PERIAZ",6.9,6,60,"2020-07-15","OUI","01",939612.91,6535358.58,6.08987,45.8757
"74010","65146","GRAND ANNECY","S58","PI",100,NULL,"1985-01-01","AVENUE DE PERIAZ",7.3,6.7,60,"2018-07-17","OUI","01",939553.12,6535419.28,6.08913,45.87626
"74010","65148","GRAND ANNECY","S58BIS","PI",100,NULL,"1985-01-01","AVENUE DE PERIAZ",7.3,6,60,"2020-07-15","OUI","01",939569.32,6535333.91,6.08929,45.87549
"74010","80679","GRAND ANNECY","S59","PI",100,NULL,"1985-01-01","AVENUE DE PERIAZ",7,6.4,60,"2020-12-01","OUI","01",939400.46,6535410.27,6.08716,45.87624
"74010","76817","GRAND ANNECY","S59BIS","PI",100,NULL,"1985-01-01","AVENUE DE PERIAZ",7,6.4,60,"2020-12-01","OUI","01",939491.07,6535479.46,6.08836,45.87683
"74010",NULL,"GRAND ANNECY","S59TER","PI",NULL,"125",NULL,"RUE DU POIRIER",NULL,NULL,NULL,NULL,"OUI","01",939881.18,6535505.66,6.0934,45.87692
"74010","76818","GRAND ANNECY","S60","PI",100,NULL,"2005-01-01","BOULEVARD COSTA DE BEAUREGARD",7.8,6.8,60,"2020-12-01","OUI","01",939783.73,6535635.46,6.09221,45.87813
"74010","76819","GRAND ANNECY","S60BIS","PI",100,NULL,"2005-01-01","BOULEVARD COSTA DE BEAUREGARD",7.7,7,60,"2020-12-01","OUI","01",939866.04,6535645.92,6.09327,45.87819
"74010","63514","GRAND ANNECY","S60QTER","PI",100,"100","2007-10-01","BOULEVARD COSTA DE BEAUREGARD",3.7,2.8,60,"2020-12-01","OUI","01",940057.93,6535743.67,6.09579,45.879
"74010","65144","GRAND ANNECY","S60TER","PI",100,NULL,"2005-01-01","BOULEVARD COSTA DE BEAUREGARD",7.7,6.7,60,"2020-12-01","OUI","01",939784.47,6535579.44,6.09219,45.87762
"74010","65147","GRAND ANNECY","S61","PI",100,NULL,NULL,"AVENUE DE PERIAZ",7.3,6.4,60,"2020-12-01","OUI","01",939610.61,6535525.41,6.08992,45.8772
"74010","80707","GRAND ANNECY","S61BIS","PI",100,"100","2010-01-01","BOULEVARD COSTA DE BEAUREGARD",5.7,4.8,60,"2020-12-01","OUI","01",940421.4,6536254.53,6.10074,45.88347
"74010","82830","GRAND ANNECY","S61QTER","PI",100,NULL,"2012-12-01","BOULEVARD COSTA DE BEAUREGARD",5.9,5.5,60,"2020-12-01","OUI","01",940540.72,6536523.53,6.10241,45.88585
"74010","83047","GRAND ANNECY","S61TER","PI",100,"100","2010-02-19","BOULEVARD COSTA DE BEAUREGARD",6,5.2,60,"2020-12-01","OUI","01",940408.73,6536353.29,6.10062,45.88437
"74010","6281802","GRAND ANNECY","S62","PI",100,NULL,"2005-01-01","AVENUE DE PERIAZ",5.6,4.7,60,"2020-12-01","OUI","01",939338.61,6535158.5,6.08623,45.87399
"74010","81523","GRAND ANNECY","S62BIS","PI",100,NULL,"2004-01-01","CHEMIN DE CHATEAU VIEUX",5.4,4.5,60,"2020-12-01","OUI","01",939244.17,6535150.52,6.08501,45.87395
"74010","65149","GRAND ANNECY","S63","PI",100,"100",NULL,"CHEMIN DE CHATEAU VIEUX",5.6,4.8,60,"2020-12-01","OUI","01",939182.1,6535311.68,6.08429,45.87543
"74010","74682","GRAND ANNECY","S64","PI",100,NULL,NULL,"ROUTE DES COTES",4.6,3.3,60,"2020-12-02","OUI","01",938901.23,6534992.21,6.08051,45.87265
"74010","65295","GRAND ANNECY","S65","PI",100,NULL,"1965-01-01","ROUTE DES PLEINS CHAMPS",3.3,2,60,"2020-12-02","OUI","01",939064.18,6534911.82,6.08257,45.87187
"74010","83519","GRAND ANNECY","S65BIS","PI",100,"100","2010-02-18","ALLEE DE CHAPEAU FAURY",5.2,4,60,"2020-12-02","OUI","01",938830.48,6534846.45,6.07953,45.87136
"74010","79164","GRAND ANNECY","S66","PI",100,NULL,"1991-01-01","ALLEE DE CHAPEAU FAURY",4.7,3.6,60,"2020-12-02","OUI","01",939035.4,6534785.08,6.08214,45.87074
"74010","64779","GRAND ANNECY","S67","PI",100,NULL,NULL,"ALLEE DES BOUVREUILS",8,6.6,60,"2020-12-02","OUI","01",939664.56,6534147.23,6.08992,45.86478
"74010","63333","GRAND ANNECY","S67BIS","PI",100,"125","2007-01-01","ALLEE DES BOUVREUILS",7.6,2.5,60,"2020-12-02","OUI","01",939591.92,6534247.4,6.08904,45.8657
"74010","74684","GRAND ANNECY","S68","PI",100,NULL,"1995-01-01","ALLEE DES CHARDONNERETS",8.2,6.5,60,"2020-12-02","OUI","01",939671.38,6534058.37,6.08996,45.86398
"74010","64778","GRAND ANNECY","S69","PI",100,NULL,"1980-01-01","ALLEE DES PASSERINES",8.1,6,60,"2020-12-02","OUI","01",939550.26,6534039.36,6.08839,45.86385
"74010","78469","GRAND ANNECY","S69BIS","PI",100,NULL,"2005-01-01","RUE DE LA CANTAMINE",8.1,7.1,60,"2020-12-02","OUI","01",939392.18,6534081.88,6.08638,45.86429
"74010","64712","GRAND ANNECY","S70","PI",100,NULL,"2001-01-01","RUE DE LA FRUITIERE",8,7.1,60,"2020-12-02","OUI","01",939505.34,6534082.13,6.08784,45.86425
"74010","78468","GRAND ANNECY","S70BIS","PI",100,NULL,"2003-01-01","RUE DES TROIS SOEURS",8.4,7.3,60,"2020-12-02","OUI","01",939422.1,6534182.54,6.08682,45.86518
"74010","74599","GRAND ANNECY","S71","PI",100,"100","1995-01-01","ALLEE DES BERGERONNETTES",7.6,6.6,60,"2020-12-02","OUI","01",939567.45,6533945.81,6.08857,45.863
"74010","63334","GRAND ANNECY","S71BIS","PI",100,NULL,"2007-01-01","RUE GRAND JEAN",7.7,6.2,60,"2020-12-02","OUI","01",939682.22,6533939.16,6.09004,45.8629
"74010","79433","GRAND ANNECY","S71TER","PI",100,"125","2009-02-24","RUE DE L ANCIEN CHEF LIEU",7.3,6.3,60,"2020-12-02","OUI","05",939693.98,6533806.13,6.09013,45.8617
"74010","64781","GRAND ANNECY","S72","PI",65,NULL,NULL,"CHEMIN DES GEAIS",NULL,NULL,NULL,NULL,"OUI","01",939971.75,6533750.57,6.09368,45.8611
"74010","64782","GRAND ANNECY","S73","PI",100,NULL,NULL,"RUE DE L ANCIEN CHEF LIEU",8.1,3.4,60,"2020-12-04","OUI","01",939965.18,6533661.5,6.09355,45.8603
"74010","80682","GRAND ANNECY","S74","PI",100,NULL,"2005-01-01","IMPASSE LOIN DES CHARRETS",10.7,2.5,60,"2020-12-04","OUI","01",940235.68,6533829.51,6.09712,45.86172
"74010","64780","GRAND ANNECY","S75","PI",100,NULL,NULL,"RUE DE L ANCIEN CHEF LIEU",6.8,2.5,60,"2020-12-15","OUI","01",939876.19,6533707.65,6.09243,45.86075
"74010","64783","GRAND ANNECY","S76","PI",100,NULL,"1960-01-01","ROUTE DE VIEUGY",7,6,60,"2020-12-15","OUI","01",939337.43,6533883.08,6.08557,45.86252
"74010","64785","GRAND ANNECY","S77","PI",100,NULL,"1993-01-01","CHEMIN DE RIOZ BUSSON",7.3,6.6,60,"2020-06-09","OUI","01",939461.98,6533745.4,6.08711,45.86123
"74010","64784","GRAND ANNECY","S78","PI",100,NULL,NULL,"CHEMIN DE RIOZ BUSSON",7.8,6,120,"2022-02-28","OUI","01",939591.8,6533794.77,6.08881,45.86163
"74010","78470","GRAND ANNECY","S78BIS","PI",100,"100","2006-01-01","RUE DES BEUBIONS",7.4,6.3,60,"2020-12-15","OUI","01",939752.86,6533446.17,6.0907,45.85844
"74010","63335","GRAND ANNECY","S78QTER","PI",100,"100",NULL,"RUE DES BEUBIONS",7.4,6.7,60,"2020-12-15","OUI","01",939659.39,6533567.71,6.08956,45.85957
"74010","65072","GRAND ANNECY","S78TER","PI",100,NULL,NULL,"ALLEE DE LA PIECE DU CHATEAU",7.4,6.5,60,"2020-12-15","OUI","01",939706.89,6533622.09,6.0902,45.86004
"74010","64790","GRAND ANNECY","S79","PI",100,NULL,"2008-04-30"," ",6.6,5.7,60,"2020-12-15","OUI","05",939721.3,6533342.85,6.09025,45.85752
"74010","64791","GRAND ANNECY","S80","PI",100,NULL,"1975-01-01","CHEMIN DU PURGATOIRE",6.1,4.8,60,"2020-12-15","OUI","01",939837.9,6533268.95,6.09171,45.85681
"74010","74688","GRAND ANNECY","S80BIS","PI",100,NULL,"1975-01-01","CHEMIN DES SOURCES",6.5,4.9,60,"2020-12-15","OUI","01",939886.78,6533329.98,6.09237,45.85735
"74010","80175","GRAND ANNECY","S81","PI",100,NULL,"1987-01-01","CHEMIN DE L AUNAIE",7.8,4,60,"2015-06-02","OUI","01",939852.79,6533166.25,6.09185,45.85588
"74010","6282017","GRAND ANNECY","S81BIS","PI",100,"125","2019-03-05","ALLEE DE SOCHEIN",5.4,4.9,60,"2020-10-22","OUI","01",939657.15,6533163.73,6.08933,45.85593
"74010","82089","GRAND ANNECY","S82","PI",100,NULL,"1995-01-01","CHEMIN DES VERNETTES",4.2,1,56,"2020-10-22","OUI","01",939739.93,6532955.1,6.09029,45.85402
"74010","64476","GRAND ANNECY","S83","PI",100,NULL,"1980-01-01","CHEMIN DES VERNETTES",4.5,3.8,60,"2020-10-22","OUI","01",939690.96,6533055.81,6.08971,45.85495
"74010","64786","GRAND ANNECY","S84","PI",100,NULL,NULL,"RUE AIME MUGNIER",6.8,5.9,60,"2020-10-22","OUI","01",939527.58,6533593.93,6.08788,45.85985
"74010","74600","GRAND ANNECY","S84BIS","PI",100,"100","2000-01-01","ALLEE DES FOURNAIS",6.4,4.9,60,"2020-10-22","OUI","01",939445.73,6533580.41,6.08682,45.85975
"74010","79228","GRAND ANNECY","S85","PI",100,NULL,NULL,"CHEMIN CHEZ BLOT",5.5,4.8,60,"2020-10-12","OUI","01",939450.25,6533462.94,6.08682,45.8587
"74010","80226","GRAND ANNECY","S86","PI",100,"100","1996-01-01","CHEMIN CHEZ BLOT",5,4,60,"2020-10-12","OUI","01",939320.29,6533348.78,6.08509,45.85771
"74010","78471","GRAND ANNECY","S86BIS","PI",100,"125","2006-03-01","RUE AIME MUGNIER",5.1,4.2,60,"2020-10-12","OUI","05",939459.51,6533363.94,6.08689,45.8578
"74010","74601","GRAND ANNECY","S87","PI",100,NULL,"1998-01-01","ALLEE DU PRE DU NANT",5.9,3.7,60,"2020-10-12","OUI","01",938841.16,6533388.08,6.07893,45.85824
"74010","64788","GRAND ANNECY","S88","PI",100,NULL,"1995-01-01","CHEMIN CHEZ BLOT",5.1,4,60,"2020-10-12","OUI","01",939005.59,6533440.16,6.08108,45.85865
"74010","64787","GRAND ANNECY","S89","PI",100,NULL,NULL,"ALLEE DES FORGES",5.1,4.2,60,"2020-10-12","OUI","01",939098.68,6533513.5,6.08231,45.85927
"74010","74685","GRAND ANNECY","S90","PI",100,NULL,NULL,"ALLEE DES FOURNAIS",5.9,4.5,60,"2020-10-12","OUI","01",939307.5,6533577.46,6.08504,45.85978
"74010","80683","GRAND ANNECY","S91","PI",100,"100",NULL,"ROUTE DE VIEUGY",6.3,5.5,60,"2020-10-12","OUI","01",939046.46,6533684.76,6.08173,45.86083
"74010","74686","GRAND ANNECY","S91BIS","PI",100,NULL,"1960-01-01","ROUTE DE VIEUGY",6.7,5.6,61,"2018-07-25","OUI","01",939254.95,6533682.63,6.08441,45.86074
"74010","79866","GRAND ANNECY","S92","PI",100,NULL,"1990-01-01","CHEMIN DES NATAIS",7.1,6,60,"2020-10-13","OUI","01",939067.3,6533841.57,6.08208,45.86224
"74010","64713","GRAND ANNECY","S93","PI",100,NULL,"1995-01-01","ALLEE DES CAMPAGNOLS",5.9,5.1,60,"2020-10-13","OUI","01",938896.64,6533655.94,6.07978,45.86063
"74010","81530","GRAND ANNECY","S94","PI",100,NULL,NULL,"ALLEE DES CAMPAGNOLS",5.6,4.8,60,"2020-10-13","OUI","01",938842.14,6533606.47,6.07906,45.8602
"74010","74687","GRAND ANNECY","S94BIS","PI",100,NULL,"2003-01-01","ROUTE DE VIEUGY",5.6,4.3,60,"2020-10-13","OUI","01",938755.18,6533477.76,6.07787,45.85907
"74010","64789","GRAND ANNECY","S95","PI",100,"100","1960-01-01","CHEMIN DES NATAIS",7.5,5.9,60,"2020-10-13","OUI","05",939179.71,6533997.28,6.0836,45.8636
"74010","80164","GRAND ANNECY","S96","PI",100,NULL,"1981-01-01","CHEMIN DE BESSONNET",6.2,5.5,60,"2020-10-13","OUI","01",938825.88,6533961.2,6.07903,45.8634
"74010","64711","GRAND ANNECY","S97","PI",100,NULL,NULL,"CHEMIN DES GRANDS PRES",6.2,5.3,60,"2020-10-13","OUI","05",938383.59,6533101.77,6.0729,45.85582
"74010","64710","GRAND ANNECY","S98","PI",100,NULL,"1987-01-01","CHEMIN DE MATHONEX",7.4,6.1,60,"2020-10-13","OUI","01",938285.95,6533119.07,6.07165,45.85601
"74010","64709","GRAND ANNECY","S99","PI",100,NULL,"1986-01-01","CHEMIN CHEZ JACQUET",5.9,1.9,60,"2020-10-12","OUI","01",937804.99,6532631.14,6.06521,45.85179
"74010",NULL,"GRAND ANNECY","S99BIS","PI",100,"125","2021-07-23",NULL,6.1,4.2,60,"2022-11-16","OUI","01",937675.45,6532417.43,6.06344,45.84991
"74010","80217","GRAND ANNECY","Y01","PI",100,"100","2019-07-11","CHEMIN DE COMBALABICHE",4.1,3.2,60,"2024-07-22","OUI","01",938993.56,6545940.68,6.08722,45.97113
"74010","64933","GRAND ANNECY","Y02","PI",100,NULL,NULL,"ROUTE DES FRASSETTES",5,2.6,60,"2024-07-22","OUI","01",939776.73,6545883.84,6.0973,45.97034
"74010","79567","GRAND ANNECY","Y02BIS","PI",100,"125","2008-12-01","ROUTE DE CHANTEMERLE",6.1,4.8,60,"2024-07-22","OUI","10",939141.56,6545825.59,6.08907,45.97004
"74010","75805","GRAND ANNECY","Y03","PI",65,NULL,NULL,"CHEMIN DES RODIS",3.2,1,1,"2024-07-29","OUI","01",940087.81,6545545.36,6.10114,45.96719
"74010","64932","GRAND ANNECY","Y04","PI",100,NULL,NULL,"ROUTE DES BURNETS",8.8,7.4,60,"2024-07-22","OUI","01",938589.93,6545232.73,6.08166,45.9649
"74010","75804","GRAND ANNECY","Y04BIS","PI",100,NULL,NULL,"CHEMIN DU CIMETIERE",9.7,8.7,60,"2024-07-22","OUI","01",938732.61,6545337.9,6.08355,45.9658
"74010","74657","GRAND ANNECY","Y05","PI",100,NULL,"2001-01-01","CHEMIN DE LA RAMESSE",5.9,4.2,60,"2024-07-22","OUI","01",938357.44,6545222.58,6.07865,45.96489
"74010",NULL,"GRAND ANNECY","Y05BIS","PI",100,"100","2021-01-01","RUE DES MACHURETTES",12.7,12,60,"2024-07-22","OUI","01",938958.23,6544808.01,6.08619,45.96095
"74010","64931","GRAND ANNECY","Y06","PI",100,"100",NULL,"ROUTE DE FERRIERES",6,5.2,60,"2024-07-22","OUI","01",939002.19,6545711.03,6.08722,45.96906
"74010","64935","GRAND ANNECY","Y07","PI",100,"125",NULL,"ROUTE DE FERRIERES",8.2,6.3,60,"2024-07-22","OUI","01",939138.84,6545530.25,6.08889,45.96739
"74010","82807","GRAND ANNECY","Y08","PI",100,NULL,NULL,"ROUTE DES FRASSETTES",7.6,5.1,60,"2024-07-22","OUI","01",939631.2,6545402.01,6.09518,45.96606
"74010","64934","GRAND ANNECY","Y09","PI",100,NULL,"1980-01-01","ALLEE DE LA FERRIERE",7.9,5.7,60,"2024-07-22","OUI","01",939190.14,6545612.52,6.08959,45.96811
"74010","79663","GRAND ANNECY","Y10","PI",100,NULL,NULL,"CHEMIN DU PUITS",4.7,1,41,"2024-07-22","OUI","01",939977.03,6544866.52,6.09937,45.96112
"74010","78957","GRAND ANNECY","Y11","PI",100,NULL,NULL,"RUE DES MACHURETTES",8.1,1,52,"2024-07-22","OUI","01",940072.12,6545044.97,6.10068,45.96269
"74010","75643","GRAND ANNECY","Y12","PI",100,"100","0023-06-26","ROUTE DE FERRIERES",9.8,1,60,"2024-07-22","OUI","01",940210.53,6544605.89,6.10225,45.95869
"74010","64936","GRAND ANNECY","Y13","PI",100,"125","2014-06-01","ROUTE DE FERRIERES",11.4,3.3,60,"2024-07-22","OUI","01",940335.54,6544607.3,6.10386,45.95866
"74010","64937","GRAND ANNECY","Y14","PI",100,NULL,NULL,"ROUTE DE FERRIERES",4,1.4,60,"2024-07-29","OUI","01",940404.8,6544500.79,6.1047,45.95768
"74010","64938","GRAND ANNECY","Y15","PI",100,NULL,"1980-01-01","ROUTE DE FERRIERES",5.8,1.5,60,"2024-07-29","OUI","01",940555.54,6544573.04,6.10668,45.95827
"74010","82585","GRAND ANNECY","Y15BIS","PI",100,"110","2005-06-01","CHEMIN DU BANT",7,3.6,60,"2024-07-29","OUI","01",940600.59,6544445.72,6.1072,45.95711
"74010","64939","GRAND ANNECY","Y16","PI",100,NULL,"1975-01-01","ROUTE DE FERRIERES",6.6,4.1,60,"2024-07-29","OUI","01",940718.35,6544540.09,6.10877,45.95792
"74010","64288","GRAND ANNECY","Y17","PI",100,NULL,"1975-01-01","RUE DE LA TUILERIE",8.3,7.3,60,"2024-07-24","OUI","01",942293.99,6543398.38,6.12851,45.94709
"74010","64287","GRAND ANNECY","Y18","PI",100,NULL,"1975-01-01","RUE DE LA TUILERIE",8.9,7.8,60,"2024-07-24","OUI","01",942286.0,6543324.89,6.12837,45.94643
"74010","81136","GRAND ANNECY","Y19","PI",100,NULL,"1980-01-01","RUE DES ROMAINS",8.7,7.8,60,"2024-07-24","OUI","01",941982.02,6543334.81,6.12445,45.94663
"74010","64286","GRAND ANNECY","Y20","PI",100,NULL,"1975-01-01","RUE DE LA TUILERIE",9.5,8.2,60,"2024-07-24","OUI","01",942286.24,6543258.53,6.12834,45.94583
"74010","64285","GRAND ANNECY","Y21","PI",100,NULL,"1980-01-01","CHEMIN DES PERES",10.3,9.1,60,"2024-07-24","OUI","01",942056.05,6543119.0,6.1253,45.94466
"74010","81507","GRAND ANNECY","Y22","PI",100,NULL,"1980-01-01","MAIL DES ALLOBROGES",9.7,8.7,60,"2024-07-24","OUI","01",941971.71,6543209.63,6.12426,45.9455
"74010","64284","GRAND ANNECY","Y23","PI",100,NULL,NULL,"CHEMIN DES PERES",9.4,8.3,60,"2024-07-24","OUI","01",941813.93,6543237.65,6.12224,45.94581
"74010","81135","GRAND ANNECY","Y24","PI",100,"125",NULL,"PLACE GEORGES BOILEAU",9,7.8,60,"2024-07-24","OUI","01",941820.79,6543348.14,6.12238,45.9468
"74010","79570","GRAND ANNECY","Y24BIS","PI",100,"100","2009-12-01","RUE DES ROMAINS",9,8.1,60,"2024-07-24","OUI","01",941790.1,6543418.72,6.12202,45.94745
"74010","79569","GRAND ANNECY","Y24TER","PI",100,"100","2009-12-01","CHEMIN DU BACHAL",8.5,7.2,60,"2024-07-24","OUI","01",941875.26,6543449.46,6.12313,45.9477
"74010","75645","GRAND ANNECY","Y25","PI",100,NULL,"2016-01-18","CHEMIN DU BACHAL",7.7,6.4,60,"2024-07-24","OUI","01",941886.5,6543575.79,6.12334,45.94883
"74010","6282502","GRAND ANNECY","Y25BIS","PI",100,"125","2019-10-24","ROUTE DE GENEVE",7.5,5.8,60,"2024-07-25","OUI","01",941840.23,6543785.02,6.12285,45.95073
"74010","64157","GRAND ANNECY","Y26","PI",100,"125",NULL,"CHEMIN DE LA TUILIERE",7,5.9,60,"2024-07-24","OUI","01",942066.55,6543660.44,6.12571,45.94953
"74010","75803","GRAND ANNECY","Y27","PI",100,NULL,"1950-01-01","CHEMIN DE GAVARD",10.3,9.4,60,"2024-07-24","OUI","01",941631.87,6543261.09,6.1199,45.94609
"74010","78517","GRAND ANNECY","Y28","PI",100,"100","1950-01-01","RUE DES GRANDS CHAMPS",9.7,7.9,60,"2024-07-25","OUI","01",941652.07,6543473.81,6.12027,45.94799
"74010","64289","GRAND ANNECY","Y29","PI",100,"100","1950-01-01","ROUTE DE GENEVE",9.6,8.4,60,"2024-07-25","OUI","01",941720.66,6543390.69,6.12111,45.94722
"74010",NULL,"GRAND ANNECY","Y31","PI",100,"125","2022-10-01","ROUTE DE GENEVE",5.5,4.3,60,"2024-07-24","OUI","01",941919.09,6542972.75,6.12346,45.94339
"74010","80529","GRAND ANNECY","Y33","PI",100,"100","1970-01-01","ROUTE D ARGONAY",4.5,3.6,60,"2024-07-24","OUI","01",942224.9,6543030.74,6.12743,45.9438
"74010","64965","GRAND ANNECY","Y34","PI",100,NULL,"1970-01-01","RUE DES CHENES",5.2,4.4,60,"2024-07-24","OUI","05",942072.24,6542895.95,6.12539,45.94265
"74010",NULL,"GRAND ANNECY","Y34BIS","PI",100,"100","2022-10-01","ROUTE DES RUTYS",5.7,4.6,60,"2024-07-24","OUI","01",941980.65,6542937.4,6.12423,45.94305
"74010","64964","GRAND ANNECY","Y35","PI",100,NULL,"1970-01-01","RUE DES CHENES",5.5,4.5,60,"2024-07-24","OUI","05",942080.61,6542766.54,6.12543,45.94148
"74010","64966","GRAND ANNECY","Y36","PI",100,NULL,"2024-03-06","ROUTE DES VERNES",5.1,4.3,60,"2024-07-24","OUI","01",942255.17,6542808.84,6.12771,45.9418
"74010","83134","GRAND ANNECY","Y37","PI",100,NULL,"1970-01-01","ROUTE DES VERNES",5.4,4.5,60,"2024-07-24","OUI","01",942235.9,6542616.53,6.12736,45.94007
"74010","79151","GRAND ANNECY","Y38","PI",100,"100","2018-12-17","ROUTE DES VERNES",5.3,4.4,60,"2024-07-24","OUI","01",942237.7,6542526.18,6.12734,45.93926
"74010","75366","GRAND ANNECY","Y39","PI",100,NULL,NULL,"ROUTE DES VERNES",5.1,4.3,60,"2024-07-24","OUI","01",942153.05,6542307.32,6.12613,45.93732
"74010","78475","GRAND ANNECY","Y40","PI",100,"100","2008-04-01","RUE DES MERISIERS",5.1,3.8,60,"2024-07-24","OUI","01",942439.7,6542296.19,6.12983,45.93712
"74010","78472","GRAND ANNECY","Y40BIS","PI",100,"100","2008-04-01","RUE DES MERISIERS",5.5,4.3,60,"2024-07-24","OUI","01",942318.91,6542388.07,6.12831,45.93799
"74010","78474","GRAND ANNECY","Y40QTER","PI",100,"125","2018-08-01","RUE DES MERISIERS",4.8,4,60,"2024-07-24","OUI","01",942462.72,6542502.44,6.13023,45.93897
"74010","78473","GRAND ANNECY","Y40TER","PI",100,"100","2008-04-01","RUE DES MERISIERS",5.1,4,60,"2024-07-24","OUI","01",942402.66,6542409.23,6.12941,45.93815
"74010","64294","GRAND ANNECY","Y41","PI",100,NULL,NULL,"RUE DE LA GARE DE PRINGY",6,5.1,60,"2022-11-15","OUI","01",941912.72,6542526.66,6.12315,45.93938
"74010","79664","GRAND ANNECY","Y42","PI",100,NULL,NULL,"RUE DE LA GARE DE PRINGY",5.6,4.3,60,"2024-07-24","OUI","01",941971.38,6542364.0,6.12382,45.9379
"74010","64298","GRAND ANNECY","Y42BIS","PI",100,NULL,"1970-01-01","RUE DE LA GARE DE PRINGY",3.5,2.1,60,"2015-06-17","OUI","01",942093.05,6542390.27,6.1254,45.93809
"74010","64903","GRAND ANNECY","Y43","PI",100,NULL,"1970-01-01","ROUTE DES RUTYS",5.6,4.3,60,"2024-07-24","OUI","01",941932.45,6542739.56,6.12351,45.94129
"74010","80213","GRAND ANNECY","Y43BIS","PI",100,NULL,"1970-01-01","ROUTE DES RUTYS",5.7,4.3,60,"2024-07-24","OUI","01",941935.31,6542799.05,6.12358,45.94182
"74010","64300","GRAND ANNECY","Y44","PI",100,NULL,"1970-01-01","ROUTE DES RUTYS",5.6,4.2,60,"2024-07-24","OUI","01",941945.51,6542696.01,6.12366,45.94089
"74010","64299","GRAND ANNECY","Y45","PI",100,"65","1970-01-01","ROUTE DES RUTYS",5.4,4,60,"2024-07-24","OUI","01",941998.14,6542530.25,6.12425,45.93938
"74010","78960","GRAND ANNECY","Y46","PI",150,NULL,NULL,"ROUTE DU PONT DE BROGNY",6.5,3.5,120,"2024-07-24","OUI","01",941937.07,6542162.93,6.12328,45.9361
"74010","83344","GRAND ANNECY","Y46BIS","PI",100,NULL,NULL,"ROUTE DE GENEVE",6.2,4.6,60,"2024-07-24","OUI","01",942002.36,6542133.61,6.1241,45.93581
"74010","75367","GRAND ANNECY","Y47","PI",100,"100",NULL,"ROUTE D ANNECY",6.2,5,60,"2024-07-24","OUI","01",941838.57,6542364.14,6.12211,45.93794
"74010","64292","GRAND ANNECY","Y48","PI",100,NULL,NULL,"ROUTE DE GENEVE",5.8,4.7,60,"2024-07-24","OUI","01",941863.2,6542661.56,6.12258,45.94061
"74010","80530","GRAND ANNECY","Y49","PI",100,NULL,"1981-01-01","ROUTE DE LA ROCHE SUR FORON",7.8,4.8,60,"2024-07-24","OUI","01",942393.49,6541911.59,6.12903,45.93367
"74010","64296","GRAND ANNECY","Y50","PI",100,"100",NULL,"ROUTE DE LA ROCHE SUR FORON",4.8,2.8,60,"2024-07-24","OUI","01",942515.98,6541957.16,6.13064,45.93404
"74010","64295","GRAND ANNECY","Y51","PI",NULL,NULL,NULL,"ROUTE DU PONT DE BROGNY",5,3.6,60,"2024-07-24","OUI","01",942289.01,6541923.34,6.12769,45.93382
"74010","78835","GRAND ANNECY","Y51BIS","PI",100,"100",NULL,"RUE DE CHAMP BOUT",6.2,4.5,60,"2024-07-24","OUI","01",942219.85,6541952.27,6.12681,45.9341
"74010","81493","GRAND ANNECY","Y51TER","PI",100,"125","2020-06-18","ALLEE DU FIER",5.8,3.6,60,"2024-07-24","OUI","01",942058.43,6542035.04,6.12478,45.9349
"74010","64297","GRAND ANNECY","Y54","PI",100,NULL,NULL,"CHEMIN DE CHEZ ROBERT",5.7,3.9,60,"2024-07-24","OUI","01",942284.39,6542118.97,6.12773,45.93558
"74010","64293","GRAND ANNECY","Y55","PI",100,NULL,NULL,"ROUTE D ANNECY",6.4,5.3,60,"2022-11-15","OUI","01",941836.43,6542507.75,6.12215,45.93924
"74010","64224","GRAND ANNECY","Y56","PI",100,NULL,"1960-01-01","ROUTE DU PLATEAU",5.8,4.4,60,"2024-07-24","OUI","05",941585.47,6542963.15,6.11915,45.94342
"74010","75368","GRAND ANNECY","Y57","PI",100,NULL,"1975-01-01","CHEMIN DU CHAMP PEQUYAN",5.8,4.4,60,"2024-07-24","OUI","05",941531.62,6543035.68,6.11849,45.9441
"74010",NULL,"GRAND ANNECY","Y57BIS","PI",NULL,"125","2022-09-08","CHEMIN DU CHAMP PEQUYAN",5.7,4.3,60,"2024-07-24","OUI","01",941430.46,6543107.08,6.11722,45.94477
"74010","64223","GRAND ANNECY","Y58","PI",100,"60","2015-03-09","ROUTE DU PLATEAU",6.7,1,34,"2022-11-15","OUI","01",941392.29,6542839.73,6.11659,45.94238
"74010","64524","GRAND ANNECY","Y59","PI",100,NULL,"1975-01-01","ROUTE DE PROMERY",10.4,8.9,60,"2024-07-25","OUI","01",941544.0,6543314.54,6.11879,45.9466
"74010","82657","GRAND ANNECY","Y59BIS","PI",100,NULL,"2000-01-01","RUE DES RECOUTS",9.9,7.3,60,"2024-07-25","OUI","01",941591.31,6543398.11,6.11945,45.94734
"74010","64523","GRAND ANNECY","Y60","PI",100,NULL,"1980-01-01","RUE DES CHAPELLES",10.1,8.3,60,"2024-07-25","OUI","01",941486.44,6543448.0,6.11812,45.94782
"74010","64522","GRAND ANNECY","Y61","PI",100,NULL,"1980-01-01","RUE DES CHAPELLES",9.5,7.7,60,"2024-07-25","OUI","01",941404.95,6543549.49,6.11712,45.94876
"74010","82731","GRAND ANNECY","Y62","PI",100,NULL,"1950-01-01","RUE DES GRANDS CHAMPS",9.5,8,60,"2024-07-25","OUI","01",941472.14,6543620.63,6.11802,45.94938
"74010","64520","GRAND ANNECY","Y63","PI",100,NULL,"1950-01-01","ALLEE DES CONTAMINES",11.6,8.8,60,"2024-07-25","OUI","01",941197.52,6543339.55,6.11434,45.94695
"74010","64521","GRAND ANNECY","Y64","PI",100,NULL,"2005-01-01","CHEMIN DES CONTAMINES",10.7,8.4,60,"2024-07-25","OUI","01",941320.54,6543313.04,6.11591,45.94667
"74010","80122","GRAND ANNECY","Y65","PI",100,NULL,"1950-01-01","ALLEE DES CONTAMINES",10.2,8.2,60,"2024-07-25","OUI","01",941244.7,6543389.25,6.11497,45.94738
"74010","65020","GRAND ANNECY","Y66","PI",100,NULL,"1975-01-01","RUE DES NOUVELLES CONTAMINES",9.9,8,60,"2024-07-25","OUI","01",941252.82,6543472.67,6.11512,45.94813
"74010","65019","GRAND ANNECY","Y67","PI",100,"100","1980-01-01","RUE DES NOUVELLES CONTAMINES",9.9,8.3,60,"2024-07-25","OUI","01",941291.12,6543602.16,6.11568,45.94928
"74010","65018","GRAND ANNECY","Y68","PI",100,NULL,NULL,"ROUTE DE PROMERY",10.3,5.6,60,"2024-07-25","OUI","01",941319.2,6543938.03,6.11621,45.95229
"74010","65010","GRAND ANNECY","Y69","PI",100,"110","2006-09-12","ROUTE DE CUVAT",6.8,3.9,60,"2024-07-25","OUI","01",941088.95,6544350.93,6.11345,45.95609
"74010","65009","GRAND ANNECY","Y70","PI",100,NULL,"1985-01-01","CHEMIN DES VEUILLETS",6,3.2,60,"2024-07-25","OUI","01",941236.02,6544433.59,6.11539,45.95678
"74010","65008","GRAND ANNECY","Y71","PI",100,"100",NULL,"ROUTE DE CUVAT",4.6,2,60,"2024-07-25","OUI","01",941253.27,6544529.12,6.11566,45.95763
"74010","65007","GRAND ANNECY","Y72","PI",100,"125",NULL,"ROUTE DE CUVAT",6.3,1,44,"2024-07-25","OUI","01",941440.86,6544637.39,6.11814,45.95854
"74010","75644","GRAND ANNECY","Y72BIS","PI",100,"125","2010-06-01","ROUTE DE CUVAT",5.5,1,36,"2024-07-25","OUI","01",941529.47,6544850.43,6.11939,45.96042
"74010","65011","GRAND ANNECY","Y73","PI",100,NULL,NULL,"ROUTE DE CUVAT",7.8,5.2,60,"2024-07-25","OUI","01",941021.13,6544153.24,6.11248,45.95433
"74010","80643","GRAND ANNECY","Y74","PI",100,NULL,NULL,"ROUTE DE TESSY",8.8,6.4,60,"2024-07-25","OUI","01",940939.57,6544080.18,6.11139,45.9537
"74010","82483","GRAND ANNECY","Y75","PI",100,"100","2023-09-07","ROUTE DES CARTS",11,8.6,60,"2024-07-25","OUI","01",940812.12,6543733.73,6.10957,45.95063
"74010","6281620","GRAND ANNECY","Y75BIS","PI",100,"100","2016-07-01","ROUTE DE TESSY",10.8,8.2,60,"2024-07-25","OUI","01",940695.36,6543765.38,6.10808,45.95096
"74010","65013","GRAND ANNECY","Y76","PI",100,NULL,"1970-01-01","CHEMIN DE LA PLANCHE",9.8,7.7,60,"2024-07-25","OUI","01",940950.32,6543925.79,6.11145,45.95231
"74010","79217","GRAND ANNECY","Y76BIS","PI",100,"125","2018-07-10","CHEMIN DE LA PLANCHE",10.5,7.9,60,"2024-07-25","OUI","01",940958.75,6543824.22,6.1115,45.95139
"74010","65014","GRAND ANNECY","Y77","PI",100,NULL,"1990-01-01","ROUTE DU VIERAN",11.1,8.3,60,"2024-07-25","OUI","01",941083.67,6543710.42,6.11306,45.95033
"74010","78518","GRAND ANNECY","Y77BIS","PI",100,NULL,NULL,"RUE DES CARTS",11.6,9.3,60,"2024-07-25","OUI","01",940918.29,6543672.18,6.1109,45.95004
"74010","65015","GRAND ANNECY","Y78","PI",100,NULL,"1990-01-01","ROUTE DU VIERAN",11.2,8.7,60,"2024-07-25","OUI","01",941152.61,6543778.62,6.11398,45.95091
"74010","65016","GRAND ANNECY","Y79","PI",100,NULL,"1990-01-01","ROUTE DU VIERAN",10.1,7.8,60,"2024-07-25","OUI","01",941114.04,6543883.75,6.11354,45.95187
"74010","65017","GRAND ANNECY","Y80","PI",100,NULL,NULL,"ROUTE DE FERRIERES",10,7.8,60,"2024-07-25","OUI","01",941204.23,6543990.2,6.11475,45.9528
"74010","79218","GRAND ANNECY","Y81","PI",100,NULL,NULL,"ROUTE DE TESSY",8.8,6.1,60,"2024-07-25","OUI","01",941054.05,6544087.89,6.11287,45.95373
"74010","78352","GRAND ANNECY","Y81BIS","PI",100,NULL,NULL,"ROUTE DE FERRIERES",9.5,7,60,"2024-07-25","OUI","01",941051.89,6544020.88,6.1128,45.95313
"74010","75371","GRAND ANNECY","Y82","PI",100,NULL,NULL,"ROUTE DE PROMERY",8.4,6.2,60,"2024-07-25","OUI","01",940916.39,6544185.27,6.11114,45.95466
"74010","6282546","GRAND ANNECY","Y82BIS","PI",100,"125","2021-11-09","ROUTE DE FERRIERES",9,6.3,60,"2024-07-29","OUI","10",940846.8,6544286.8,6.11029,45.9556
"74010","75372","GRAND ANNECY","Y83","PI",100,NULL,NULL,"CHEMIN DE L ETRIVAZ",8.4,5.7,60,"2024-07-29","OUI","01",940613.63,6544290.95,6.10729,45.95572
"74010","79219","GRAND ANNECY","Y83BIS","PI",100,NULL,NULL,"CHEMIN DU BANT",8,5.3,60,"2024-07-29","OUI","01",940607.46,6544358.18,6.10724,45.95632
"74010","79220","GRAND ANNECY","Y84","PI",100,NULL,"2000-01-01","CHEMIN DE L ETRIVAZ",7.7,5.4,60,"2024-07-29","OUI","01",940476.94,6544236.23,6.1055,45.95527
"74010","79222","GRAND ANNECY","Y85","PI",100,NULL,NULL,"ALLEE DE LA GRANDE FERME",8,4.8,60,"2024-07-25","OUI","05",940373.86,6543934.22,6.10401,45.95259
"74010","64941","GRAND ANNECY","Y86","PI",100,NULL,"1970-01-01","RUE DE LA GRANDE FERME",9.4,5.3,60,"2024-07-25","OUI","05",940482.6,6543847.72,6.10537,45.95177
"74010","65012","GRAND ANNECY","Y87","PI",100,NULL,"1970-01-01","RUE DE LA GRANDE FERME",11,8.4,60,"2024-07-25","OUI","01",940568.41,6543624.44,6.10637,45.94973
"74010","75370","GRAND ANNECY","Y88","PI",100,"100","1995-01-01","RUE DE LA GRANDE FERME",10.8,7.8,60,"2024-07-25","OUI","01",940564.82,6543733.25,6.10638,45.95072
"74010","65002","GRAND ANNECY","Y89","PI",100,NULL,"1970-01-01","RUE DE LA GRANDE FERME",9.2,6.4,60,"2024-07-25","OUI","01",940523.16,6544052.72,6.106,45.9536
"74010","65003","GRAND ANNECY","Y90","PI",100,NULL,"1970-01-01","RUE DE LA GRANDE FERME",9.2,6.6,60,"2024-07-25","OUI","01",940678.31,6544152.47,6.10805,45.95445
"74010","64940","GRAND ANNECY","Y90BIS","PI",100,NULL,NULL,"CHEMIN DU BANT",8.3,5.6,60,"2024-07-29","OUI","01",940678.12,6544329.38,6.10814,45.95604
"74010","65006","GRAND ANNECY","Y91","PI",100,NULL,"1975-01-01","CHEMIN DES DEVANTS",6.1,1,47,"2024-07-25","OUI","01",941325.18,6544612.71,6.11663,45.95836
"74010","65005","GRAND ANNECY","Y92","PI",65,NULL,"1970-01-01","CHEMIN DES DEVANTS",4.6,1,40,"2024-07-25","OUI","01",941142.49,6544737.17,6.11434,45.95954
"74010","80223","GRAND ANNECY","Y93","PI",65,NULL,"1970-01-01","CHEMIN DES DEVANTS",3.7,1,40,"2024-07-25","OUI","05",941209.11,6544779.81,6.11522,45.9599
"74010","65004","GRAND ANNECY","Y94","PI",65,NULL,NULL,"CHEMIN DES DEVANTS",2.7,1,35,"2024-07-25","OUI","01",941251.11,6544868.32,6.11581,45.96068
"74010","80224","GRAND ANNECY","Y95","PI",100,NULL,NULL,"CHEMIN DE LA PEPINIERE",6,3,60,"2024-07-25","OUI","01",941030.4,6544470.08,6.11276,45.95718
"74019","65884","GRAND ANNECY","A01","PI",100,"125","1975-01-01","IMPASSE DES PRES D EN BAS",9.2,7,60,"2023-07-18","OUI","01",942944.42,6542209.41,6.13629,45.93616
"74019","65883","GRAND ANNECY","A02","PI",100,NULL,"1975-01-01","ROUTE DE L AIGLIERE",8.6,7,60,"2023-07-18","OUI","01",943255.88,6542242.25,6.14032,45.93634
"74019","66101","GRAND ANNECY","A03","PI",100,NULL,"1975-01-01","IMPASSE DES FRENES",8.3,6.3,60,"2023-07-18","OUI","01",943361.2,6542310.03,6.14172,45.93691
"74019","80357","GRAND ANNECY","A04","PI",100,NULL,"2009-02-09","ROUTE DE L AIGLIERE",8.3,6.8,60,"2023-07-18","OUI","01",943485.59,6542319.15,6.14332,45.93695
"74019","64302","GRAND ANNECY","A05","PI",100,NULL,NULL,"AVENUE MARCEL DASSAULT",9.8,9,60,"2023-07-18","OUI","01",943899.88,6542850.01,6.14894,45.94158
"74019","79782","GRAND ANNECY","A05BIS","PI",100,"100","2011-08-01","ROUTE DES CONTAMINES",9.8,9.1,60,"2023-07-18","OUI","01",944114.83,6542930.13,6.15175,45.94222
"74019","82677","GRAND ANNECY","A05TER","PI",100,"100","2011-08-01","ROUTE DES CONTAMINES",9.8,9.1,60,"2023-07-18","OUI","01",944236.97,6543022.72,6.15338,45.94301
"74019","81138","GRAND ANNECY","A06","PI",100,NULL,"1990-01-01","ROUTE DES CONTAMINES",3.6,2.15,60,"2023-07-18","OUI","01",944342.04,6543149.14,6.1548,45.94411
"74019","64304","GRAND ANNECY","A07","PI",100,NULL,NULL,"ROUTE DE GRUYERE",3.4,1.8,60,"2023-07-18","OUI","01",944567.38,6543374.05,6.15782,45.94605
"74019","64307","GRAND ANNECY","A08","PI",100,NULL,NULL,"CHEMIN DU FIER",5,2.8,60,"2023-07-18","OUI","05",944555.93,6543230.53,6.1576,45.94477
"74019","64306","GRAND ANNECY","A09","PI",100,"100",NULL,"CHEMIN DU FIER",5.4,2.8,60,"2023-07-18","OUI","05",944536.49,6543115.54,6.15729,45.94374
"74019","82671","GRAND ANNECY","A12","PI",100,"125",NULL,"ROUTE DE VILLAZ",7.4,1,38,"2023-07-19","OUI","01",945154.0,6544578.36,6.16601,45.95668
"74019","64309","GRAND ANNECY","A13","PI",100,"125","2014-02-04","ROUTE DU CHAMP DE LA DONNE",4.9,3.4,60,"2023-07-19","OUI","01",944594.33,6544300.63,6.15865,45.95438
"74019","109786","GRAND ANNECY","A13BIS","PI",100,NULL,"2014-02-26","IMPASSE DES CEZES",4.1,1.7,60,"2023-07-19","OUI","05",944489.67,6544282.56,6.15729,45.95426
"74019","64310","GRAND ANNECY","A14","PI",100,NULL,"1976-01-01","ROUTE DES HAUTS DE MENTHONNEX",4,2.9,60,"2023-07-19","OUI","01",944216.8,6544067.74,6.15366,45.95242
"74019","64311","GRAND ANNECY","A15","PI",100,"125","1976-01-01","ROUTE DES HAUTS DE MENTHONNEX",2.8,2.3,60,"2023-07-19","OUI","01",944159.76,6543954.95,6.15286,45.95143
"74019","109767","GRAND ANNECY","A15BIS","PI",100,"125","2014-04-01","ROUTE DES HAUTS DE MENTHONNEX",3.8,3.2,60,"2023-07-19","OUI","01",944140.92,6543800.31,6.15254,45.95004
"74019","109766","GRAND ANNECY","A15QTER","PI",100,"125","2014-04-01","ROUTE DES HAUTS DE MENTHONNEX",5.7,4.9,60,"2023-07-19","OUI","01",944163.0,6543728.59,6.15279,45.94939
"74019","109769","GRAND ANNECY","A15TER","PI",100,"125","2014-04-01","ROUTE DES HAUTS DE MENTHONNEX",4.7,4,60,"2023-07-19","OUI","01",944148.16,6543765.7,6.15261,45.94973
"74019","79656","GRAND ANNECY","A16","PI",100,"160",NULL,"ROUTE DE LA VOUETTAZ",5,4.1,60,"2023-07-19","OUI","01",944507.07,6544127.8,6.15743,45.95286
"74019","64312","GRAND ANNECY","A18","PI",100,"100","2014-07-21","ROUTE DES MENTHONNEX",1.6,1.45,60,"2023-07-19","OUI","01",944310.56,6543908.11,6.15478,45.95095
"74019","75002","GRAND ANNECY","A19","PI",100,"125",NULL,"ROUTE DES MENTHONNEX",6.1,4.8,60,"2023-07-19","OUI","01",944266.75,6543789.77,6.15416,45.9499
"74019","64750","GRAND ANNECY","A20","PI",100,NULL,NULL,"ROUTE DE MAGIE",4.2,2.3,60,"2023-07-19","OUI","01",944261.44,6543655.3,6.15402,45.94869
"74019","65853","GRAND ANNECY","A21","PI",100,NULL,NULL,"ROUTE DE MAGIE",4.7,3.2,60,"2023-07-19","OUI","01",944137.85,6543553.59,6.15237,45.94782
"74019","65852","GRAND ANNECY","A22","PI",100,NULL,NULL,"IMPASSE DE LA CLOSERIE",5.7,4.3,60,"2023-07-19","OUI","01",944174.12,6543496.13,6.15281,45.94729
"74019","64318","GRAND ANNECY","A23","PI",100,NULL,NULL,"IMPASSE DU CRET CHARLET",6.15,5.3,60,"2023-07-19","OUI","01",944045.69,6543390.08,6.1511,45.94639
"74019","65788","GRAND ANNECY","A24","PI",100,NULL,"1970-01-01","ROUTE DES JOUVENONS",6.3,5.8,60,"2023-07-19","OUI","01",944140.09,6543304.72,6.15227,45.94558
"74019","65789","GRAND ANNECY","A25","PI",80,"80",NULL,"ALLEE DE BELLEVUE",6.3,1,57,"2023-07-19","OUI","01",944174.11,6543408.27,6.15277,45.9465
"74019","65854","GRAND ANNECY","A26","PI",100,NULL,NULL,"ALLEE DE BELLEVUE",5.9,5.1,60,"2023-07-19","OUI","01",944293.38,6543586.19,6.1544,45.94806
"74019","64317","GRAND ANNECY","A27","PI",100,NULL,"1980-01-01","SAPINS (RUE DES)",6.8,6,60,"2023-07-19","OUI","01",943924.27,6543304.19,6.14949,45.94566
"74019","75001","GRAND ANNECY","A28","PI",100,NULL,NULL,"ROUTE DU PRESIDENT LAVY",7.3,6.7,60,"2023-07-19","OUI","01",943880.12,6543202.5,6.14887,45.94476
"74019","81139","GRAND ANNECY","A29","PI",100,NULL,NULL,"ROUTE DU PRESIDENT LAVY",6.8,5.9,60,"2023-07-19","OUI","01",943662.68,6543167.71,6.14604,45.94452
"74019","117517","GRAND ANNECY","A29BIS","PI",100,"125","2016-01-01","IMPASSE DU LANFONNET",6.1,4.8,60,"2023-07-19","OUI","01",943726.99,6543256.4,6.14692,45.9453
"74019",NULL,"GRAND ANNECY","A30","PI",100,"125","2024-03-25","IMPASSE DES VIGNES",7.2,4.4,60,"2024-04-30","OUI","01",943561.01,6543332.24,6.14482,45.94604
"74019","64314","GRAND ANNECY","A31","PI",100,NULL,NULL,"ROUTE DES MENTHONNEX",5.1,3.6,60,"2023-07-19","OUI","01",943617.89,6543267.7,6.14552,45.94544
"74019","117518","GRAND ANNECY","A31BIS","PI",100,"125","2015-02-23","IMPASSE DE LA TOURNETTE",8.8,6.4,60,"2023-07-19","OUI","01",943859.58,6543403.92,6.14871,45.94658
"74019","6282312","GRAND ANNECY","A32","PI",100,"125","2020-01-28","IMPASSE DES VIGNES",10.1,3,60,"2023-07-19","OUI","01",943552.23,6543436.58,6.14476,45.94698
"74019","81438","GRAND ANNECY","A32BIS","PI",100,"110","2006-11-29","ROUTE DES MENTHONNEX",7.8,6.1,60,"2023-07-19","OUI","01",943901.32,6543547.16,6.14932,45.94785
"74019","64313","GRAND ANNECY","A33","PI",100,"125","2014-07-21","ROUTE DE LA CLINIQUE",7.2,6.1,60,"2023-07-19","OUI","01",944048.87,6543603.63,6.15125,45.94831
"74019","65790","GRAND ANNECY","A35","PI",100,NULL,NULL,"ROUTE DE SOUS CONVERS",7.8,6.9,60,"2023-07-18","OUI","01",943643.32,6543018.49,6.14572,45.94319
"74019","6282649","GRAND ANNECY","A35BIS","PI",100,"125","2022-01-01","ROUTE DE LA LENCHERE",8.2,4.6,60,"2023-07-18","OUI","01",943879.93,6543102.24,6.14881,45.94386
"74019","65848","GRAND ANNECY","A36","PI",100,NULL,NULL,"ROUTE DE SOUS CONVERS",8.1,6.8,60,"2023-07-18","OUI","05",943418.68,6543029.07,6.14283,45.94336
"74019","79947","GRAND ANNECY","A37","PI",100,"100",NULL,"ROUTE DU PRESIDENT LAVY",9.8,4.6,60,"2023-07-18","OUI","01",943446.59,6543227.84,6.14329,45.94514
"74019","65850","GRAND ANNECY","A38","PI",100,NULL,NULL,"ROUTE DU GROS CHENE",6.2,4.5,60,"2023-07-18","OUI","01",943226.2,6543277.99,6.14047,45.94567
"74019","65851","GRAND ANNECY","A39","PI",100,NULL,NULL,"IMPASSE DES SOURCES",7,1.9,60,"2023-07-18","OUI","01",943375.71,6543383.93,6.14245,45.94657
"74019","65849","GRAND ANNECY","A40","PI",100,NULL,"1985-01-01","IMPASSE DU CHAMP DU CHENE",8.1,5.8,60,"2023-07-18","OUI","01",943265.54,6543050.69,6.14086,45.94361
"74019","64752","GRAND ANNECY","A41","PI",100,NULL,"2000-01-01","ROUTE DE L AVENIR",9,7.8,60,"2023-07-18","OUI","01",943567.65,6542862.69,6.14466,45.94181
"74019","64245","GRAND ANNECY","A42","PI",100,NULL,"1985-01-01","IMPASSE DE L ADRET",9.2,8.7,60,"2023-07-18","OUI","01",943712.48,6542913.37,6.14656,45.94222
"74019","66502","GRAND ANNECY","A43","PI",100,"100","1970-01-01","ROUTE DE LA LENCHERE",8.9,8.2,60,"2023-07-18","OUI","01",943757.16,6542985.36,6.14717,45.94285
"74019","64303","GRAND ANNECY","A44","PI",100,NULL,NULL,"ROUTE DE LA BARATTE",9.2,8.4,60,"2023-07-18","OUI","01",944026.79,6543008.95,6.15066,45.94296
"74019","81137","GRAND ANNECY","A45","PI",100,"100","2019-06-13","ALLEE DES SYMPHORINES",9.3,8.6,60,"2023-07-18","OUI","01",943870.79,6542952.87,6.14862,45.94251
"74019","64246","GRAND ANNECY","A46","PI",100,NULL,NULL,"CHEMIN DE LA FRUITIERE",9.7,8.9,60,"2023-07-18","OUI","01",943826.66,6542882.65,6.14801,45.9419
"74019","64244","GRAND ANNECY","A47","PI",100,NULL,NULL,"ROUTE DE LA BARATTE",10,9.1,60,"2023-07-18","OUI","01",943714.04,6542734.58,6.14648,45.94061
"74019","66119","GRAND ANNECY","A48","PI",100,NULL,"1970-01-01","ROUTE DU PARMELAN",9.9,9.5,60,"2023-07-18","OUI","01",943516.7,6542723.02,6.14393,45.94057
"74019","66157","GRAND ANNECY","A49","PI",100,"100","1970-01-01","ROUTE DU PARMELAN",10.3,9.6,60,"2023-07-19","OUI","01",943322.71,6542698.84,6.14142,45.94043
"74019","6281625","GRAND ANNECY","A49BIS","PI",100,"125","2018-09-06","ROUTE DES RIGOLES",10.4,9.8,60,"2023-07-18","OUI","01",943199.13,6542668.97,6.13981,45.9402
"74019","66158","GRAND ANNECY","A50","PI",100,NULL,"1980-01-01","CHEMIN DE SUR LE CRET",5.4,4.3,60,"2023-07-18","OUI","01",943259.64,6542512.32,6.14051,45.93877
"74019","75003","GRAND ANNECY","A51","PI",100,NULL,NULL,"ROUTE DES RIGOLES",10.3,8.9,60,"2023-07-18","OUI","01",943170.33,6542841.37,6.13953,45.94176
"74019","6281624","GRAND ANNECY","A51BIS","PI",100,"125","2017-10-12","ROUTE DES RIGOLES",10.2,9.7,60,"2023-07-18","OUI","05",943118.45,6542730.36,6.1388,45.94078
"74019","6281627","GRAND ANNECY","A51QTER","PI",100,"125","2018-11-13","ROUTE DES RIGOLES",10,9,60,"2023-07-18","OUI","05",943231.96,6542869.56,6.14034,45.94199
"74019","6281626","GRAND ANNECY","A51TER","PI",100,"125","2018-09-07","ROUTE DES RIGOLES",9.5,8.4,60,"2023-07-18","OUI","05",943326.6,6542924.89,6.14159,45.94246
"74019","66156","GRAND ANNECY","A52","PI",100,"100","2020-02-12","ROUTE DU PARMELAN",10.4,9.7,60,"2023-07-18","OUI","01",942963.26,6542678.81,6.13677,45.94037
"74019","66155","GRAND ANNECY","A53","PI",100,NULL,NULL,"CHEMIN DE LA BRUNE",5.8,3.8,60,"2023-07-18","OUI","01",943041.68,6542577.48,6.13773,45.93943
"74019","66102","GRAND ANNECY","A54","PI",100,NULL,NULL,"ROUTE DES GRANGES",6.6,5,60,"2023-07-18","OUI","01",943143.49,6542526.6,6.13902,45.93894
"74019","81602","GRAND ANNECY","A55","PI",100,NULL,NULL,"ROUTE DU BARIOZ",10.4,9.4,60,"2023-07-18","OUI","01",942958.44,6542830.6,6.13679,45.94174
"74019","66159","GRAND ANNECY","A56","PI",80,"60",NULL,"ROUTE DU BARIOZ",10.4,7.6,60,"2023-07-18","OUI","01",943004.58,6542827.81,6.13738,45.9417
"74019","80353","GRAND ANNECY","A57","PI",80,"80",NULL,"CHEMIN DES PRESSOUDS",9.2,5.7,60,"2023-07-18","OUI","01",943062.57,6542977.82,6.13821,45.94303
"74019","64316","GRAND ANNECY","A58","PI",100,"100",NULL,"ROUTE DU BARIOZ",7.5,6.1,60,"2023-07-18","OUI","01",943063.6,6543247.54,6.13836,45.94546
"74019","63694","GRAND ANNECY","A58BIS","PI",100,"110","2010-08-01","ALLEE DE LA SEIGNEURIE",7.9,5.9,60,"2023-07-18","OUI","01",943035.22,6543223.86,6.13798,45.94525
"74019","79907","GRAND ANNECY","A59","PI",100,NULL,"1980-01-01","IMPASSE DES JARDINS",10.5,9.7,60,"2023-07-18","OUI","01",942829.39,6542593.86,6.135,45.93966
"74019",NULL,"GRAND ANNECY","A59BIS","PI",100,"125","2024-01-25","ROUTE DE CHAMP FARCON",10.5,8.5,60,"2024-05-30","OUI","01",942962.44,6542471.75,6.13666,45.93851
"74019","66162","GRAND ANNECY","A63","PI",100,NULL,NULL,"ROUTE DE CHAMP FARCON",10.5,9.7,60,"2019-08-12","OUI","01",942823.76,6542498.66,6.13488,45.9388
"74019","66163","GRAND ANNECY","A64","PI",100,NULL,"1970-01-01","ROUTE DE CHAMP FARCON",10.6,10.1,60,"2023-07-18","OUI","01",942727.25,6542456.87,6.13362,45.93846
"74019","66114","GRAND ANNECY","A68","PI",100,"125",NULL,"ROUTE DE CHAMP FARCON",11.1,10.2,60,"2023-07-18","OUI","01",942537.55,6542546.78,6.13122,45.93934
"74019","66115","GRAND ANNECY","A71","PI",100,"125","2011-08-01","ROUTE DE PRINGY",11,9,60,"2023-07-18","OUI","01",942458.21,6543036.18,6.13044,45.94377
"74019","66116","GRAND ANNECY","A72","PI",100,"100","1995-01-01","ROUTE DE PRINGY",10.8,9.5,60,"2023-07-18","OUI","01",942628.16,6543032.41,6.13263,45.94368
"74019","82954","GRAND ANNECY","A73","PI",100,NULL,"1970-01-01","IMPASSE DES MARAIS",10.7,9.8,60,"2023-07-18","OUI","01",942700.12,6542888.55,6.13349,45.94235
"74019","63693","GRAND ANNECY","A73BIS","PI",100,"125","2007-03-21","IMPASSE DES MARAIS",11.2,10.1,60,"2023-07-18","OUI","01",942550.53,6542887.1,6.13156,45.9424
"74019","75005","GRAND ANNECY","A74","PI",100,NULL,"2000-01-01","ROUTE DE PRINGY",10.7,9,60,"2023-07-18","OUI","01",942844.06,6542953.98,6.13538,45.94289
"74019","81561","GRAND ANNECY","A74BIS","PI",100,"100","2009-01-01","ALLEE DE L AZOLLEE",10.7,9.4,60,"2023-07-18","OUI","05",942826.04,6542846.94,6.13509,45.94194
"74019","75004","GRAND ANNECY","A75","PI",100,NULL,NULL,"ROUTE DE PRINGY",10.4,8.3,60,"2023-07-18","OUI","01",942778.42,6543044.16,6.13458,45.94373
"74036","65419","GRAND ANNECY","BLU01","PI",100,"100","1935-01-01"," ",4.5,2.4,60,"2024-06-17","OUI","01",949503.38,6533988.79,6.21655,45.85982
"74036","82246","GRAND ANNECY","BLU02","PI",100,"100","2009-07-09","ROUTE DES DENTS DE LANFON",6.6,4.5,60,"2024-06-17","OUI","01",949401.07,6535632.18,6.21609,45.87464
"74036","65183","GRAND ANNECY","BLU03","PI",100,"100","2009-07-09","ROUTE DES DENTS DE LANFON",6.1,4.1,60,"2024-06-17","OUI","01",949487.6,6535526.71,6.21715,45.87366
"74036","76301","GRAND ANNECY","BLU04","PI",100,"100","2009-07-09","ROUTE DES DENTS DE LANFON",5.3,3.2,60,"2024-06-17","OUI","01",949536.21,6535343.8,6.21768,45.87199
"74036","6281713","GRAND ANNECY","BLU05","PI",100,"100","2009-07-09","ROUTE DES DENTS DE LANFON",4.5,2.5,60,"2024-06-17","OUI","01",949574.89,6535188.0,6.2181,45.87058
"74036","79127","GRAND ANNECY","BLU06","PI",100,"100","1978-01-01","ROUTE DES DENTS DE LANFON",4,2.3,60,"2024-06-17","OUI","01",949598.43,6535029.24,6.21832,45.86914
"74036","6281715","GRAND ANNECY","BLU07","PI",100,"100",NULL," ",3.7,2,60,"2024-06-17","OUI","01",949600.02,6534970.05,6.21831,45.86861
"74036","80300","GRAND ANNECY","BLU08","PI",80,"100","1978-01-01","ROUTE DES DENTS DE LANFON",3.4,1,13,"2024-06-17","OUI","01",949628.36,6534908.52,6.21864,45.86804
"74036","80248","GRAND ANNECY","BLU09","PI",100,"100",NULL," ",7,1.4,60,"2024-06-17","OUI","01",949630.13,6534745.01,6.21858,45.86657
"74036",NULL,"GRAND ANNECY","BLU10","PI",100,"100","2019-06-01","ROUTE DES DENTS DE LANFON",6.7,2.5,60,"2024-06-17","OUI","01",949634.9,6534614.79,6.21857,45.8654
"74036","65185","GRAND ANNECY","BLU11","PI",100,"100","2000-01-01","ALLEE LE CHENE",6.2,3.9,60,"2024-06-17","OUI","01",949498.76,6535049.46,6.21705,45.86936
"74036","65182","GRAND ANNECY","BLU12","PI",100,"100",NULL," ",4.1,1,1,"2024-06-17","OUI","01",949266.9,6534886.38,6.21397,45.86798
"74036","65420","GRAND ANNECY","BLU13","PI",100,"100",NULL," ",6.1,1,21,"2024-06-17","OUI","01",949159.55,6534844.44,6.21257,45.86764
"74036","6281714","GRAND ANNECY","BLU13BIS","PI",100,"100","1991-10-02","CHEMIN VERT",4.7,1.9,60,"2024-06-17","OUI","05",949070.18,6534823.68,6.21141,45.86749
"74036","75894","GRAND ANNECY","BLU14","PI",100,"100","1999-10-06","CHEMIN DES PERRIERES",8.4,1,39,"2024-06-17","OUI","01",949061.61,6534655.64,6.21121,45.86598
"74036","65186","GRAND ANNECY","BLU15","PI",100,NULL,NULL,"CHEMIN DES PERRIERES",6.7,1,31,"2024-06-17","OUI","01",949197.86,6534609.2,6.21294,45.86551
"74036","83285","GRAND ANNECY","BLU16","PI",100,"100",NULL," ",5.1,3.1,60,"2024-06-17","OUI","01",949447.42,6533944.02,6.21581,45.85943
"74036","82818","GRAND ANNECY","BLU17","PI",100,"100",NULL,"CHEMIN DE MARCORAN",6.5,4.1,60,"2024-06-17","OUI","01",949352.12,6533879.74,6.21454,45.85889
"74036",NULL,"GRAND ANNECY","BLU17BIS","PI",100,"125","2024-03-27","ROUTE DES DENTS DE LANFON",8.5,5.3,60,"2024-06-17","OUI","01",949246.57,6533779.98,6.21313,45.85803
"74036","65418","GRAND ANNECY","BLU18","PI",65,"60",NULL," ",5.8,1,41,"2024-06-17","OUI","01",949380.35,6533774.43,6.21485,45.85793
"74036","65187","GRAND ANNECY","BLU19","PI",100,"100","1999-10-06","CHEMIN DES PERRIERES",8.1,1,39,"2024-06-17","OUI","01",949083.08,6534604.17,6.21146,45.86551
"74036","76302","GRAND ANNECY","BLU20","PI",100,"110","2016-11-23","CHEMIN DU CHAMP LONG",8.3,6.1,60,"2024-06-17","OUI","01",949120.55,6535422.44,6.21237,45.87285
"74036","6281712","GRAND ANNECY","BLU21","PI",100,"100","2016-11-23","ROUTE DU COL DE BLUFFY",11.2,10,60,"2024-06-17","OUI","01",948982.98,6535002.2,6.21038,45.86912
"74036","6281711","GRAND ANNECY","BLU22","PI",100,"110","2016-11-23","ROUTE DU COL DE BLUFFY",9.8,8,60,"2024-06-17","OUI","01",949050.9,6535177.23,6.21135,45.87067
"74036","75626","GRAND ANNECY","BLU23","PI",100,"110","2016-11-23","CHEMIN DE MALTONDU",8.6,6.4,60,"2024-06-17","OUI","01",949190.52,6535317.33,6.21322,45.87188
"74036","65189","GRAND ANNECY","BLU24","PI",100,"100","1983-01-01","CHEMIN DES CASCADES",6.4,3.8,60,"2024-06-17","OUI","05",949413.48,6534079.64,6.21544,45.86067
"74054","80329","GRAND ANNECY","CF01","PI",100,"100",NULL," ",8.3,5.8,60,"2023-05-22","OUI","05",931970.91,6525753.97,5.98673,45.79192
"74054","65421","GRAND ANNECY","CF02","PI",100,"100",NULL," ",4.3,3.1,60,"2023-05-22","OUI","05",932134.52,6525437.19,5.98868,45.78901
"74054","65422","GRAND ANNECY","CF03","PI",100,"100",NULL," ",2,1.1,61,"2023-05-22","OUI","01",932383.81,6525387.61,5.99187,45.78848
"74054","65423","GRAND ANNECY","CF04","PI",100,"60",NULL," ",5.8,1.4,64,"2023-05-22","OUI","05",932622.86,6525271.42,5.99489,45.78735
"74054","65424","GRAND ANNECY","CF05","PI",100,"100",NULL," ",3.9,2.7,60,"2023-05-22","OUI","05",932098.37,6525051.47,5.98803,45.78555
"74054","80332","GRAND ANNECY","CF06","PI",100,"100",NULL," ",2.5,1,60,"2023-05-22","OUI","05",932212.92,6524964.39,5.98946,45.78473
"74054","6281476","GRAND ANNECY","CF07","PI",100,"100",NULL,"ROUTE DES SOURCES",4,1,53,"2023-05-22","OUI","01",932660.37,6524963.74,5.99522,45.78457
"74054","80333","GRAND ANNECY","CF08","PI",100,"100",NULL," ",7.5,1,56,"2023-05-22","OUI","05",932197.94,6524870.79,5.98922,45.78389
"74054","66027","GRAND ANNECY","CF09","PI",100,"100",NULL," ",4.2,1,52,"2023-05-22","OUI","05",932070.87,6524754.72,5.98753,45.78289
"74054","66029","GRAND ANNECY","CF10","PI",100,"100",NULL," ",2.4,1,45,"2023-05-22","OUI","05",932782.84,6524331.39,5.99648,45.77884
"74054","66258","GRAND ANNECY","CF11","PI",100,"100",NULL," ",3.2,1,37,"2023-05-22","OUI","05",933066.04,6524237.9,6.00008,45.7779
"74054","66317","GRAND ANNECY","CF12","PI",100,"100",NULL," ",3.2,1,33,"2023-05-22","OUI","01",933080.64,6524090.03,6.0002,45.77657
"74054","80330","GRAND ANNECY","CF13","PI",100,"100",NULL," ",3.7,1,43,"2023-05-22","OUI","01",932679.84,6524108.59,5.99505,45.77687
"74054","66318","GRAND ANNECY","CF14","PI",100,"100",NULL," ",6.1,1,58,"2023-05-22","OUI","05",932276.8,6524128.98,5.98988,45.77719
"74054","66319","GRAND ANNECY","CF15","PI",100,"100",NULL," ",5.2,1.2,60,"2023-05-22","OUI","05",931929.95,6523992.94,5.98535,45.77609
"74054","66320","GRAND ANNECY","CF16","PI",100,"100",NULL," ",4.5,2.4,60,"2023-05-22","OUI","05",931964.55,6523716.55,5.98566,45.77359
"74054","66321","GRAND ANNECY","CF17","PI",100,"125","2023-06-01","CHEMIN DE LA FORGE",5.6,1.1,60,"2023-06-13","OUI","01",932276.23,6523409.77,5.98952,45.77072
"74054",NULL,"GRAND ANNECY","CF17BIS","PI",100,"100","2023-06-01",NULL,4.9,1,58,"2024-01-30","OUI","01",932268.58,6523937.43,5.98968,45.77547
"74054","80331","GRAND ANNECY","CF18","PI",100,"100",NULL," ",5.8,3.4,60,"2023-05-22","OUI","05",931759.08,6523310.58,5.98282,45.77
"74054","66468","GRAND ANNECY","CF20","PI",100,"100",NULL," ",8.6,1.5,60,"2023-05-22","OUI","01",932113.78,6523109.58,5.98728,45.76807
"74054","78692","GRAND ANNECY","CF21","PI",100,"60",NULL," ",3.2,2.1,60,"2023-05-22","OUI","05",932289.05,6525476.1,5.99069,45.78931
"74054","66028","GRAND ANNECY","CF22","PI",100,"125",NULL,"ROUTE DES FRASSES",3.8,1,47,"2023-05-22","OUI","01",932594.67,6524448.83,5.99412,45.77996
"74054","6281475","GRAND ANNECY","CF22BIS","PI",100,"100","2016-01-01","ROUTE DES MONTS",2.2,1,35,"2023-05-22","OUI","01",932640.33,6524543.13,5.99475,45.78079
"74054","78694","GRAND ANNECY","CF23","PI",100,"100","2022-02-10",NULL,6.6,2.7,60,"2023-05-22","OUI","01",931675.8,6523854.3,5.98202,45.77492
"74054","78693","GRAND ANNECY","CF24","PI",100,"100",NULL," ",4.8,1,53,"2023-05-22","OUI","01",931935.54,6524194.71,5.98552,45.7779
"74054","78715","GRAND ANNECY","CF25","PI",100,"100",NULL," ",6.6,5.2,60,"2023-05-22","OUI","05",932506.11,6523175.4,5.99236,45.76853
"74054","6281449","GRAND ANNECY","CF25BIS","PI",100,"125","2022-10-10",NULL,4,2.2,60,"2023-05-22","OUI","01",932783.08,6523659.84,5.99616,45.7728
"74054","95081","GRAND ANNECY","CF26","PI",100,"100",NULL," ",4.6,1,57,"2023-11-16","OUI","01",932759.24,6523880.89,5.99596,45.77479
"74060","66619","GRAND ANNECY","CSM01","PI",100,"100",NULL," ",11.1,1,30,"2024-07-10","OUI","01",944497.07,6525103.98,6.14751,45.78169
"74060","66620","GRAND ANNECY","CSM02","PI",65,NULL,NULL," ",9.4,1,30,"2024-07-10","OUI","05",944621.66,6524838.14,6.14898,45.77925
"74060","66707","GRAND ANNECY","CSM03","PI",100,NULL,NULL," ",8.1,1,35,"2024-07-10","OUI","05",944699.29,6524862.95,6.14999,45.77945
"74060","66706","GRAND ANNECY","CSM04","PI",65,NULL,NULL,"RD 10",7.5,1,50,"2024-07-10","OUI","01",944713.05,6524770.51,6.15012,45.77861
"74060","66705","GRAND ANNECY","CSM05","PI",65,NULL,NULL," ",6.5,1,27,"2024-07-10","OUI","01",944767.77,6524860.27,6.15087,45.7794
"74060","79689","GRAND ANNECY","CSM07","PI",65,NULL,NULL," ",6.9,1,41,"2024-07-10","OUI","01",944750.71,6524703.92,6.15057,45.778
"74060",NULL,"GRAND ANNECY","CSM08","PI",100,"125","2021-07-02","ROUTE DES BAUGES",5.4,4.9,60,"2024-07-10","OUI","01",944729.06,6524633.94,6.15026,45.77738
"74060",NULL,"GRAND ANNECY","CSM08BIS","PI",100,"150","2024-03-01","ROUTE DE LA CUDRAZ",7.5,6.6,60,"2024-07-10","OUI","01",944789.62,6524293.12,6.15086,45.77429
"74060","63597","GRAND ANNECY","CSM09","PI",100,"125","2021-07-02","ROUTE DES BAUGES",5.2,4.4,60,"2024-07-10","OUI","01",944541.21,6524484.74,6.14776,45.7761
"74060",NULL,"GRAND ANNECY","CSM11","PI",100,"125","2021-07-02","ROUTE DES BAUGES",6.2,5.2,60,"2024-07-10","OUI","01",944430.39,6524288.34,6.14624,45.77437
"74060",NULL,"GRAND ANNECY","CSM11BIS","PI",100,"125","2023-11-14","ROUTE DES BAUGES",6.3,5,60,"2024-07-10","OUI","01",944364.56,6524081.16,6.14529,45.77253
"74061","68706","GRAND ANNECY","CHY01","PI",100,"100",NULL," ",10,9,60,"2020-03-16","OUI","01",935189.23,6532428.44,6.03143,45.85087
"74061","68705","GRAND ANNECY","CHY02","PI",100,"60",NULL," ",2,1,32,"2020-03-16","OUI","05",935162.46,6532360.94,6.03105,45.85028
"74061","83653","GRAND ANNECY","CHY03","PI",100,"100",NULL," ",3,1,60,"2020-03-16","OUI","05",935136.82,6532281.51,6.03068,45.84957
"74061",NULL,"GRAND ANNECY","CHY03BIS","PI",100,"125","2021-03-08","MONTEE DES TEPPES VERTES",4.1,2.2,60,"2021-03-17","OUI","01",935180.55,6532268.38,6.03124,45.84944
"74061","68784","GRAND ANNECY","CHY04","PI",100,"100",NULL," ",3,1,52,"2020-03-16","OUI","05",935033.12,6532193.47,6.0293,45.84881
"74061","81148","GRAND ANNECY","CHY05","PI",100,"60",NULL," ",9,1,16,"2020-03-16","OUI","05",934936.79,6531572.61,6.02776,45.84326
"74061","78157","GRAND ANNECY","CHY06","PI",100,"100",NULL," ",4,2,60,"2020-03-16","OUI","05",935255.95,6532202.89,6.03218,45.84882
"74061","69085","GRAND ANNECY","CHY07","PI",100,NULL,NULL," ",7,1,20,"2018-05-26","OUI","05",935288.86,6532084.32,6.03254,45.84774
"74061","71607","GRAND ANNECY","CHY08","PI",100,"100",NULL," ",4,3,60,"2020-03-16","OUI","05",935611.2,6531984.81,6.03664,45.84674
"74061","69163","GRAND ANNECY","CHY09","PI",65,"60",NULL," ",5,1,38,"2024-12-31","OUI","05",935530.42,6531972.22,6.0356,45.84665
"74061","69084","GRAND ANNECY","CHY11","PI",100,"100",NULL," ",3,1,45,"2020-03-16","OUI","05",935815.32,6532216.39,6.03939,45.84875
"74061","69087","GRAND ANNECY","CHY12","PI",100,"100",NULL," ",3,1,60,"2020-05-11","OUI","01",935798.46,6531980.04,6.03905,45.84663
"74061","6281466","GRAND ANNECY","CHY12BIS","PI",100,"100",NULL," ",3,1,60,"2020-03-16","OUI","05",935703.85,6532053.77,6.03787,45.84732
"74061","6281477","GRAND ANNECY","CHY13","PI",100,"100",NULL," ",3,2,60,"2020-05-11","OUI","05",935705.37,6531855.01,6.03779,45.84554
"74061","6281491","GRAND ANNECY","CHY13BIS","PI",100,"100","2016-05-12","ALLEE DU COTEAU",3,1,54,"2020-05-11","OUI","01",935834.34,6531698.02,6.03937,45.84408
"74061","80080","GRAND ANNECY","CHY14","PI",65,"100",NULL," ",4,2,60,"2020-05-11","OUI","05",935717.63,6531796.47,6.03792,45.845
"74061","69091","GRAND ANNECY","CHY15","PI",100,"100",NULL," ",4,2,60,"2020-05-11","OUI","05",935693.12,6531738.72,6.03758,45.84449
"74061","69093","GRAND ANNECY","CHY16","PI",100,"100",NULL,"IMPASSE DES MARAIS",3,1,48,"2020-05-11","OUI","05",935978.73,6531483.03,6.04113,45.84209
"74061","69089","GRAND ANNECY","CHY17","PI",100,"100",NULL,"ROUTE DU BOIS DE LA CROIX",4,1,56,"2020-05-11","OUI","01",936233.25,6531324.01,6.04432,45.84057
"74061","81474","GRAND ANNECY","CHY18","PI",100,"100",NULL,"IMPASSE DES BOSQUETS",5,1,46,"2020-05-11","OUI","05",936189.42,6531193.55,6.04369,45.83942
"74061","68783","GRAND ANNECY","CHY19","PI",100,"100",NULL,"ROUTE DE CHEZ CROCHET",5,1,48,"2020-05-11","OUI","01",935998.78,6530997.04,6.04114,45.83771
"74061","6281459","GRAND ANNECY","CHY20","PI",100,"100","2014-01-01","ROUTE DE VESINE",3,1,48,"2020-05-11","OUI","01",936408.9,6531194.89,6.04652,45.83935
"74061","78158","GRAND ANNECY","CHY21","PI",100,NULL,NULL," ",6,1,57,"2020-05-12","OUI","05",936631.67,6531382.56,6.04948,45.84096
"74061","68778","GRAND ANNECY","CHY22","PI",100,"125",NULL,"ROUTE DE LA SCIE",5,1,56,"2020-05-11","OUI","01",936523.24,6531063.55,6.04793,45.83813
"74061","68785","GRAND ANNECY","CHY23","PI",100,"125",NULL,"ROUTE DE LA SCIE",6,1,60,"2020-05-11","OUI","01",936577.55,6531019.06,6.0486,45.83771
"74061","68779","GRAND ANNECY","CHY24","PI",100,NULL,NULL," ",7,1,35,"2020-05-12","OUI","05",936630.65,6531118.99,6.04934,45.83859
"74061","71606","GRAND ANNECY","CHY28","PI",65,"100",NULL,"ROUTE DE SCIONDAZ",7,3,60,"2020-05-11","OUI","01",935648.69,6531343.41,6.03681,45.84095
"74061","69092","GRAND ANNECY","CHY29","PI",100,"100",NULL," ",7,3,60,"2020-05-11","OUI","05",935625.16,6531192.29,6.03643,45.8396
"74061","74160","GRAND ANNECY","CHY30","PI",100,"60",NULL," ",4,1,50,"2020-05-12","OUI","05",935625.72,6530951.07,6.03632,45.83743
"74061","65207","GRAND ANNECY","CHY31","PI",100,"60",NULL," ",4,1,60,"2020-05-11","OUI","05",935681.32,6530748.99,6.03693,45.83559
"74061","6281471","GRAND ANNECY","CHY31BIS","PI",100,"100",NULL,"ROUTE DE CHEZ CROCHET",8,1,60,"2020-05-11","OUI","01",935862.65,6530706.42,6.03925,45.83515
"74061","68790","GRAND ANNECY","CHY32","PI",100,"100","2015-01-01","IMPASSE VERS LES BOIS",3.4,1,12,"2024-06-27","OUI","01",935225.13,6530112.29,6.03075,45.83002
"74061","68789","GRAND ANNECY","CHY33","PI",100,"100","2016-06-15","VERS LES BOIS",3.8,1,9,"2024-06-27","OUI","01",935197.3,6529958.57,6.03031,45.82865
"74061","71605","GRAND ANNECY","CHY34","PI",100,"100",NULL," ",4.5,1,30,"2024-12-31","OUI","05",935568.99,6529758.82,6.035,45.82672
"74061","69090","GRAND ANNECY","CHY35","PI",100,"100",NULL," ",3,1,23,"2020-05-12","OUI","05",935737.71,6529757.0,6.03717,45.82665
"74061","68781","GRAND ANNECY","CHY36","PI",100,"100",NULL," ",2,1,22,"2020-05-12","OUI","05",935803.06,6529862.97,6.03806,45.82758
"74061","68788","GRAND ANNECY","CHY37","PI",100,"100","2009-01-01","ROUTE DES DAVIET",2,1,20,"2020-05-12","OUI","05",935923.31,6529877.15,6.03962,45.82766
"74061","68787","GRAND ANNECY","CHY38","PI",100,"63",NULL,"IMPASSE CHEZ TISSOT",2,1,8,"2020-05-12","OUI","01",936374.03,6530278.55,6.04562,45.83112
"74061","68776","GRAND ANNECY","CHY39","PI",65,"80",NULL," ",2,1,29,"2020-05-12","OUI","05",935413.21,6529545.28,6.03289,45.82485
"74061","68786","GRAND ANNECY","CHY40","PI",100,NULL,NULL," ",5,1,20,"2020-05-12","OUI","05",935187.88,6529656.93,6.03004,45.82594
"74062","64846","GRAND ANNECY","CX01","PI",100,"125","2019-12-01","ROUTE DES TAVERNETTES",8,5,60,"2023-05-16","OUI","01",944997.04,6547621.63,6.16556,45.98412
"74062","64847","GRAND ANNECY","CX02","PI",100,"100",NULL," ",6.5,2.5,60,"2023-05-16","OUI","01",944480.68,6547602.53,6.15888,45.98413
"74062","64849","GRAND ANNECY","CX04","PI",100,"125","1992-01-01","ROUTE DE DOUCY",9.5,7,60,"2023-05-17","OUI","01",944648.5,6546958.59,6.16072,45.97828
"74062","64904","GRAND ANNECY","CX05","PI",100,"100",NULL,"ROUTE DE DOUCY",3,1,50,"2023-05-16","OUI","01",944256.22,6547411.08,6.15589,45.98249
"74062","64905","GRAND ANNECY","CX06","PI",65,"100",NULL," ",10,1,18,"2023-05-17","OUI","01",944137.31,6548048.45,6.15468,45.98827
"74062","64906","GRAND ANNECY","CX07","PI",100,"100",NULL,"ROUTE DES CHARRES",8,4.5,60,"2023-05-17","OUI","01",944014.4,6547582.36,6.15286,45.98412
"74062","82805","GRAND ANNECY","CX08","PI",100,"100",NULL," ",4.5,3,60,"2023-05-17","OUI","01",943767.99,6547938.95,6.14986,45.98741
"74062","80214","GRAND ANNECY","CX09","PI",65,"100",NULL," ",3,1,50,"2023-05-16","OUI","01",944310.51,6547159.26,6.15646,45.9802
"74062","64907","GRAND ANNECY","CX10","PI",100,"100",NULL," ",5.5,3.5,60,"2023-05-23","OUI","01",944370.71,6547397.08,6.15736,45.98232
"74062","64908","GRAND ANNECY","CX11","PI",100,"100",NULL,"ROUTE DU CHEF LIEU",6.5,3,60,"2023-05-17","OUI","01",944428.59,6546905.7,6.15785,45.97788
"74062","69977","GRAND ANNECY","CX12","PI",100,"100",NULL," ",8,2.5,60,"2023-05-22","OUI","05",944892.25,6546557.25,6.16366,45.97458
"74062","64909","GRAND ANNECY","CX13","PI",100,"125","2018-05-01","ROUTE DE L EGLISE",5.8,1,30,"2023-08-02","OUI","01",944271.91,6546838.69,6.1558,45.97733
"74062","6281521","GRAND ANNECY","CX13BIS","PI",100,"125","2018-05-01","ROUTE DE PENCHOT",6,1,30,"2023-08-02","OUI","01",944351.38,6546759.69,6.15678,45.97659
"74062","80751","GRAND ANNECY","CX14","PI",100,"60",NULL,"ROUTE DE L EGLISE",6,4,60,"2023-05-17","OUI","01",944442.32,6546779.25,6.15796,45.97674
"74062","64910","GRAND ANNECY","CX15","PI",100,"100",NULL," ",7,5.5,60,"2023-05-22","OUI","01",944787.62,6546845.99,6.16246,45.97721
"74062","6282746","GRAND ANNECY","CX16","PI",100,"125","2020-12-01","ROUTE DES TAVERNETTES",5.5,2,60,"2023-05-16","OUI","01",944818.75,6547670.38,6.16328,45.98462
"74062",NULL,"GRAND ANNECY","CX17","PI",100,"125","2019-12-01","ROUTE DES CONTAMINES",6,2.9,60,"2021-04-13","OUI","01",944782.01,6547453.23,6.1627,45.98268
"74062","64912","GRAND ANNECY","CX18","PI",100,"100",NULL," ",7,5,60,"2023-05-22","OUI","01",944693.15,6546605.52,6.16111,45.97508
"74062","64913","GRAND ANNECY","CX19","PI",100,"100",NULL," ",7,1,30,"2023-05-23","OUI","01",944182.35,6546450.52,6.15444,45.97387
"74062","64915","GRAND ANNECY","CX20","PI",100,"100",NULL," ",8,1.5,60,"2023-05-23","OUI","01",943861.07,6546290.66,6.15021,45.97255
"74062","64914","GRAND ANNECY","CX21","PI",100,"100",NULL,"TIVILLONS (ROUTE DES)",5.8,1,32,"2023-08-02","OUI","01",944156.33,6546610.59,6.15419,45.97532
"74062","64916","GRAND ANNECY","CX22","PI",65,"100","2001-01-01","ROUTE DES COUVETTES",11,5.5,60,"2023-05-16","OUI","01",944183.78,6547111.39,6.1548,45.97982
"74062","64917","GRAND ANNECY","CX23","PI",65,"60",NULL,"ROUTE DES CHAMPS RITZ",8,1,20,"2023-05-22","OUI","01",944815.6,6546271.05,6.16252,45.97203
"74062","80752","GRAND ANNECY","CX24","PI",100,"60",NULL," ",10,1,18,"2023-05-17","OUI","01",944258.33,6548515.39,6.15649,45.99243
"74062","64918","GRAND ANNECY","CX25","PI",100,"100",NULL,"ROUTE DES VERNES",8,4,60,"2023-05-23","OUI","01",945108.7,6547560.09,6.16697,45.98352
"74062","64919","GRAND ANNECY","CX26","PI",100,"100",NULL,"ROUTE DES VERNES",8,4,60,"2023-05-17","OUI","01",945213.04,6547731.76,6.1684,45.98503
"74062","64920","GRAND ANNECY","CX27","PI",100,"100",NULL,"ROUTE D ANNECY",7.5,5.5,60,"2023-05-23","OUI","01",944972.6,6547438.95,6.16515,45.98248
"74062","64921","GRAND ANNECY","CX28","PI",100,"100",NULL," ",8,6.5,60,"2023-05-22","OUI","01",944939.91,6547225.07,6.16462,45.98057
"74062","83491","GRAND ANNECY","CX30","PI",100,"100",NULL," ",8,7,60,"2023-05-22","OUI","01",944954.85,6546856.43,6.16462,45.97725
"74062","78800","GRAND ANNECY","CX31","PI",100,"100",NULL," ",5,3,60,"2023-05-23","OUI","01",943751.53,6545941.78,6.14862,45.96945
"74062","74693","GRAND ANNECY","CX32","PI",100,"100",NULL," ",10,8,60,"2023-05-17","OUI","01",944201.75,6547553.78,6.15526,45.98379
"74062","74694","GRAND ANNECY","CX33","PI",100,"100",NULL," ",5.5,3.5,60,"2023-05-17","OUI","01",944361.59,6547109.65,6.15709,45.97974
"74062","81835","GRAND ANNECY","CX34","PI",100,"100",NULL," ",5,3.5,60,"2023-05-23","OUI","01",944601.01,6546627.33,6.15993,45.97531
"74062","74695","GRAND ANNECY","CX35","PI",100,"100",NULL," ",8,6.5,60,"2023-05-22","OUI","01",944929.05,6547014.19,6.16437,45.97868
"74062","79312","GRAND ANNECY","CX36","PI",65,"60","2023-01-01"," ",8.8,1,36,"2023-09-13","OUI","01",945070.22,6546752.78,6.16605,45.97627
"74062","6281520","GRAND ANNECY","CX37","PI",100,"100",NULL," ",8,2.5,60,"2023-05-22","OUI","05",944755.18,6546572.45,6.1619,45.97476
"74062","6281519","GRAND ANNECY","CX38","PI",100,"125","2016-09-01","ROUTE DES CONTAMINES",8,5.5,60,"2023-05-16","OUI","01",944646.09,6547492.16,6.16096,45.98308
"74062",NULL,"GRAND ANNECY","SMB71","PI",100,"100","2021-12-01","CHEMIN DES RIBIOLLETS",7.4,6.2,60,"2022-04-11","OUI","01",944453.43,6545955.73,6.15768,45.96932
"74067","79870","GRAND ANNECY","CH01","PI",150,"150","2010-06-01","ROUTE DU CHAMP DE L ALE",4.4,4.2,60,"2023-07-05","OUI","01",938122.48,6534860.22,6.07042,45.87174
"74067","66533","GRAND ANNECY","CH02","PI",100,NULL,NULL,"ROUTE DU CHAMP DE L ALE",4.8,1.9,60,"2023-07-05","OUI","01",937495.86,6535314.63,6.06257,45.87604
"74067","66534","GRAND ANNECY","CH03","PI",100,NULL,NULL,"ROUTE DU CHAMP DE L ALE",4.3,2.1,60,"2023-07-05","OUI","01",937338.52,6535501.97,6.06064,45.87778
"74067","75962","GRAND ANNECY","CH04","PI",100,NULL,NULL,"IMPASSE DE ROSSET",5.3,3.3,60,"2023-07-05","OUI","01",937205.96,6535633.86,6.059,45.87902
"74067","66535","GRAND ANNECY","CH05","PI",100,NULL,NULL,"ROUTE DU CHAMP DE L ALE",5.3,3.3,60,"2023-07-05","OUI","01",937138.53,6535616.49,6.05812,45.87888
"74067","66537","GRAND ANNECY","CH07","PI",100,NULL,"1995-01-01","IMPASSE DE ROSSET",5.8,3.8,60,"2023-07-05","OUI","01",937258.62,6535703.72,6.05971,45.87963
"74067","66538","GRAND ANNECY","CH08","PI",100,"100","2009-10-01","ROUTE DE CORBIER",5.3,3.7,60,"2023-07-05","OUI","01",937060.79,6535789.8,6.0572,45.88047
"74067","66539","GRAND ANNECY","CH09","PI",100,"100","2009-10-01","ROUTE DE CORBIER",6,4.3,60,"2023-07-05","OUI","01",937205.15,6535831.63,6.05909,45.8808
"74067","6281630","GRAND ANNECY","CH09BIS","PI",100,"125","2017-01-30","IMPASSE SOUS LE BOIS",6.4,4.6,60,"2023-07-05","OUI","01",937426.43,6535868.8,6.06196,45.88105
"74067","65409","GRAND ANNECY","CH10","PI",100,"100","2009-10-01","ROUTE DE CORBIER",6.7,5.1,60,"2023-07-05","OUI","10",937439.12,6535982.05,6.06218,45.88207
"74067","66043","GRAND ANNECY","CH100","PI",100,"125","2022-02-01","IMPASSE DES COTES",8.2,1.2,65,"2023-07-06","OUI","01",935131.46,6536887.57,6.03289,45.89102
"74067","79148","GRAND ANNECY","CH101","PI",100,"125","2022-02-01","CHEMIN DES MOULINS",5.5,2.3,60,"2023-07-06","OUI","01",934973.77,6536904.46,6.03087,45.89122
"74067","66045","GRAND ANNECY","CH102","PI",100,"100","2020-08-31","ROUTE DE BELLEVILLE",16,1.8,60,"2023-07-06","OUI","01",934671.41,6536620.7,6.02683,45.88878
"74067","79659","GRAND ANNECY","CH103","PI",40,NULL,"1970-01-01","IMPASSE DE RAMPONT",NULL,NULL,NULL,NULL,"OUI","01",934189.34,6535893.78,6.02026,45.8824
"74067","66046","GRAND ANNECY","CH105","PI",100,"70","2024-01-18","THUILIERE (IMPASSE DE LA)",14.5,1,19,"2024-05-22","OUI","01",934411.53,6537059.7,6.0237,45.89282
"74067","66047","GRAND ANNECY","CH106","PI",80,NULL,NULL,"ROUTE DE CHAVAROCHE",3.8,1,21,"2023-07-06","OUI","05",934760.72,6537347.44,6.02834,45.89528
"74067","66277","GRAND ANNECY","CH107","PI",80,"80",NULL,"ROUTE DE BELLEVILLE",11.8,1,43,"2023-07-06","OUI","01",934374.81,6536209.16,6.02281,45.88517
"74067","66278","GRAND ANNECY","CH108","PI",80,"75","2010-11-22","IMPASSE DE RAMPONT",7.8,1,25,"2023-07-06","OUI","01",934238.86,6535999.07,6.02095,45.88333
"74067","66048","GRAND ANNECY","CH109","PI",65,NULL,"2008-01-05","ROUTE DE CHAVAROCHE",NULL,NULL,NULL,NULL,"OUI","05",934670.67,6537380.45,6.0272,45.89561
"74067","65410","GRAND ANNECY","CH11","PI",100,"125",NULL,NULL,4.3,6.8,60,"2023-07-05","OUI","01",937465.1,6536072.48,6.06256,45.88287
"74067","66322","GRAND ANNECY","CH110","PI",100,NULL,"1995-01-01","ROUTE DE CRAN GEVRIER",8.5,5.8,60,"2022-07-20","OUI","05",938316.57,6537454.55,6.07422,45.89501
"74067","79847","GRAND ANNECY","CH111","PI",100,"100",NULL,"AVENUE ALTAIS",9.7,9.3,60,"2022-07-20","OUI","01",938824.78,6537449.24,6.08077,45.89479
"74067","79424","GRAND ANNECY","CH111BIS","PI",100,"125","2009-04-01","AVENUE ALTAIS",10,8,60,"2020-06-23","OUI","01",938649.11,6537280.37,6.07842,45.89333
"74067","79426","GRAND ANNECY","CH111QTER","PI",100,"110","2009-04-01","RUE MIRA",8.4,7.4,60,"2022-07-20","OUI","01",938704.51,6537068.54,6.07902,45.8914
"74067","79425","GRAND ANNECY","CH111TER","PI",100,"110","2009-04-01","RUE ORION",9,8,60,"2020-06-23","OUI","01",938692.22,6537169.98,6.07892,45.89232
"74067","66894","GRAND ANNECY","CH112","PI",100,NULL,"2004-01-01","RUE CASSIOPEE",11.4,10.9,60,"2022-07-20","OUI","01",938770.76,6537802.04,6.08025,45.89798
"74067","81787","GRAND ANNECY","CH112BIS","PI",100,NULL,"2004-01-01","RUE CASSIOPEE",10.2,9.8,60,"2022-07-20","OUI","01",938781.57,6537596.77,6.08028,45.89613
"74067","75952","GRAND ANNECY","CH113","PI",100,NULL,NULL,"RUE ADRASTEE",11.9,11.2,60,"2022-07-20","OUI","01",938636.51,6538016.53,6.07862,45.89996
"74067","82627","GRAND ANNECY","CH114","PI",100,NULL,NULL,"RUE ADRASTEE",119,114,60,"2022-07-20","OUI","01",938714.87,6537975.79,6.07961,45.89956
"74067","79149","GRAND ANNECY","CH115","PI",100,"110","2006-01-01","RUE VEGA",11.7,11.4,60,"2022-07-20","OUI","01",938829.49,6537912.93,6.08106,45.89896
"74067","81477","GRAND ANNECY","CH116","PI",100,"110","2006-01-01","RUE CALLISTO",11.7,11.1,60,"2022-07-20","OUI","01",938955.5,6537788.43,6.08262,45.89779
"74067","79685","GRAND ANNECY","CH117","PI",100,"125","2011-04-01","RUE SATURNE",8.4,7.6,60,"2022-07-21","OUI","01",938536.74,6537238.77,6.07695,45.89299
"74067","79687","GRAND ANNECY","CH118","PI",100,"125","2011-04-01","RUE SATURNE",8.3,7.1,60,"2022-07-21","OUI","01",938428.68,6537201.18,6.07554,45.89269
"74067","89918","GRAND ANNECY","CH119","PI",100,"110","2011-04-01","RUE SATURNE",7.4,5.4,60,"2022-07-21","OUI","01",938493.59,6537047.46,6.0763,45.89129
"74067","79775","GRAND ANNECY","CH12","PI",100,NULL,"1970-01-01","CHEMIN DES GARCIN",5.6,3.2,60,"2023-07-05","OUI","01",936972.65,6535607.12,6.05598,45.87886
"74067","6281688","GRAND ANNECY","CH120","PI",100,NULL,"2015-07-01","RUE URANUS",7.2,4.2,60,"2022-07-21","OUI","01",938452.91,6536989.7,6.07574,45.89078
"74067","65411","GRAND ANNECY","CH14","PI",80,NULL,NULL,"IMPASSE DE LOILLY",6.2,1,26,"2023-07-05","OUI","01",937059.09,6535508.73,6.05704,45.87794
"74067","80299","GRAND ANNECY","CH15","PI",80,"100",NULL,"CHEMIN DES GARCIN",6.3,3.6,60,"2023-07-05","OUI","05",936841.97,6535529.13,6.05426,45.8782
"74067","65412","GRAND ANNECY","CH16","PI",80,NULL,NULL,"ROUTE DU CREVION",6,1.7,60,"2023-07-05","OUI","01",936830.65,6535631.31,6.05416,45.87912
"74067","75963","GRAND ANNECY","CH17","PI",100,NULL,"1970-01-01","IMPASSE SOUS LE CLOCHER",6,2.1,60,"2023-07-05","OUI","01",936734.22,6535665.51,6.05294,45.87947
"74067","65298","GRAND ANNECY","CH17BIS","PI",40,NULL,"1970-01-01","IMPASSE SOUS LE CLOCHER",59,1,13,"2021-03-11","OUI","01",936685.34,6535664.54,6.05231,45.87947
"74067","79777","GRAND ANNECY","CH17TER","PI",100,"100","2010-03-01","ROUTE DE CORBIER",6,4.1,60,"2023-07-05","OUI","05",936858.49,6535798.46,6.0546,45.88062
"74067","65413","GRAND ANNECY","CH18","PI",100,"100",NULL,"ROUTE DE CORBIER",5.6,3.9,60,"2023-07-05","OUI","01",936965.48,6535755.1,6.05596,45.88019
"74067","65414","GRAND ANNECY","CH19","PI",100,NULL,NULL,"ROUTE DE CORBIER",5.9,4,60,"2023-07-05","OUI","01",936850.63,6535851.29,6.05453,45.8811
"74067","65415","GRAND ANNECY","CH22","PI",100,NULL,NULL,"PASSAGE DU PRESBYTERE",4.1,1,59,"2023-07-05","OUI","01",936723.89,6535806.92,6.05287,45.88074
"74067","81517","GRAND ANNECY","CH23","PI",100,"125","2019-06-01","ROUTE DE FORNEYRA",4.2,1,52,"2023-07-05","OUI","01",936561.77,6535768.57,6.05077,45.88045
"74067","64810","GRAND ANNECY","CH24","PI",100,NULL,NULL,"ROUTE DES CREUSES",5.2,3.1,60,"2023-07-05","OUI","01",936616.83,6535912.06,6.05155,45.88173
"74067","80186","GRAND ANNECY","CH25","PI",100,NULL,NULL,"ROUTE DES CREUSES",5.9,3.3,60,"2023-07-06","OUI","01",936403.07,6535833.52,6.04875,45.88109
"74067","79776","GRAND ANNECY","CH26","PI",80,NULL,NULL,"IMPASSE DES GOLIERES",4.7,1,33,"2023-07-05","OUI","01",935774.18,6535717.73,6.04059,45.88027
"74067","64868","GRAND ANNECY","CH28","PI",100,NULL,NULL,"ROUTE DES CREUSES",5.3,2.9,60,"2023-07-06","OUI","01",936008.58,6535690.29,6.0436,45.87994
"74067","64870","GRAND ANNECY","CH30","PI",80,NULL,NULL,"ROUTE DE CHEZ GUEUDET",6.2,1,49,"2023-07-05","OUI","01",935826.39,6535519.06,6.04117,45.87846
"74067","79093","GRAND ANNECY","CH31","PI",80,NULL,NULL,"ROUTE DE CHEZ GUEUDET",6.2,1,42,"2023-07-05","OUI","01",935883.34,6535367.69,6.04183,45.87708
"74067","64871","GRAND ANNECY","CH32","PI",100,NULL,NULL,"ROUTE DE CHEZ GUEUDET",6.2,1,41,"2023-07-05","OUI","01",935801.11,6535294.67,6.04073,45.87645
"74067","64872","GRAND ANNECY","CH34","PI",100,NULL,NULL,"ROUTE DES CREUSES",6.5,3.4,60,"2023-07-05","OUI","01",935711.39,6535621.51,6.03974,45.87943
"74067","80187","GRAND ANNECY","CH35","PI",100,NULL,NULL,"ROUTE DE CHAMPANOD",6.8,1.2,62,"2023-07-05","OUI","01",935402.56,6535223.45,6.03556,45.87595
"74067","6281628","GRAND ANNECY","CH36","PI",100,"125","2012-01-01","ROUTE DE CHAMPANOD",7,1.4,60,"2023-07-05","OUI","01",935408.06,6535314.44,6.03568,45.87677
"74067","6281629","GRAND ANNECY","CH37","PI",100,"125","2018-07-04","ROUTE DE CHAMPANOD",6.2,1,49,"2023-07-05","OUI","05",935243.82,6535201.15,6.0335,45.8758
"74067","64874","GRAND ANNECY","CH38","PI",100,NULL,NULL,"ROUTE DE CHAMPANOD",5.3,1,40,"2023-07-05","OUI","01",935059.93,6535216.64,6.03114,45.87601
"74067","64873","GRAND ANNECY","CH39","PI",100,NULL,NULL,"ROUTE DE CHAMPANOD",5.5,1,40,"2023-07-05","OUI","01",935377.57,6535109.76,6.03518,45.87494
"74067","64875","GRAND ANNECY","CH40","PI",100,NULL,NULL,"CHEMIN DE FENEYRE",7.5,1,9.1,"2023-07-05","OUI","01",935302.67,6535008.49,6.03417,45.87405
"74067","64876","GRAND ANNECY","CH41","PI",65,NULL,NULL,"CHEMIN DE FENEYRE",5.1,1,15,"2023-07-05","OUI","01",935321.68,6534855.96,6.03434,45.87267
"74067","64877","GRAND ANNECY","CH45","PI",100,"110","2017-07-28","ROUTE DU CREVION",4.2,1,48,"2023-07-05","OUI","01",936015.02,6534467.64,6.04307,45.86894
"74067","64878","GRAND ANNECY","CH47","PI",100,NULL,NULL,"ROUTE DE CHEZ GRILLET",12,6.8,60,"2023-07-06","OUI","01",935245.21,6535999.2,6.03392,45.88299
"74067","79146","GRAND ANNECY","CH48","PI",80,NULL,NULL,"ROUTE DE L ETANG",5.3,1.1,63,"2023-07-05","OUI","01",935668.07,6535871.33,6.0393,45.88169
"74067","64879","GRAND ANNECY","CH49","PI",100,NULL,"1965-01-01","ROUTE DE L ETANG",6.2,2.6,60,"2023-07-05","OUI","01",935605.07,6536133.84,6.03862,45.88407
"74067","79657","GRAND ANNECY","CH50","PI",40,NULL,NULL,"ROUTE DE L ETANG",7.8,1,14,"2015-08-19","OUI","01",935555.89,6536799.4,6.03832,45.89008
"74067","64881","GRAND ANNECY","CH51","PI",100,"125","2009-05-05","IMPASSE DU GRAND PRE",7.7,1,56,"2023-07-06","OUI","01",935655.2,6536888.61,6.03964,45.89085
"74067","79658","GRAND ANNECY","CH51BIS","PI",100,"125","2014-02-20","IMPASSE DU GRAND PRE",8.1,1,57,"2023-07-06","OUI","01",935727.44,6536917.59,6.04059,45.89108
"74067","64880","GRAND ANNECY","CH52","PI",100,"125","2009-05-05","IMPASSE DU GRAND PRE",7.8,1,56,"2023-07-06","OUI","01",935636.35,6536830.29,6.03937,45.89033
"74067","64882","GRAND ANNECY","CH53","PI",100,"125","2015-10-01","ROUTE DE L ETANG",7.2,1,49,"2023-07-06","OUI","01",935663.8,6536787.81,6.0397,45.88994
"74067","64883","GRAND ANNECY","CH56","PI",100,"90",NULL,"ROUTE DE LA FRUITIERE",6.8,2.8,60,"2022-07-12","OUI","01",937213.78,6536189.66,6.05938,45.88402
"74067","75978","GRAND ANNECY","CH57","PI",100,"100",NULL,"ROUTE DE LA FRUITIERE",7,3.9,60,"2022-07-12","OUI","01",937372.57,6536172.65,6.06141,45.88381
"74067","64884","GRAND ANNECY","CH58","PI",100,NULL,NULL,"IMPASSE DES CHAMOUX",69,39,60,"2022-07-12","OUI","01",937548.03,6536217.15,6.0637,45.88415
"74067","80218","GRAND ANNECY","CH59","PI",100,"100",NULL,"ROUTE DE LA FRUITIERE",6.9,3.3,60,"2022-07-12","OUI","01",937567.86,6536317.95,6.064,45.88505
"74067","79783","GRAND ANNECY","CH60","PI",100,"125","2007-12-01",NULL,6.7,2.1,60,"2022-07-12","OUI","01",937657.76,6536385.57,6.06519,45.88562
"74067","64942","GRAND ANNECY","CH61","PI",100,NULL,NULL,"ROUTE DU MONT",6,5.5,60,"2015-08-24","OUI","01",938154.06,6536559.87,6.07168,45.88702
"74067","64943","GRAND ANNECY","CH62","PI",100,NULL,NULL,"ROUTE DES HAUTS DE CHAVANOD",7,5,60,"2022-07-12","OUI","01",938285.54,6536724.11,6.07345,45.88845
"74067","64944","GRAND ANNECY","CH63","PI",100,NULL,NULL,"ROUTE DES HAUTS DE CHAVANOD",5.9,3.8,60,"2022-07-12","OUI","01",938252.32,6536773.37,6.07305,45.8889
"74067","64945","GRAND ANNECY","CH64","PI",100,NULL,NULL,"ROUTE DU MONT",5.9,3.7,60,"2022-07-12","OUI","01",938054.52,6536560.5,6.07039,45.88706
"74067","64946","GRAND ANNECY","CH65","PI",100,"125","2008-04-30","ROUTE DE MACLAMOD",7,1,57,"2022-07-12","OUI","01",937644.05,6536454.49,6.06505,45.88625
"74067","84679","GRAND ANNECY","CH65BIS","PI",100,"125","2011-12-05","CHEMIN DE L EMELIE",6.8,1,60,"2022-07-12","OUI","01",937591.73,6536575.03,6.06444,45.88735
"74067","80219","GRAND ANNECY","CH67","PI",100,NULL,"1990-01-01","IMPASSE DE L EMELIE",7.2,1.3,60,"2022-07-12","OUI","01",937550.71,6536523.21,6.06388,45.8869
"74067","64948","GRAND ANNECY","CH68","PI",100,NULL,NULL,"ROUTE DE MACLAMOD",6.9,2.1,60,"2022-07-12","OUI","01",937608.91,6536663.12,6.0647,45.88814
"74067","64949","GRAND ANNECY","CH70","PI",100,"125",NULL,"ROUTE DE MACLAMOD",7.5,2.5,60,"2022-07-12","OUI","01",937588.2,6536792.6,6.0645,45.88931
"74067","64950","GRAND ANNECY","CH71","PI",100,"110",NULL,"ROUTE DE MACLAMOD",8.1,3.3,60,"2022-07-13","OUI","01",937592.51,6536895.33,6.06461,45.89023
"74067","64951","GRAND ANNECY","CH72","PI",65,NULL,NULL,"ROUTE FORESTIERE DU MONT",7.8,1,34,"2022-07-13","OUI","01",937688.52,6537114.85,6.06596,45.89217
"74067","75950","GRAND ANNECY","CH73","PI",100,"125",NULL,"ROUTE DE MACLAMOD",7.5,3.5,60,"2022-07-13","OUI","01",937579.2,6537133.19,6.06456,45.89238
"74067","82729","GRAND ANNECY","CH74","PI",80,NULL,NULL,"ROUTE COTE LA DAME",8.2,1,17,"2022-07-13","OUI","01",937254.47,6537125.68,6.06037,45.89242
"74067","79784","GRAND ANNECY","CH76","PI",100,"125",NULL,"ROUTE DU CHATEAU",7.8,3.4,60,"2022-07-13","OUI","01",937534.67,6537244.56,6.06404,45.8934
"74067","65040","GRAND ANNECY","CH77","PI",100,"125","2010-09-01","IMPASSE DU CARILLON",6.7,2.7,60,"2022-07-13","OUI","01",937600.94,6537410.23,6.06497,45.89486
"74067","65112","GRAND ANNECY","CH78","PI",100,"125",NULL,"ROUTE DU CHATEAU",6.5,2.5,60,"2022-07-13","OUI","01",937665.01,6537511.49,6.06585,45.89575
"74067","66326","GRAND ANNECY","CH79","PI",100,NULL,NULL,"ROUTE DU LAVOIR",8.8,5.4,60,"2022-07-13","OUI","01",937865.44,6537480.86,6.06842,45.89541
"74067","65113","GRAND ANNECY","CH80","PI",100,NULL,"2003-01-01","ROUTE DU PRE LONG",8.4,4.3,60,"2022-07-18","OUI","01",937695.57,6537645.4,6.06631,45.89695
"74067","65114","GRAND ANNECY","CH81","PI",100,NULL,NULL,"ROUTE DU PRE LONG",10.1,4.7,60,"2022-07-18","OUI","01",937455.43,6537649.67,6.06322,45.89707
"74067","79785","GRAND ANNECY","CH82","PI",80,NULL,"1980-01-01","ROUTE DU PRE LONG",9.9,1,42,"2022-07-18","OUI","01",937332.66,6537538.98,6.06158,45.89612
"74067","79427","GRAND ANNECY","CH83","PI",100,NULL,NULL,"ROUTE DE CHARRIONDE",8.6,3.5,60,"2022-07-19","OUI","01",938005.94,6537858.85,6.07042,45.89876
"74067","66540","GRAND ANNECY","CH84","PI",100,NULL,NULL,"ROUTE DE CHARRIONDE",8.2,4.1,60,"2022-07-19","OUI","01",937887.99,6537748.68,6.06884,45.89781
"74067","80237","GRAND ANNECY","CH85","PI",100,NULL,"2007-06-01","ROUTE DE CHARRIONDE",8.3,4.4,60,"2022-07-19","OUI","01",937841.53,6537610.25,6.06818,45.89658
"74067","79147","GRAND ANNECY","CH86","PI",80,NULL,NULL,"IMPASSE DU LAVOIR",9.3,3.4,60,"2022-07-19","OUI","01",938008.44,6537659.37,6.07035,45.89696
"74067","66541","GRAND ANNECY","CH87","PI",100,NULL,"2007-06-01","ROUTE DES MARAIS",8.8,5.7,60,"2022-07-19","OUI","01",938096.03,6537521.85,6.07141,45.89569
"74067","65650","GRAND ANNECY","CH88","PI",40,NULL,NULL,"ROUTE DES MARAIS",NULL,NULL,NULL,NULL,"OUI","01",938109.16,6537410.89,6.07152,45.89469
"74067","75463","GRAND ANNECY","CH89","PI",100,NULL,NULL,"CHEMIN D ETERZY",9,7.1,60,"2022-07-19","OUI","01",938438.71,6537694.61,6.07591,45.89713
"74067","80934","GRAND ANNECY","CH89BIS","PI",100,NULL,NULL,"ROUTE DE L HERBE",10,8,60,"2020-06-29","OUI","01",938491.41,6537731.78,6.07661,45.89744
"74067","95651","GRAND ANNECY","CH89TER","PI",100,"125","2010-09-28","ROUTE DU VERGER DE L HERBE",10.3,7.9,60,"2022-07-19","OUI","01",938564.73,6537780.65,6.07758,45.89786
"74067","66325","GRAND ANNECY","CH90","PI",80,NULL,NULL,"CHEMIN D ETERZY",7.8,3.3,60,"2022-07-19","OUI","01",938222.96,6537615.8,6.07309,45.89649
"74067","66323","GRAND ANNECY","CH91","PI",100,NULL,"1970-01-01","ROUTE DE CRAN GEVRIER",9.4,8.4,60,"2022-11-16","OUI","01",938616.11,6537555.26,6.07813,45.89581
"74067","75951","GRAND ANNECY","CH91BIS","PI",100,NULL,"2003-01-01","ROUTE DE CRAN GEVRIER",8.7,7.7,60,"2022-07-20","OUI","01",938627.04,6537478.67,6.07823,45.89512
"74067","66324","GRAND ANNECY","CH92","PI",100,NULL,NULL,"ROUTE DE CRAN GEVRIER",9.9,9.2,60,"2022-07-20","OUI","01",938892.08,6537435.04,6.08163,45.89463
"74067","66038","GRAND ANNECY","CH93","PI",100,"100",NULL,"ROUTE DU CRET D ESTY",4.6,2.8,60,"2022-07-20","OUI","01",936835.27,6536274.27,6.05454,45.88491
"74067","66039","GRAND ANNECY","CH93BIS","PI",100,"100","2017-03-07","ROUTE DU CRET D ESTY",4.8,4.2,60,"2022-07-20","OUI","01",936681.99,6536239.98,6.05255,45.88465
"74067","6283020","GRAND ANNECY","CH93TER","PI",100,"125","2022-10-11","ROUTE DU CRET D ESTY",4,2.2,60,"2024-09-24","OUI","01",936883.23,6536328.31,6.05519,45.88538
"74067","6282233","GRAND ANNECY","CH94","PI",100,"100","2019-12-12","ROUTE DU CRET D ESTY",4.8,4,60,"2023-06-26","OUI","01",936925.0,6536266.91,6.05569,45.88481
"74067","6282232","GRAND ANNECY","CH94BIS","PI",100,"100","2019-12-12","ROUTE DU CRET D ESTY",5.6,5,60,"2023-06-26","OUI","01",937051.48,6536223.13,6.0573,45.88437
"74067","6282231","GRAND ANNECY","CH94TER","PI",100,"100","2019-12-12","ROUTE DES CREUSES",5.9,4.6,60,"2022-07-20","OUI","01",936930.15,6536165.03,6.05571,45.88389
"74067","80937","GRAND ANNECY","CH95","PI",100,"100","2023-06-01","ROUTE DU CRET D ESTY",4.5,2.8,60,"2023-06-26","OUI","01",936411.55,6535990.8,6.04894,45.88251
"74067","66040","GRAND ANNECY","CH95BIS","PI",100,"100","2023-05-01","ROUTE DES GORGES DU FIER",6.2,4.5,60,"2023-06-13","OUI","01",936195.0,6536129.73,6.04622,45.88383
"74067","79846","GRAND ANNECY","CH96","PI",100,"125","2023-05-01","ROUTE DU BOUCHET",6.8,5.1,60,"2023-06-13","OUI","01",936428.01,6536350.33,6.04933,45.88573
"74067","66041","GRAND ANNECY","CH97","PI",100,NULL,NULL,"ROUTE DE L ETANG",6.35,3.6,60,"2023-07-05","OUI","01",935986.74,6536285.58,6.04361,45.88531
"74067","80414","GRAND ANNECY","CH98","PI",100,NULL,NULL,"ROUTE DE L ETANG",7.9,1.3,60,"2023-07-06","OUI","01",935853.42,6536661.39,6.04208,45.88873
"74067","66042","GRAND ANNECY","CH99","PI",100,"125","2022-02-01","IMPASSE DES COTES",7,1,56,"2023-07-06","OUI","01",935081.07,6536691.0,6.03215,45.88927
"74097","80369","GRAND ANNECY","C01","PI",65,"100",NULL," ",7.5,4.9,60,"2023-06-20","OUI","01",935182.33,6523067.33,6.02672,45.76664
"74097","95849","GRAND ANNECY","C01BIS","PI",100,"100","2008-01-01"," ",9.7,6.8,60,"2023-06-20","OUI","05",935185.72,6523282.44,6.02687,45.76858
"74097","66003","GRAND ANNECY","C01TER","PI",100,"100",NULL," ",10.5,7.2,60,"2023-06-20","OUI","05",935177.78,6523398.51,6.02682,45.76962
"74097","66002","GRAND ANNECY","C02","PI",100,"100",NULL," ",7.2,5.1,60,"2023-06-20","OUI","01",935238.09,6523103.6,6.02745,45.76695
"74097","66001","GRAND ANNECY","C03","PI",100,"100",NULL,"MONTEE DU CHEF LIEU",7.9,5.6,60,"2023-06-20","OUI","01",935314.01,6523011.81,6.02838,45.7661
"74097","64743","GRAND ANNECY","C04","PI",100,"100",NULL," ",8.5,6.2,60,"2023-06-07","OUI","05",935291.92,6522698.0,6.02794,45.76328
"74097","80336","GRAND ANNECY","C05","PI",100,"100",NULL," ",8.6,6.8,60,"2023-06-20","OUI","05",935445.32,6522899.51,6.03002,45.76504
"74097","66000","GRAND ANNECY","C05BIS","PI",100,"100",NULL," ",8.8,6.2,60,"2023-06-07","OUI","05",935457.69,6522843.69,6.03015,45.76453
"74097","65999","GRAND ANNECY","C06","PI",100,"100",NULL," ",8.05,6,60,"2023-06-07","OUI","05",935666.68,6522882.72,6.03285,45.76481
"74097","65997","GRAND ANNECY","C07","PI",65,"60",NULL," ",9.8,1,25,"2023-06-20","OUI","01",935904.64,6523417.72,6.03618,45.76955
"74097","65996","GRAND ANNECY","C08","PI",65,"60",NULL," ",8.8,1,28,"2023-06-20","OUI","05",936047.57,6523309.56,6.03796,45.76852
"74097","65995","GRAND ANNECY","C09","PI",65,"60",NULL," ",8.4,1,24,"2023-06-20","OUI","05",936386.6,6523202.45,6.04227,45.76744
"74097","65127","GRAND ANNECY","C10","PI",65,NULL,NULL," ",5.9,3.2,60,"2023-06-07","OUI","05",936170.34,6522967.47,6.03937,45.7654
"74097","66328","GRAND ANNECY","C11","PI",100,"100",NULL," ",5.1,4.3,60,"2023-06-07","OUI","05",936349.84,6522909.72,6.04165,45.76482
"74097","66329","GRAND ANNECY","C12","PI",65,"60",NULL," ",4.4,1,20,"2023-06-07","OUI","05",936715.29,6522827.01,6.04631,45.76395
"74097","66330","GRAND ANNECY","C14","PI",65,"100",NULL," ",3,2.6,60,"2023-06-07","OUI","05",936482.66,6522758.68,6.04328,45.76342
"74097","65124","GRAND ANNECY","C15","PI",80,"90","2023-03-01","ROUTE DES PLATTETS",3.2,1,7,"2023-06-14","OUI","01",936218.31,6522420.52,6.03972,45.76046
"74097","65125","GRAND ANNECY","C16","PI",80,"90","2023-03-01","ROUTE DES PLATTETS",3.1,1,12,"2023-06-14","OUI","01",935909.0,6522268.36,6.03567,45.7592
"74097","80496","GRAND ANNECY","C18","PI",100,"100",NULL," ",2,1.35,60,"2023-06-07","OUI","05",935446.23,6521802.23,6.02949,45.75517
"74097","80335","GRAND ANNECY","C19","PI",65,"100",NULL," ",3.2,2,60,"2023-06-07","OUI","05",935328.12,6521900.94,6.02802,45.7561
"74097","65802","GRAND ANNECY","C20","PI",100,"60",NULL," ",3.5,1,27,"2023-06-07","OUI","05",935566.27,6522038.91,6.03115,45.75726
"74097","65800","GRAND ANNECY","C21","PI",65,"60",NULL," ",8.5,1,31,"2023-06-07","OUI","01",935201.68,6522166.82,6.02652,45.75853
"74097","80349","GRAND ANNECY","C22","PI",65,"60",NULL," ",6.5,1,48,"2023-06-07","OUI","01",935684.71,6522500.15,6.0329,45.76137
"74097","65799","GRAND ANNECY","C23","PI",100,"100",NULL," ",8.2,4.9,60,"2023-06-07","OUI","05",934877.9,6521826.39,6.02219,45.75558
"74097","65798","GRAND ANNECY","C24","PI",65,"60",NULL," ",7,1,37,"2023-06-07","OUI","05",934885.84,6521551.7,6.02216,45.75311
"74097","65793","GRAND ANNECY","C26","PI",65,"60",NULL," ",13.5,1,39,"2023-06-07","OUI","05",934369.48,6521761.72,6.01563,45.75517
"74097","65796","GRAND ANNECY","C27","PI",65,"60",NULL," ",10.6,1,31,"2023-06-07","OUI","05",934380.71,6521295.62,6.01554,45.75098
"74097","65795","GRAND ANNECY","C27BIS","PI",100,"60",NULL," ",10.8,1,29,"2023-06-07","OUI","05",934293.01,6521453.56,6.01449,45.75243
"74097","65794","GRAND ANNECY","C28","PI",100,"60",NULL," ",12.2,1,37,"2023-06-07","OUI","05",934457.07,6521466.04,6.01661,45.75248
"74097","79557","GRAND ANNECY","C29","PI",65,"60",NULL," ",10.8,1,35,"2023-06-06","OUI","05",933486.75,6521617.74,6.00421,45.75418
"74097","80348","GRAND ANNECY","C30","PI",100,"100",NULL," ",9.9,3.8,60,"2023-06-06","OUI","05",933419.36,6521809.03,6.00344,45.75593
"74097","65791","GRAND ANNECY","C30BIS","PI",65,"80",NULL," ",9.7,1.7,60,"2023-06-07","OUI","05",933436.83,6521938.15,6.00372,45.75708
"74097","65486","GRAND ANNECY","C31","PI",65,"60",NULL," ",8.3,1,52,"2023-06-06","OUI","05",933154.76,6521799.73,6.00003,45.75593
"74097","65490","GRAND ANNECY","C32","PI",65,"60",NULL," ",8.8,1,45,"2023-06-06","OUI","05",933127.19,6521579.39,5.99957,45.75396
"74097","72637","GRAND ANNECY","C33","PI",100,"100",NULL," ",10.5,3.5,60,"2023-06-06","OUI","05",933221.59,6521521.18,6.00075,45.7534
"74097","80309","GRAND ANNECY","C34","PI",65,"60",NULL," ",10.9,1,27,"2023-06-06","OUI","05",932969.94,6521371.98,5.99744,45.75215
"74097","65730","GRAND ANNECY","C35","PI",100,"100",NULL," ",12.5,3.6,60,"2023-06-06","OUI","01",932684.97,6521169.7,5.99368,45.75042
"74097","79033","GRAND ANNECY","C36","PI",100,"100",NULL," ",10,5.5,60,"2023-06-07","OUI","05",934126.45,6522238.26,6.01274,45.75955
"74097","80497","GRAND ANNECY","C37","PI",100,"100",NULL," ",9.8,4.5,60,"2021-06-14","OUI","05",933769.72,6522063.3,6.00806,45.75809
"74097","65792","GRAND ANNECY","C37BIS","PI",100,"60",NULL," ",10.2,4.9,60,"2023-06-07","OUI","01",933819.65,6522106.87,6.00873,45.75847
"74097","82088","GRAND ANNECY","C38","PI",65,"60",NULL," ",7.7,1,22,"2023-06-07","OUI","05",933492.54,6522448.96,6.00469,45.76166
"74097","80337","GRAND ANNECY","C39","PI",65,"60",NULL," ",4.5,1,20,"2023-06-07","OUI","01",933593.25,6522278.16,6.0059,45.76009
"74097","65484","GRAND ANNECY","C40","PI",65,"60",NULL," ",2.9,1,9,"2023-06-06","OUI","05",933208.2,6522535.75,6.00108,45.76254
"74097","80338","GRAND ANNECY","C41","PI",65,"60",NULL," ",NULL,NULL,NULL,NULL,"OUI","01",933259.04,6522689.43,6.0018,45.7639
"74097","74436","GRAND ANNECY","C41BIS","PI",65,"60",NULL," ",3.9,1,10,"2023-06-06","OUI","05",933488.34,6522713.21,6.00476,45.76404
"74097","80339","GRAND ANNECY","C42","PI",65,"60",NULL," ",8,1,33,"2023-06-07","OUI","01",933985.18,6522857.02,6.01122,45.76516
"74097","82739","GRAND ANNECY","C42BIS","PI",100,"100",NULL," ",14.6,3.8,60,"2023-06-07","OUI","01",934285.55,6522777.81,6.01505,45.76435
"74097","65483","GRAND ANNECY","C43","PI",65,"60",NULL," ",4.7,1,12,"2023-06-06","OUI","01",934060.75,6523201.88,6.01236,45.76824
"74097","80308","GRAND ANNECY","C44","PI",65,"60",NULL," ",4,1,5.6,"2023-06-06","OUI","05",933809.32,6523507.1,6.00928,45.77107
"74097","64740","GRAND ANNECY","C45","PI",100,"100","2023-01-16","ROUTE DE CHAINAZ",5.2,1,23,"2023-06-20","OUI","01",934125.69,6523873.51,6.01353,45.77426
"74097","64739","GRAND ANNECY","C46","PI",100,"80",NULL," ",7.3,1,39,"2023-06-20","OUI","01",934298.35,6523894.38,6.01576,45.77439
"74097","65123","GRAND ANNECY","C47","PI",65,"60",NULL," ",7.7,1,23,"2023-06-20","OUI","01",934455.33,6524098.37,6.01788,45.77617
"74097","65122","GRAND ANNECY","C49","PI",65,"60",NULL," ",9.2,1,29,"2023-06-20","OUI","05",934597.77,6524282.83,6.0198,45.77778
"74097","65121","GRAND ANNECY","C50","PI",65,"60",NULL," ",9.8,1,18,"2023-06-20","OUI","05",934726.66,6524448.71,6.02154,45.77923
"74097","65120","GRAND ANNECY","C51","PI",100,"60",NULL," ",10.6,1,38,"2023-06-20","OUI","05",934718.26,6523991.12,6.02121,45.77511
"74097","65119","GRAND ANNECY","C52","PI",100,"100","2019-10-01","ROUTE D HERY",10.8,1,48,"2023-06-20","OUI","01",934939.41,6523813.28,6.02396,45.77344
"74097","66004","GRAND ANNECY","C53","PI",100,"100",NULL," ",11.2,7.1,60,"2023-06-20","OUI","05",934930.77,6523472.6,6.02368,45.77038
"74097","66005","GRAND ANNECY","C54","PI",65,"60",NULL," ",11.6,3.6,60,"2023-06-20","OUI","05",935005.55,6523489.17,6.02465,45.7705
"74097","80238","GRAND ANNECY","C55","PI",65,"60",NULL," ",11.1,1,30,"2023-06-20","OUI","05",935040.15,6523652.89,6.02518,45.77196
"74097","62887","GRAND ANNECY","C55BIS","PI",100,"60",NULL," ",11.8,1,35,"2023-06-20","OUI","05",935155.77,6523751.15,6.02671,45.7728
"74097","81170","GRAND ANNECY","C56","PI",65,"60",NULL," ",11.8,1,39,"2023-06-20","OUI","05",935141.59,6523705.54,6.02651,45.7724
"74097","80492","GRAND ANNECY","C57","PI",65,"60",NULL," ",11.5,1,29,"2023-06-20","OUI","05",935230.54,6523902.28,6.02775,45.77414
"74097","65118","GRAND ANNECY","C58","PI",65,"80",NULL," ",10.5,2.9,60,"2023-06-20","OUI","01",934861.68,6523543.06,6.02283,45.77103
"74097","72638","GRAND ANNECY","C59","PI",100,"80",NULL," ",10,3.8,60,"2023-06-20","OUI","05",934764.67,6523589.13,6.0216,45.77148
"74097","64741","GRAND ANNECY","C60","PI",65,"80",NULL," ",8.3,1,57,"2023-06-20","OUI","05",934395.58,6523741.85,6.01693,45.77298
"74097","64742","GRAND ANNECY","C60BIS","PI",65,"80",NULL," ",9.4,2.3,60,"2023-06-20","OUI","05",934672.08,6523629.75,6.02043,45.77188
"74097","64746","GRAND ANNECY","C61","PI",100,"100","2011-01-01"," ",8.55,3.6,60,"2023-06-07","OUI","05",934456.27,6522902.29,6.0173,45.76541
"74097","80169","GRAND ANNECY","C62","PI",100,"100","2011-01-01"," ",10.4,6.5,60,"2023-06-07","OUI","01",934701.5,6522895.18,6.02045,45.76526
"74097","79034","GRAND ANNECY","C63","PI",65,"100","0011-10-01"," ",8.1,5.6,60,"2023-06-07","OUI","05",935024.04,6522854.69,6.02458,45.76478
"74097","80494","GRAND ANNECY","C64","PI",65,"100","2011-01-01"," ",9.3,6.5,60,"2023-06-07","OUI","01",934872.39,6522665.48,6.02253,45.76313
"74097","64745","GRAND ANNECY","C65","PI",100,"125",NULL,"ROUTE D AIX LES BAINS",8.8,6.2,60,"2023-06-07","OUI","01",934897.29,6522538.66,6.02279,45.76198
"74097","80495","GRAND ANNECY","C66","PI",100,"100",NULL,"CHEMIN DES BOGEYS",6.6,3.6,60,"2023-06-07","OUI","01",934857.29,6522200.3,6.02211,45.75895
"74097","72634","GRAND ANNECY","C67","PI",100,"100",NULL," ",8.4,6.3,60,"2023-06-07","OUI","05",934998.17,6522551.41,6.0241,45.76206
"74097","64744","GRAND ANNECY","C68","PI",100,"100",NULL," ",8.3,6.1,60,"2023-06-07","OUI","05",935115.15,6522565.25,6.02561,45.76215
"74097","65801","GRAND ANNECY","C69","PI",65,"60",NULL," ",6.9,1,27,"2023-06-07","OUI","05",935174.26,6522378.04,6.02627,45.76044
"74097","80952","GRAND ANNECY","C70","PI",100,"100",NULL," ",9.6,6.7,60,"2023-06-20","OUI","05",935403.57,6523203.93,6.02963,45.7678
"74097","65998","GRAND ANNECY","C71","PI",100,"125","2022-05-01","ROUTE DES CRETS",8.65,6.5,60,"2023-06-07","OUI","01",935602.06,6522968.98,6.03207,45.76561
"74097","72636","GRAND ANNECY","C72","PI",100,"125","2022-05-01","ROUTE DES CRETS",8,6.2,60,"2023-06-07","OUI","01",935661.17,6523046.7,6.03286,45.76629
"74097","80493","GRAND ANNECY","C73","PI",100,"125","2022-05-01","CHEMIN DU PRE DU SANG",8.7,6.8,60,"2023-06-20","OUI","01",935798.79,6523183.92,6.0347,45.76748
"74097","72973","GRAND ANNECY","C74","PI",100,"125","2022-05-01","CHEMIN DU PRE DU SANG",7.4,5.9,60,"2023-06-07","OUI","01",935852.21,6522991.17,6.03529,45.76573
"74097","65126","GRAND ANNECY","C75","PI",100,"100",NULL," ",6.9,5.6,60,"2023-06-07","OUI","01",935855.34,6522901.99,6.03529,45.76492
"74108","64953","GRAND ANNECY","D01","PI",65,"60",NULL,"ROUTE DES MAISONS",0.7,0,0,"2019-06-20","OUI","05",947913.48,6528324.99,6.19312,45.80944
"74108","64954","GRAND ANNECY","D02","PA",100,"100",NULL,"ROUTE DES MAISONS",1,1,10,"2015-10-20","OUI","01",947841.15,6528519.63,6.19229,45.81121
"74108","64955","GRAND ANNECY","D03","PI",65,"60","2004-01-23","ROUTE D ENTREVERNES",10.6,1,35,"2022-04-19","OUI","01",948033.92,6529270.53,6.19517,45.8179
"74108","6281747","GRAND ANNECY","D04","PI",100,"125","2012-03-27","ALLEE DE LA PLAGE",7.5,6.1,60,"2022-04-19","OUI","01",948079.99,6530345.07,6.19632,45.82755
"74108","80567","GRAND ANNECY","D05","PI",65,"60","2004-01-23","ROUTE D ENTREVERNES",14.7,1,29,"2022-04-19","OUI","01",948158.75,6529504.44,6.19689,45.81996
"74108","6281671","GRAND ANNECY","D06","PA",100,"125","2016-10-01","ROUTE D ENTREVERNES",8.4,4.5,60,"2016-10-11","OUI","01",948167.29,6529698.19,6.19711,45.8217
"74108","64956","GRAND ANNECY","D06BIS","PI",100,"125","2017-05-11","ROUTE D ENTREVERNES",4.3,3.5,60,"2022-04-19","OUI","05",948165.95,6529877.57,6.19718,45.82331
"74108","64957","GRAND ANNECY","D07","PI",100,"60","1960-01-01","ROUTE DE FERGY",4.7,2.4,60,"2022-04-19","OUI","01",947048.0,6529386.53,6.18254,45.8193
"74108","64958","GRAND ANNECY","D08","PI",65,"60",NULL,"IMPASSE DE FERGY",7.1,1,49,"2022-04-19","OUI","01",947265.37,6529578.12,6.18544,45.82095
"74108","64959","GRAND ANNECY","D09","PI",80,"60","1960-01-01","ROUTE DE FERGY",7.3,3.1,60,"2022-04-19","OUI","01",947372.05,6529548.21,6.18679,45.82064
"74108","64960","GRAND ANNECY","D10","PI",100,"110","2013-06-01","ROUTE DE MAGNONNET",8.5,6.1,60,"2022-04-19","OUI","01",947588.3,6529746.86,6.18968,45.82235
"74108","6281631","GRAND ANNECY","D10BIS","PI",100,"125","2013-07-25","ROUTE DES VERGERS",8.5,6.1,60,"2022-04-19","OUI","01",947507.84,6529894.56,6.18872,45.82371
"74108","65350","GRAND ANNECY","D11","PI",100,NULL,"1980-01-01","ROUTE DE MAGNONNET",8.3,6.1,60,"2022-04-19","OUI","01",947356.59,6529922.43,6.18679,45.82401
"74108","80291","GRAND ANNECY","D12","PI",100,"100","2011-05-31","ROUTE DES CHAMPS FLEURIS",7.5,1,37,"2022-04-19","OUI","01",947155.96,6529826.49,6.18416,45.82322
"74108","74258","GRAND ANNECY","D13","PI",100,"100","1980-01-01","VOIE ROMAINE",9.6,6.4,60,"2022-04-19","OUI","01",947511.59,6530221.1,6.18894,45.82664
"74108","80566","GRAND ANNECY","D14","PI",100,NULL,NULL,"IMPASSE DES PERRIS",9.5,2.2,60,"2022-04-19","OUI","05",947755.51,6529981.62,6.19195,45.8244
"74108","78993","GRAND ANNECY","D15","PI",100,"125","2012-03-27","ALLEE LE BEAU",7.3,3.5,60,"2022-04-20","OUI","01",947468.33,6530523.01,6.18854,45.82938
"74108","65351","GRAND ANNECY","D16","PI",100,"125","2012-03-27","ALLEE DE LA PLAGE",7.4,4.5,60,"2022-04-20","OUI","01",947682.71,6530438.71,6.19125,45.82854
"74108","80568","GRAND ANNECY","D17","PI",100,"100",NULL,"ROUTE D ANNECY",7.4,5.7,60,"2022-04-20","OUI","01",948382.53,6530350.69,6.20022,45.82749
"74108","78994","GRAND ANNECY","D18","PI",65,"60",NULL,"ROUTE DES PRES NOUVEAU",7.2,2.3,60,"2022-04-20","OUI","01",948184.09,6530209.54,6.19759,45.82629
"74108",NULL,"GRAND ANNECY","D19","PI",100,"125","2021-10-01","RUE DES PRES BERNARD",7.2,5.2,60,"2022-04-20","OUI","01",948468.59,6530287.79,6.20129,45.82689
"74108","65353","GRAND ANNECY","D20","PI",100,"100",NULL,"RUE DU VIEUX VILLAGE",7.2,5.6,60,"2022-04-20","OUI","01",948567.8,6530354.66,6.2026,45.82746
"74108","65354","GRAND ANNECY","D21","PI",100,"100",NULL,"RUE DU VIEUX VILLAGE",7.3,5.6,60,"2022-04-20","OUI","01",948637.54,6530308.24,6.20348,45.82702
"74108","82817","GRAND ANNECY","D22","PI",100,NULL,"1960-01-01","ROUTE DES VIVIERS",6.3,1,28,"2022-04-20","OUI","01",948503.21,6530073.64,6.20162,45.82495
"74108","78995","GRAND ANNECY","D23","PI",100,NULL,NULL,"CHEMIN MONT GERBEY",4,1,26,"2020-06-11","OUI","01",948426.02,6529945.65,6.20056,45.82383
"74108","80626","GRAND ANNECY","D24","PI",100,"100",NULL,"RUE DU VIEUX VILLAGE",7,5.1,60,"2022-04-20","OUI","05",948787.85,6530454.64,6.20549,45.82828
"74108","66402","GRAND ANNECY","D25","PI",65,"60",NULL,"RUE DU VIEUX VILLAGE",7.3,3.2,60,"2022-04-20","OUI","01",948889.67,6530401.29,6.20677,45.82776
"74108","80627","GRAND ANNECY","D26","PI",65,"60",NULL,"ROUTE DE LA MALADIERE",7.3,1,60,"2022-04-21","OUI","01",948938.67,6530248.28,6.20732,45.82637
"74108","66403","GRAND ANNECY","D27","PI",100,NULL,NULL,"ROUTE DE LA MALADIERE",6.3,1.4,60,"2022-04-21","OUI","01",948999.87,6530128.68,6.20804,45.82527
"74108","66404","GRAND ANNECY","D28","PI",100,"60","2015-10-01","ROUTE DE LA MALADIERE",6.1,1,36,"2022-04-21","OUI","05",948892.16,6529703.28,6.20644,45.82148
"74108","81721","GRAND ANNECY","D29","PI",100,"100",NULL,"ROUTE D ANNECY",7.3,5.2,60,"2022-04-21","OUI","01",948683.04,6530498.47,6.20416,45.82871
"74108","66405","GRAND ANNECY","D30","PI",100,"100","1960-01-01","ROUTE DU VIGNET",6.9,3.5,60,"2022-04-20","OUI","01",948454.53,6530163.93,6.20104,45.82578
"74108","66406","GRAND ANNECY","D31","PI",100,"125","1996-01-15","IMPASSE DES HAUTS DU LAC",9,5.5,60,"2022-04-20","OUI","05",947622.81,6529980.59,6.19025,45.82444
"74108","6281632","GRAND ANNECY","D32","PI",100,"100","2012-07-03","ROUTE DES VERGERS",8.8,5.8,60,"2022-04-20","OUI","01",947566.01,6530023.86,6.18954,45.82485
"74108","6281650","GRAND ANNECY","D33","PI",100,"125","2999-12-31","ROUTE DU VIGNET",7.3,4.4,60,"2022-04-20","OUI","01",948538.99,6530167.25,6.20213,45.82578
"74111","79186","GRAND ANNECY","EN02","PI",100,"100","1997-12-11","ROUTE DES DROBLESSES",7.5,2.3,60,"2023-04-24","OUI","01",947698.13,6527195.31,6.18977,45.79935
"74111","70657","GRAND ANNECY","EN03","PI",100,"100","1997-12-11","ROUTE DES DROBLESSES",6.9,2.1,60,"2023-04-24","OUI","01",947682.62,6527111.6,6.18952,45.7986
"74111","70658","GRAND ANNECY","EN04","PI",100,"100","1997-12-11","ROUTE DES DROBLESSES",6.3,1.5,60,"2023-04-24","OUI","01",947670.1,6527024.42,6.18932,45.79782
"74111","80678","GRAND ANNECY","EN05","PI",100,"100","1997-12-11","ROUTE DES DROBLESSES",5.4,1.2,60,"2023-04-24","OUI","01",947627.78,6526923.6,6.18872,45.79693
"74111","81206","GRAND ANNECY","EN06","PI",100,"100","1997-12-11","ROUTE DES DROBLESSES",5.1,2.1,60,"2023-04-24","OUI","01",947630.95,6526814.65,6.1887,45.79595
"74111","70659","GRAND ANNECY","EN07","PI",100,"100","2000-06-01","ROUTE DES DROBLESSES",4.9,1.9,60,"2023-04-24","OUI","05",947643.02,6526705.28,6.1888,45.79496
"74111","70660","GRAND ANNECY","EN08","PI",100,"100","2000-06-01","ROUTE DES DROBLESSES",4.7,2.1,60,"2023-04-24","OUI","05",947660.32,6526606.42,6.18897,45.79407
"74111","79690","GRAND ANNECY","EN09","PI",100,"100","2000-06-01","ROUTE DES DROBLESSES",4.6,2.5,60,"2023-04-24","OUI","05",947689.61,6526481.99,6.18929,45.79294
"74111","70661","GRAND ANNECY","EN10","PI",100,"100","2000-06-01","ROUTE DES DROBLESSES",4.2,2.6,60,"2023-04-24","OUI","01",947738.79,6526316.01,6.18983,45.79142
"74111","70662","GRAND ANNECY","EN11","PI",100,"100","2000-06-01","ROUTE DES DROBLESSES",4.1,2.6,60,"2023-04-24","OUI","01",947775.17,6526177.17,6.19023,45.79016
"74111","70663","GRAND ANNECY","EN12","PI",100,"100","2000-06-01","IMPASSE DE LA SCIERIE",3.8,2.6,60,"2023-04-24","OUI","05",947733.87,6526089.89,6.18965,45.78939
"74111","78906","GRAND ANNECY","EN13","PI",100,NULL,"2008-09-01","ROUTE DE LA MONTAGNE",11,1,4,"2024-04-01","OUI","01",947605.29,6526093.25,6.188,45.78947
"74111","6281638","GRAND ANNECY","EN14","PI",100,"110","2018-05-29","ROUTE DE LA MONTAGNE",3.3,1,45,"2023-04-24","OUI","01",947380.07,6525337.31,6.18471,45.78275
"74112","87635","GRAND ANNECY","E01","PI",100,"110",NULL,"ROUTE DU MOULIN",7,5.8,60,"2023-09-28","OUI","01",939262.57,6540705.59,6.08805,45.92393
"74112","6282344","GRAND ANNECY","E01BIS","PI",100,"125","2020-06-09"," ",6.1,5.5,60,"2023-09-28","OUI","01",938889.72,6540602.24,6.08319,45.92313
"74112","6282540","GRAND ANNECY","E01TER","PI",100,"125","2020-06-09"," ",6,5.5,60,"2023-09-28","OUI","01",938924.56,6540688.18,6.08368,45.92389
"74112","87743","GRAND ANNECY","E02","PI",100,"100",NULL,"ROUTE DE BELLEGARDE",6.5,4.9,60,"2023-09-28","OUI","01",939123.81,6540932.34,6.08637,45.92602
"74112","87744","GRAND ANNECY","E02BIS","PI",100,"100",NULL,"ROUTE DE POISY",7.5,7.3,60,"2023-09-28","OUI","01",939004.75,6541023.29,6.08488,45.92688
"74112",NULL,"GRAND ANNECY","E02TER","PI",100,"125","2024-06-26","IMPASSE DES SAPINS",NULL,NULL,NULL,NULL,"OUI","01",939362.18,6541112.0,6.08954,45.92755
"74112","87747","GRAND ANNECY","E03","PI",100,"100","2020-05-01","ROUTE DE POISY",6.7,6.4,60,"2023-09-28","OUI","01",938874.45,6540991.72,6.08319,45.92664
"74112","6282431","GRAND ANNECY","E03BIS","PI",100,"125","2021-06-01","ROUTE DE POISY",5.2,4.8,60,"2023-09-28","OUI","01",938656.62,6540891.35,6.08033,45.92582
"74112","87797","GRAND ANNECY","E04","PI",100,"100","2020-05-01","RUE DES PRES",5.5,5.3,60,"2023-09-28","OUI","01",938759.16,6541009.63,6.08171,45.92684
"74112","87799","GRAND ANNECY","E05","PI",100,NULL,"1965-01-01","IMPASSE BEAUREGARD",5.5,5.2,60,"2023-09-28","OUI","01",938808.99,6540883.79,6.08229,45.92569
"74112","6281635","GRAND ANNECY","E05BIS","PI",100,"125","2015-09-01","RUE DU PERTHUIS",4.8,4.1,60,"2023-09-28","OUI","01",938519.79,6540830.43,6.07853,45.92532
"74112","6282569","GRAND ANNECY","E05TER","PI",100,"125","2021-03-03","RUE DU PERTHUIS",3.8,3,60,"2023-09-28","OUI","01",938528.92,6540920.05,6.0787,45.92612
"74112","87801","GRAND ANNECY","E06","PI",100,NULL,NULL,"IMPASSE DE GILLON",7.4,6.8,60,"2023-09-28","OUI","01",939087.32,6541123.95,6.086,45.92776
"74112","87803","GRAND ANNECY","E07","PI",100,NULL,NULL,"RUE DES FERMES",6.8,6.3,60,"2024-05-27","OUI","01",939011.3,6541183.17,6.08505,45.92832
"74112","87804","GRAND ANNECY","E08","PI",100,NULL,NULL,"IMPASSE DE GILLON",7.2,5.8,60,"2023-09-28","OUI","01",939208.93,6541261.05,6.08764,45.92895
"74112","87805","GRAND ANNECY","E09","PI",100,"100",NULL,"ROUTE DE BELLEGARDE",7.3,7,60,"2023-09-28","OUI","01",938924.79,6541163.24,6.08392,45.92817
"74112","87813","GRAND ANNECY","E10","PI",100,NULL,NULL,"RUE DES LYS",7.2,6.8,60,"2023-09-28","OUI","01",938937.38,6541278.05,6.08414,45.9292
"74112","107966","GRAND ANNECY","E10BIS","PI",100,"125","2011-06-08","RUE DES LYS",7.2,6.4,60,"2023-09-28","OUI","01",939030.0,6541377.25,6.08539,45.93006
"74112","87815","GRAND ANNECY","E11","PI",65,NULL,"1970-01-01","RUE DE CALVI",5.6,1,53,"2023-09-28","OUI","01",938723.63,6541139.38,6.08132,45.92802
"74112","87816","GRAND ANNECY","E12","PI",100,NULL,"1970-01-01","RUE DE CALVI",5,1,43,"2023-09-28","OUI","01",938566.92,6541258.41,6.07936,45.92915
"74112","87818","GRAND ANNECY","E13","PI",100,NULL,"1970-01-01","RUE DE CALVI",6.2,1,55,"2023-09-28","OUI","01",938620.29,6541332.44,6.08008,45.9298
"74112","87820","GRAND ANNECY","E14","PI",100,NULL,"1960-01-01","RUE DE CALVI",6.2,3.2,60,"2023-09-28","OUI","01",938672.31,6541233.2,6.0807,45.92889
"74112","87822","GRAND ANNECY","E15","PI",100,NULL,NULL,"ROUTE DE PLAFETE",7,6.5,60,"2023-09-28","OUI","01",938699.04,6541333.3,6.0811,45.92978
"74112","6281634","GRAND ANNECY","E15BIS","PI",100,"125","2018-06-14","RUE DU CRET DE GILLON",6.2,5.6,60,"2023-10-30","OUI","01",938504.72,6541479.85,6.07867,45.93117
"74112","6281731","GRAND ANNECY","E16","PI",100,"125","2018-11-30","ROUTE DE PLAFETE",6.8,6.4,60,"2023-09-28","OUI","01",938615.09,6541446.3,6.08007,45.93082
"74112","87828","GRAND ANNECY","E16BIS","PI",100,NULL,"1990-01-01","RUE DE L ARTISANAT",7.3,6.9,60,"2023-10-30","OUI","01",938581.71,6541554.46,6.0797,45.93181
"74112","87829","GRAND ANNECY","E17","PI",150,"150","2022-02-01","ROUTE DE BELLEGARDE",7.4,7.2,60,"2023-10-30","OUI","01",938740.48,6541564.54,6.08175,45.93184
"74112","117249","GRAND ANNECY","E17BIS","PI",100,"125","2013-10-08","ROUTE DE BELLEGARDE",7.6,7.5,60,"2023-10-30","OUI","01",938797.54,6541419.95,6.08241,45.93052
"74112","87830","GRAND ANNECY","E18","PI",100,NULL,"1980-01-01","RUE DE LA TUILERIE",7.5,6.8,60,"2023-10-30","OUI","01",938881.39,6541664.41,6.08362,45.93269
"74112","87832","GRAND ANNECY","E20","PI",100,NULL,"1980-01-01","RUE DE LA TUILERIE",7.5,7.2,60,"2023-10-30","OUI","01",938854.19,6541732.86,6.0833,45.93332
"74112","87833","GRAND ANNECY","E21","PI",100,NULL,NULL,"RUE DE LA TUILERIE",7.4,6.9,60,"2023-10-30","OUI","01",939044.16,6541857.28,6.08581,45.93437
"74112","87834","GRAND ANNECY","E22","PI",100,NULL,NULL,"AVENUE DU CENTRE",7.3,6.5,60,"2023-10-30","OUI","01",938877.83,6541926.3,6.0837,45.93505
"74112","87835","GRAND ANNECY","E23","PI",100,"125","2019-10-16","RUE DES PEUPLIERS",7.5,6.9,60,"2023-10-30","OUI","01",938751.42,6541879.14,6.08205,45.93467
"74112","87836","GRAND ANNECY","E24","PI",100,NULL,"2000-01-01","RUE DES PEUPLIERS",7.5,6.6,60,"2023-10-30","OUI","01",938708.14,6541775.03,6.08144,45.93375
"74112","117250","GRAND ANNECY","E24BIS","PI",150,"160","2023-02-01","ROUTE DE BELLEGARDE",7.5,7.4,60,"2023-10-30","OUI","01",938595.4,6541774.4,6.07998,45.93378
"74112","87837","GRAND ANNECY","E25","PI",100,"100","1990-01-01","RUE DE L INDUSTRIE",7.5,6.8,60,"2023-10-30","OUI","01",938580.82,6542123.32,6.07997,45.93693
"74112",NULL,"GRAND ANNECY","E25BIS","PI",100,"125","2024-09-22","AVENUE DU CENTRE",6.8,6.1,60,"2024-10-21","OUI","01",938639.46,6542029.55,6.08068,45.93606
"74112","87838","GRAND ANNECY","E26","PI",100,NULL,"1980-01-01","AVENUE DES ALPES",7.5,7.2,60,"2023-10-30","OUI","01",938376.26,6542061.75,6.0773,45.93645
"74112","87839","GRAND ANNECY","E27","PI",100,"100","2022-08-01","AVENUE DES ALPES",7.5,6,60,"2023-10-30","OUI","01",938466.25,6541955.82,6.07841,45.93546
"74112","87840","GRAND ANNECY","E28","PI",100,NULL,"1980-01-01","AVENUE DU CENTRE",7.5,7.2,60,"2023-10-30","OUI","01",938481.8,6542252.01,6.07876,45.93812
"74112","87841","GRAND ANNECY","E29","PI",100,"100","1980-01-01","RUE DE LA MANDALLAZ",7.3,6.9,60,"2023-10-30","OUI","01",938571.06,6542416.33,6.07999,45.93957
"74112","6282431","GRAND ANNECY","E29BIS","PI",100,"125","2020-01-21","IMPASSE DES GRANDES RESSES",7.4,6.6,60,"2023-10-30","OUI","01",938668.44,6542328.22,6.08121,45.93874
"74112","107965","GRAND ANNECY","E30","PI",100,NULL,"1990-01-01","AVENUE DU CENTRE",7.3,6.8,60,"2023-10-30","OUI","01",938414.69,6542409.68,6.07797,45.93956
"74112","87843","GRAND ANNECY","E31","PI",100,NULL,"1990-01-01","RUE DES ROSEAUX",7.1,6.2,60,"2023-10-30","OUI","01",938400.34,6542536.08,6.07785,45.94071
"74112","87844","GRAND ANNECY","E32","PI",100,NULL,"2000-01-01","AVENUE DU CENTRE",7.2,6.5,60,"2023-10-30","OUI","01",938292.89,6542485.65,6.07644,45.94029
"74112","87845","GRAND ANNECY","E33","PI",100,NULL,"2000-01-01","AVENUE DU CENTRE",6.9,6.3,60,"2023-10-31","OUI","01",938161.49,6542551.74,6.07478,45.94093
"74112","87846","GRAND ANNECY","E34","PI",100,NULL,"2000-01-01","AVENUE DU CENTRE",7,6.2,60,"2023-10-31","OUI","01",938029.21,6542494.33,6.07304,45.94046
"74112","87847","GRAND ANNECY","E35","PI",100,NULL,"2000-01-01","ROUTE DE BROMINES",7.2,6.2,60,"2023-10-31","OUI","01",937882.54,6542443.69,6.07113,45.94006
"74112","87848","GRAND ANNECY","E35BIS","PI",100,NULL,"2000-01-01","ROUTE DE BROMINES",7.1,5.7,60,"2023-10-31","OUI","01",937782.81,6542470.81,6.06985,45.94034
"74112","87849","GRAND ANNECY","E36","PI",100,NULL,"1990-01-01","RUE DE LA BOTTIERE",7.3,4.8,60,"2023-10-31","OUI","01",937943.33,6542299.57,6.07184,45.93874
"74112","87850","GRAND ANNECY","E36BIS","PI",100,NULL,"1980-01-01","AVENUE DU CENTRE",7.3,6.8,60,"2023-10-31","OUI","01",938039.38,6542361.53,6.07311,45.93926
"74112","87851","GRAND ANNECY","E37","PI",100,"100",NULL,"AVENUE DU CENTRE",7.4,6.9,60,"2023-10-31","OUI","01",938125.76,6542214.87,6.07415,45.93791
"74112","87852","GRAND ANNECY","E38","PI",100,"100","2014-06-25","RUE DU COMMERCE",7.4,7,60,"2023-10-30","OUI","01",938273.69,6542354.35,6.07613,45.93912
"74112","87853","GRAND ANNECY","E39","PI",100,NULL,"1980-01-01","AVENUE DU CENTRE",7.4,6.6,60,"2023-10-30","OUI","01",938311.73,6542157.08,6.07652,45.93733
"74112","87854","GRAND ANNECY","E40","PI",100,"100","1980-01-01","ROUTE DE BELLEGARDE",6.6,6.3,60,"2024-07-31","OUI","01",938238.34,6542039.57,6.07551,45.9363
"74112","87855","GRAND ANNECY","E41","PI",100,NULL,NULL,"AVENUE DU CENTRE",7.3,6.4,60,"2023-10-31","OUI","01",938087.87,6542137.7,6.07362,45.93723
"74112","87856","GRAND ANNECY","E41BIS","PI",100,NULL,NULL,"RUE DU CANAL",7,1,116,"2024-04-19","OUI","01",937836.31,6542186.71,6.0704,45.93776
"74112","87863","GRAND ANNECY","E45","PI",100,NULL,"2015-07-24","ROUTE DE LA MONTAGNE",2.6,1,46,"2023-11-08","OUI","01",938937.07,6543879.5,6.08545,45.95261
"74112","87864","GRAND ANNECY","E46","PI",100,NULL,"2019-10-04","ROUTE DE LA MONTAGNE",4.1,1,21,"2023-11-08","OUI","01",939200.89,6543801.89,6.08882,45.95181
"74112","87865","GRAND ANNECY","E47","PI",100,"125","2013-10-10","ROUTE DE LA MONTAGNE",2.8,2.3,60,"2023-11-08","OUI","01",939221.72,6543461.51,6.08891,45.94874
"74112","87866","GRAND ANNECY","E48","PI",100,NULL,"1970-01-01","ROUTE DE ROGEMONT",2.3,1.6,60,"2023-11-08","OUI","01",938995.7,6543435.46,6.08598,45.94859
"74112","87867","GRAND ANNECY","E49","PI",100,NULL,"1965-01-01","CHEMIN DES ECUREUILS",4.7,3.7,60,"2023-11-08","OUI","01",939058.69,6543319.3,6.08674,45.94752
"74112","87868","GRAND ANNECY","E50","PI",100,NULL,"1970-01-01","ROUTE DE ROGEMONT",6,5,60,"2023-11-08","OUI","01",939152.69,6543265.02,6.08792,45.947
"74112","87869","GRAND ANNECY","E51","PI",100,NULL,"1970-01-01","ROUTE DE CHEZ LEVET",6.9,6,60,"2023-11-08","OUI","01",939440.1,6543246.16,6.09162,45.94673
"74112","87870","GRAND ANNECY","E52","PI",100,NULL,"1970-01-01","ROUTE DE CHEZ LEVET",6.7,6.2,60,"2023-11-08","OUI","01",939592.07,6543275.65,6.0936,45.94694
"74112","87871","GRAND ANNECY","E53","PI",100,"110","2007-06-06","IMPASSE DES POMMIERS",8.7,7.5,60,"2023-10-31","OUI","01",939598.59,6543009.21,6.09355,45.94454
"74112","87872","GRAND ANNECY","E54","PI",100,NULL,"2016-04-01","ROUTE DE LA MONTAGNE",8.6,7.2,60,"2023-10-31","OUI","01",939633.54,6542866.81,6.09392,45.94325
"74112","88140","GRAND ANNECY","E55","PI",100,NULL,"1990-01-01","ROUTE DE LA MONTAGNE",10,7.9,60,"2023-10-31","OUI","01",939649.29,6542682.34,6.09403,45.94158
"74112","90829","GRAND ANNECY","E55BIS","PI",100,"125","2011-06-23","ALLEE DES CEDRES",6.4,5,60,"2023-10-31","OUI","01",939628.01,6542532.37,6.09368,45.94024
"74112","88145","GRAND ANNECY","E56","PI",100,NULL,NULL,"ROUTE DE LA MONTAGNE",6.8,5.7,60,"2023-10-31","OUI","01",939590.11,6542457.45,6.09316,45.93958
"74112",NULL,"GRAND ANNECY","E56BIS","PI",NULL,"125","2024-02-01","RUE DE CHAMPLANCHE",6.3,4.3,60,"2024-03-05","OUI","01",939813.09,6542219.58,6.09591,45.93736
"74112",NULL,"GRAND ANNECY","E56TER","PI",100,"125","2024-02-01","RUE DE CHAMPLANCHE",6.6,4.6,60,"2023-08-31","OUI","01",939796.68,6542121.07,6.09565,45.93648
"74112","88157","GRAND ANNECY","E57","PI",100,NULL,NULL,"RUE DU MONT BARON",7,6.2,60,"2023-10-31","OUI","01",939609.61,6542355.48,6.09336,45.93866
"74112","88159","GRAND ANNECY","E58","PI",100,NULL,NULL,"RUE DU MONT BARON",6.8,5.2,60,"2023-10-31","OUI","01",939746.32,6542266.81,6.09508,45.93781
"74112","88164","GRAND ANNECY","E59","PI",100,NULL,"1970-01-01","CHEMIN DU RUCHER",6,4.8,60,"2023-11-08","OUI","01",939101.33,6542730.05,6.08699,45.9422
"74112","117268","GRAND ANNECY","E59BIS","PI",100,"125","2011-03-04","IMPASSE DE LA MORAINE",5.8,4.4,60,"2023-11-08","OUI","01",939071.03,6542789.73,6.08663,45.94275
"74112","88168","GRAND ANNECY","E60","PI",100,NULL,NULL,"CHEMIN DE LA CORNICHE",9.6,7.3,60,"2023-10-31","OUI","01",939171.8,6542918.27,6.08799,45.94387
"74112","88169","GRAND ANNECY","E61","PI",100,NULL,"1980-01-01","RUE DES FRENES",7.8,6.4,60,"2023-11-08","OUI","01",939188.18,6543098.87,6.0883,45.94549
"74112","88170","GRAND ANNECY","E62","PI",100,NULL,"2000-01-01","CHEMIN DE LA POUTERNE",8.1,7.4,60,"2023-10-31","OUI","01",939242.02,6543145.72,6.08902,45.9459
"74112","88202","GRAND ANNECY","E62BIS","PI",100,"100","2008-11-26","CHEMIN DE LA POUTERNE",6,4.9,60,"2023-11-08","OUI","05",939305.01,6542658.88,6.08958,45.94149
"74112","88203","GRAND ANNECY","E62QTER","PI",100,"125","2010-06-01","IMPASSE DES GALAUPES",8.5,7.8,60,"2023-10-31","OUI","01",939624.11,6543176.63,6.09396,45.94604
"74112","88204","GRAND ANNECY","E62TER","PI",100,"125","2010-06-01","RUE DES BOIS DES CLEFS",8.6,7.9,60,"2023-10-31","OUI","01",939406.2,6543049.56,6.09108,45.94497
"74112","88205","GRAND ANNECY","E63","PI",100,NULL,"1970-01-01","ROUTE DES TEPPES",7,5,60,"2023-11-08","OUI","01",938960.27,6543194.27,6.08541,45.94643
"74112","88206","GRAND ANNECY","E64","PI",100,"100","2013-06-06","ROUTE DES TEPPES",6.6,4,60,"2023-11-08","OUI","01",938795.74,6543279.24,6.08333,45.94725
"74112","6281732","GRAND ANNECY","E64BIS","PI",100,"125","2014-02-01","ROUTE DES TEPPES",5.2,1.8,60,"2023-11-08","OUI","05",938688.28,6543387.52,6.08199,45.94827
"74112","88207","GRAND ANNECY","E65","PI",100,"100","1995-01-01","RUE DES NARCISSES",8.8,6.4,60,"2023-11-08","OUI","01",938883.86,6543096.08,6.08437,45.94558
"74112","88208","GRAND ANNECY","E66","PI",100,NULL,"1970-01-01","CHEMIN DE LA FRUITIERE",9.5,7.1,60,"2023-11-08","OUI","01",938991.87,6542897.79,6.08566,45.94375
"74112","88209","GRAND ANNECY","E67","PI",100,NULL,"1970-01-01","CHEMIN DE LA FRUITIERE",9.1,7,60,"2023-11-08","OUI","01",939031.25,6542962.64,6.0862,45.94432
"74112","88210","GRAND ANNECY","E68","PI",100,NULL,"1970-01-01","ROUTE DE SILLINGY",5.8,4.5,60,"2023-11-08","OUI","01",938846.26,6542827.34,6.08375,45.94317
"74112","88211","GRAND ANNECY","E69","PI",100,"125","2011-12-07","ROUTE DE SAINT PAUL",10,5.7,60,"2023-11-08","OUI","01",938914.64,6542882.58,6.08466,45.94364
"74112","88212","GRAND ANNECY","E69BIS","PI",100,"100","2010-09-15","RUE DE LA MONNAIE",6.1,3.5,60,"2023-11-08","OUI","01",939010.17,6542722.05,6.08581,45.94217
"74112","88213","GRAND ANNECY","E70","PI",100,"100","0022-01-01","RUE DU CHATEAU",6.4,4.3,60,"2023-11-08","OUI","01",939000.31,6542617.42,6.08563,45.94123
"74112","88215","GRAND ANNECY","E70BIS","PI",100,NULL,NULL,"RUE DU CHATEAU",6.6,5,60,"2023-11-08","OUI","05",939011.59,6542458.01,6.0857,45.93979
"74112","88214","GRAND ANNECY","E71","PI",100,"100","1970-01-01","RUE DES CASTORS",6.2,5.1,60,"2023-11-08","OUI","01",939133.16,6542641.54,6.08736,45.9414
"74112","88216","GRAND ANNECY","E72","PI",100,NULL,"1970-01-01","RUE DU NANTE",6.3,5.6,60,"2023-11-08","OUI","01",939263.5,6542550.36,6.08899,45.94053
"74112","88217","GRAND ANNECY","E72BIS","PI",100,"125","2008-10-17","RUE DU NANTE",6.4,5.8,60,"2023-11-08","OUI","05",939216.44,6542455.81,6.08834,45.9397
"74112","88218","GRAND ANNECY","E73","PI",100,NULL,"1980-01-01","RUE DES LUCIOLES",7.1,6.2,60,"2023-10-31","OUI","01",939082.94,6542363.44,6.08657,45.93891
"74112","6282095","GRAND ANNECY","E73BIS","PI",100,"125","2020-01-15","RUE DU CANAL",6.7,5.5,60,"2023-11-08","OUI","01",938876.51,6542405.76,6.08393,45.93937
"74112","88219","GRAND ANNECY","E74","PI",100,NULL,"1980-01-01","RUE DES PAPILLONS",7.2,5.8,60,"2023-10-31","OUI","01",939046.27,6542302.83,6.08607,45.93838
"74112",NULL,"GRAND ANNECY","E75","PI",100,"125","2024-07-17","RUE DU BON TEMPS",NULL,NULL,NULL,NULL,"OUI","01",938770.68,6542314.39,6.08252,45.93858
"74112","88222","GRAND ANNECY","E76","PI",100,NULL,NULL,"RUE DE LA MIONNAZ",7.4,6.4,60,"2023-10-31","OUI","01",938755.9,6542188.16,6.08226,45.93745
"74112","88223","GRAND ANNECY","E77","PI",100,NULL,"1990-01-01","RUE DE LA MIONNAZ",7.3,6.6,60,"2023-10-31","OUI","01",938953.17,6542065.2,6.08474,45.93627
"74112","6281730","GRAND ANNECY","E77BIS","PI",100,"125","2016-08-30","RUE DE LA TUILERIE",7.3,7,60,"2023-10-31","OUI","01",939066.59,6542051.11,6.0862,45.93611
"74112",NULL,"GRAND ANNECY","E78","PI",100,"125","2024-07-17","RUE DU BON TEMPS",NULL,NULL,NULL,NULL,"OUI","01",938993.55,6542165.55,6.08532,45.93716
"74112","88225","GRAND ANNECY","E79","PI",100,NULL,NULL,"RUE DU NANTE",7.2,6.7,60,"2023-10-31","OUI","01",939198.09,6542237.15,6.08799,45.93774
"74112","88226","GRAND ANNECY","E80","PI",100,NULL,NULL,"RUE DU NANTE",7.3,6.3,60,"2023-10-31","OUI","01",939385.26,6542127.94,6.09035,45.93669
"74112","88227","GRAND ANNECY","E81","PI",100,NULL,NULL,"RUE DE LA REPUBLIQUE",7.2,6.3,60,"2023-10-31","OUI","01",939427.47,6542311.41,6.09099,45.93832
"74112","88229","GRAND ANNECY","E81BIS","PI",100,NULL,"2000-01-01","ALLEE DES MARAICHERS",7.2,6.1,60,"2023-10-31","OUI","01",939313.53,6542340.5,6.08953,45.93863
"74112","90828","GRAND ANNECY","E81QTER","PI","100","100",NULL,"RUE DE LA LIBERTE","6.6","5.8","60","2023-11-08","OUI","01","939291.75","6542485.44","6.08932","45.93994"
"74112","88230","GRAND ANNECY","E81TER","PI","100","110",NULL,"ALLEE DES MARAICHERS","7.2","6.2","60","2023-10-31","OUI","01","939422.52","6542418.62","6.09098","45.93929"
"74112","88231","GRAND ANNECY","E82","PI","100",NULL,NULL,"RUE DES GRANDES TERRES","7.1","6.2","60","2023-10-31","OUI","01","939573.88","6542119.27","6.09278","45.93654"
"74112","88232","GRAND ANNECY","E83","PI","100",NULL,"1980-01-01","RUE DU NANTE","7.2","6.2","60","2023-10-31","OUI","01","939199.55","6542115.89","6.08795","45.93664"
"74112","6281637","GRAND ANNECY","E84","PI","100","125","2014-02-11","IMPASSE DE CHEZ MOUTIERS","10.5","5.8","60","2023-11-08","OUI","01","938683.74","6542966.32","6.08172","45.94448"
"74112","6281428","GRAND ANNECY","E85","PI","100","125","2016-08-18","CHEMIN DE CHEZ LES ROUX","1.9","1","8","2023-11-08","OUI","01","937789.33","6543700.21","6.07056","45.95140"
"74112","6281427","GRAND ANNECY","E86","PI","100","125","2016-10-24","ROUTE DE FERRIERES","3.3","1","28","2023-11-08","OUI","05","938287.38","6543482.86","6.07687","45.94926"
"74112","87857","GRAND ANNECY","E86BIS","PA","100","100",NULL,"ROUTE DE FERRIERES",NULL,NULL,NULL,NULL,"OUI","01","938211.03","6543541.51","6.07592","45.94982"
"74112","87858","GRAND ANNECY","E87","PI","100","100","2008-01-31","ROUTE DE FERRIERES","13.5","8.9","60","2023-11-08","OUI","01","938311.16","6544103.31","6.07749","45.95484"
"74112","87859","GRAND ANNECY","E88","PI","100","100","2008-01-30","IMPASSE DU BELVEDERE","10.1","6.6","60","2023-11-08","OUI","05","938218.08","6544375.13","6.07643","45.95732"
"74112","87860","GRAND ANNECY","E89","PI","100","100","1981-01-01","ROUTE DE FERRIERES","8.2","5.3","60","2023-11-08","OUI","01","938244.24","6544521.39","6.07684","45.95862"
"74112","87861","GRAND ANNECY","E90","PI","100","125","2009-03-24","ROUTE DE LA MONTAGNE","7.5","4.4","60","2023-11-08","OUI","05","938420.83","6544627.36","6.07917","45.95952"
"74112","87862","GRAND ANNECY","E91","PI","100","100","1981-01-01","ROUTE DE LA MONTAGNE","5.7","3.6","60","2023-11-08","OUI","01","938322.42","6544682.69","6.07793","45.96005"
"74112","74058","GRAND ANNECY","T01","PI","100",NULL,NULL,"CHEMIN DES GOUILLES","7","6.5","60","2023-11-08","OUI","01","939756.98","6543310.91","6.09574","45.94720"
"74112","64730","GRAND ANNECY","T02","PI","100",NULL,"1980-01-01","IMPASSE DU CRET RU","6.3","4.8","60","2023-11-08","OUI","01","940095.14","6543737.04","6.10032","45.95092"
"74112","64731","GRAND ANNECY","T03","PI","100","100","2007-09-26","ROUTE DES MACHURETTES","7","6.5","60","2023-11-08","OUI","01","940059.10","6543380.39","6.09967","45.94772"
"74112","74347","GRAND ANNECY","T03BIS","PI","100",NULL,NULL,"ROUTE DES MACHURETTES","7","6","60","2023-11-21","OUI","01","940370.54","6543085.08","6.10354","45.94495"
"74112","80167","GRAND ANNECY","T04","PI","100","100","2021-12-01","ROUTE DES MACHURETTES","6.5","5.9","60","2023-11-08","OUI","01","940226.37","6543324.79","6.10180","45.94716"
"74112","78975","GRAND ANNECY","T04BIS","PI","100",NULL,"1990-01-01","CHEMIN DU TREMBLAY","7.2","6.2","60","2023-11-21","OUI","01","940407.19","6543184.55","6.10406","45.94583"
"74112","74517","GRAND ANNECY","T05","PI","100",NULL,"1970-01-01","ROUTE DE PROMERY","7.4","6.5","60","2023-11-08","OUI","01","940538.25","6543137.77","6.10573","45.94537"
"74112","77049","GRAND ANNECY","T05BIS","PI","100","100","2002-11-28","ROUTE DU SAYET","10.4","7.5","60","2023-11-08","OUI","01","940510.23","6543434.27","6.10552","45.94804"
"74112","127559","GRAND ANNECY","T05TER","PI","100","125","2012-01-01","ROUTE DU SAYET","9.9","6.4","60","2023-11-08","OUI","01","940364.17","6543336.81","6.10359","45.94722"
"74112","74516","GRAND ANNECY","T06","PI","100",NULL,"2013-03-27","ROUTE DE PROMERY","7.5","6.4","60","2023-11-08","OUI","01","940567.47","6543207.74","6.10614","45.94599"
"74112","74508","GRAND ANNECY","T07","PI","100",NULL,"1990-01-01","IMPASSE DU CHAMP LACOUR","9.5","8.2","60","2023-11-21","OUI","01","940644.30","6542981.97","6.10702","45.94393"
"74112","105295","GRAND ANNECY","T07BIS","PI","100","125",NULL,"IMPASSE DU CHAMP LACOUR","11","8.5","60","2023-11-21","OUI","01","940619.12","6542818.30","6.10661","45.94246"
"74112","64732","GRAND ANNECY","T08","PI","100","125","1980-01-01","ROUTE DES MACHURETTES","8","6.6","60","2023-11-21","OUI","01","940352.41","6542945.41","6.10324","45.94370"
"74112","74518","GRAND ANNECY","T09","PI","100",NULL,NULL,"CHEMIN DU BOIS BERNARD","9.1","6.5","60","2023-11-21","OUI","01","940798.03","6543171.65","6.10910","45.94558"
"74112","74509","GRAND ANNECY","T10","PI","100",NULL,"1975-01-01","ROUTE DES GRANDS PRES","4.9","1","48","2023-11-21","OUI","05","940788.89","6542969.81","6.10888","45.94377"
"74112","74421","GRAND ANNECY","T11","PI","100","100","1975-01-01","ROUTE DES GRANDS PRES","5","1","52","2023-11-21","OUI","01","940794.91","6542886.99","6.10891","45.94302"
"74112","64736","GRAND ANNECY","T12","PI","100","100","1960-01-01","ROUTE DU VIERAN","5.5","1.4","60","2023-11-21","OUI","01","940781.90","6542751.83","6.10868","45.94181"
"74112","127561","GRAND ANNECY","T12BIS","PI","100","125","2015-11-09","ROUTE DU VIERAN","5.7","1.5","60","2023-11-21","OUI","01","940775.15","6542611.86","6.10852","45.94055"
"74112","6281636","GRAND ANNECY","T12QTER","PI","100","125","2018-02-14","ROUTE DU VIERAN","5.8","1.7","60","2023-11-21","OUI","01","940758.47","6542687.48","6.10834","45.94124"
"74112","127560","GRAND ANNECY","T12TER","PI","100","125","2016-11-23","IMPASSE DES GENOTTES","5.5","1.8","60","2023-11-21","OUI","10","940818.12","6542505.40","6.10902","45.93958"
"74112","64733","GRAND ANNECY","T13","PI","100","100","1960-01-01","ROUTE DU VIERAN","5.3","1","56","2023-11-21","OUI","01","940893.60","6542794.44","6.11014","45.94215"
"74112","74510","GRAND ANNECY","T14","PI","100",NULL,NULL,"ROUTE DU VIERAN","5.7","1.9","60","2023-11-21","OUI","01","940622.83","6542661.59","6.10658","45.94105"
"74112","64737","GRAND ANNECY","T15","PI","100","125","2016-11-23","ROUTE DES BORNOUS","5.8","2.3","60","2023-11-21","OUI","01","940635.85","6542509.90","6.10667","45.93968"
"74112","64735","GRAND ANNECY","T16","PI","100","100",NULL,"ROUTE DE PROMERY","5.4","1.5","60","2023-11-21","OUI","01","940515.90","6542685.82","6.10521","45.94131"
"74112","105474","GRAND ANNECY","T16BIS","PI","100","100","2012-05-01","IMPASSE DU PRE FALQUET","9.5","8.1","60","2023-11-21","OUI","01","940500.08","6542814.36","6.10507","45.94247"
"74112","64734","GRAND ANNECY","T17","PI","100",NULL,"1980-01-01","IMPASSE DU CLOS DE TESSY","9.5","7.5","60","2023-11-21","OUI","01","940340.56","6542769.65","6.10299","45.94212"
"74112","74722","GRAND ANNECY","T18","PI","65",NULL,"1970-01-01","ROUTE DE PROMERY","8.3","1","55","2023-11-21","OUI","01","940297.20","6542869.72","6.10249","45.94304"
"74112","82738","GRAND ANNECY","T18BIS","PI","100",NULL,NULL,"ROUTE DE PROMERY","8.5","7.4","60","2023-11-21","OUI","01","940452.64","6542931.09","6.10452","45.94354"
"74112","79815","GRAND ANNECY","T19","PI","100",NULL,"1970-01-01","RUE DES GRANDS CHAMPS","6.1","2.6","60","2023-11-21","OUI","01","940436.40","6542546.51","6.10412","45.94008"
"74112","6282426","GRAND ANNECY","T19BIS","PI","100","125","2021-01-20","CHEMIN DE LA TOUR","10.2","6.8","60","2023-11-21","OUI","01","940392.21","6542619.64","6.10358","45.94076"
"74112","74721","GRAND ANNECY","T20","PI","100",NULL,"1960-01-01","CHEMIN DES VIGNES","9.8","7.2","60","2023-11-21","OUI","01","940251.87","6542597.92","6.10176","45.94061"
"74112","64738","GRAND ANNECY","T21","PI","100",NULL,"1960-01-01","CHEMIN DES VIGNES","10.5","7.3","60","2023-11-21","OUI","01","940140.31","6542500.95","6.10028","45.93978"
"74112","64794","GRAND ANNECY","T22","PI","100",NULL,NULL,"CHEMIN DES FONTANETTES","6.5","4.3","60","2023-11-21","OUI","01","940001.73","6542330.76","6.09840","45.93829"
"74112","66418","GRAND ANNECY","T23","PI","100",NULL,"1970-01-01","CHEMIN DES FONTANETTES","6.4","4.6","60","2023-11-21","OUI","01","939849.86","6542325.94","6.09644","45.93830"
"74112","66419","GRAND ANNECY","T24","PI","100","100","2004-07-01","ROUTE DES REBATTES","6.6","4.9","60","2023-11-21","OUI","01","939951.38","6542189.21","6.09768","45.93704"
"74112","105468","GRAND ANNECY","T24BIS","PI","100","125","2013-01-28","ROUTE DES REBATTES","6.8","4.9","60","2023-11-21","OUI","01","939887.66","6541905.46","6.09672","45.93451"
"74112","64796","GRAND ANNECY","T25","PI","100",NULL,"1985-01-01","RUE DES GRANDS CHAMPS","6.5","3.5","60","2023-11-21","OUI","01","940156.98","6542333.59","6.10041","45.93827"
"74112","64795","GRAND ANNECY","T26","PI","100",NULL,"1975-01-01","RUE DES GRANDS CHAMPS","6.3","3.2","60","2023-11-21","OUI","01","940230.44","6542421.24","6.10140","45.93903"
"74112","74723","GRAND ANNECY","T27","PI","100",NULL,"1980-01-01","CHEMIN DES ECOLIERS","6","2.5","60","2023-11-21","OUI","01","940397.80","6542432.35","6.10356","45.93907"
"74112","80168","GRAND ANNECY","T28","PI","100",NULL,"1970-01-01","RUE DE LA GRENETTE","5.9","2.5","60","2023-11-21","OUI","01","940582.62","6542470.56","6.10596","45.93935"
"74112","74802","GRAND ANNECY","T29","PI","100",NULL,"1970-01-01","RUE DE LA GRENETTE","6.1","2.5","60","2023-11-21","OUI","01","940489.28","6542328.62","6.10469","45.93810"
"74112","74511","GRAND ANNECY","T30","PI","100",NULL,"1970-01-01","RUE DE LA GRENETTE","6.2","2.6","60","2023-11-21","OUI","05","940433.35","6542246.73","6.10393","45.93739"
"74112","74512","GRAND ANNECY","T31","PI","100",NULL,"1990-01-01","RD 908B","6","1","56","2023-11-20","OUI","01","940755.52","6542117.65","6.10801","45.93611"
"74112","74804","GRAND ANNECY","T31BIS","PI","100","125","2007-12-28","CHEMIN DES 3 CHATEAUX","6.1","1","55","2023-11-20","OUI","05","940738.12","6541969.26","6.10772","45.93478"
"74112","104484","GRAND ANNECY","T31QTER","PI","100","160","2014-10-02","RD 908B","5.1","4.7","60","2023-11-20","OUI","01","940636.56","6542025.21","6.10643","45.93532"
"74112","104482","GRAND ANNECY","T31TER","PI","100","160","2014-10-02","RD 908B","5.05","4.7","60","2023-11-20","OUI","01","940678.67","6542014.94","6.10697","45.93521"
"74112","83409","GRAND ANNECY","T32","PI","100","100",NULL,"ROUTE DES BORNOUS","5.5","5.2","60","2023-11-20","OUI","01","940906.83","6542075.63","6.10994","45.93568"
"74112","74513","GRAND ANNECY","T33","PI","100",NULL,"1960-01-01","ROUTE DES BORNOUS","6.2","1.2","60","2023-11-20","OUI","01","940954.63","6542173.36","6.11061","45.93654"
"74112","74803","GRAND ANNECY","T33BIS","PI","100",NULL,"1960-01-01","CHEMIN DES CROSETS","6.5","1.4","60","2023-11-20","OUI","01","941018.96","6542285.29","6.11150","45.93753"
"74112","79816","GRAND ANNECY","T34","PI","100","125","2016-11-23","ROUTE DES BORNOUS","5.6","2.1","60","2023-11-21","OUI","01","940749.33","6542370.88","6.10806","45.93839"
"74112","74514","GRAND ANNECY","T35","PI","100","125",NULL,"CHEMIN DES VERGERS","6","1","55","2023-11-20","OUI","01","940925.62","6541870.39","6.11008","45.93383"
"74112","74515","GRAND ANNECY","T36","PI","100",NULL,NULL,"CHEMIN DES 3 CHATEAUX","6.2","1","55","2023-11-20","OUI","01","940956.15","6541726.71","6.11040","45.93252"
"74112","81781","GRAND ANNECY","T37","PI","100",NULL,NULL,"CHEMIN DES VERGERS","5.6","1","46","2024-05-27","OUI","01","940858.49","6541758.83","6.10916","45.93285"
"74112","74805","GRAND ANNECY","T38","PI","100","100",NULL,"ROUTE DE COTE MERLE","5.7","4.7","60","2023-11-20","OUI","01","940517.50","6541050.56","6.10440","45.92659"
"74112","80176","GRAND ANNECY","T39","PI","100",NULL,NULL,"ROUTE DE COTE MERLE","5.8","4.5","60","2023-11-20","OUI","01","940492.02","6541071.95","6.10409","45.92679"
"74112","6281554","GRAND ANNECY","T39BIS","PI","100","100","2016-08-10","ROUTE DE COTE MERLE","5.8","4.1","60","2023-11-20","OUI","01","940404.37","6541139.97","6.10299","45.92744"
"74112","76894","GRAND ANNECY","T40BIS","PI","100",NULL,"2005-01-01","ROUTE DE COTE MERLE","5.1","3.9","60","2023-11-20","OUI","01","940612.53","6541130.60","6.10567","45.92728"
"74112","64802","GRAND ANNECY","T41","PI","100",NULL,NULL,"ROUTE DE COTE MERLE","5.6","5.1","60","2023-11-20","OUI","01","940751.07","6541479.77","6.10763","45.93037"
"74112","64805","GRAND ANNECY","T42","PI","100","110","2007-05-23","ROUTE DES SARVES","7.8","7.4","60","2023-11-21","OUI","01","941404.46","6541402.42","6.11602","45.92944"
"74112","79514","GRAND ANNECY","T42BIS","PI","100","110","2006-11-02","ROUTE DES SARVES","7.7","7.3","60","2023-11-21","OUI","01","941269.11","6541515.11","6.11433","45.93051"
"74112","64804","GRAND ANNECY","T43","PI","100","60","2017-10-20","ROUTE DES SARVES","8.4","8.1","60","2023-11-21","OUI","01","941260.42","6541095.01","6.11401","45.92673"
"74112","79513","GRAND ANNECY","T43BIS","PI","100","125","2008-10-15","ROUTE DES SARVES","8.3","7.8","60","2023-11-21","OUI","05","941355.53","6541265.71","6.11532","45.92823"
"74112","64803","GRAND ANNECY","T44","PI","100",NULL,"1980-01-01","ROUTE DES SARVES","9","7.4","60","2021-05-04","OUI","01","941209.82","6540969.98","6.11329","45.92562"
"74112","74507","GRAND ANNECY","T45","PI","100","100","1980-01-01","ROUTE DES SARVES","8.6","6.2","60","2021-05-04","OUI","01","941308.98","6540981.16","6.11457","45.92569"
"74112","6281733","GRAND ANNECY","T46BIS","PI","100",NULL,NULL,"RAPIDE (VOIE)","6","5.2","60","2023-11-20","OUI","01","941651.89","6541678.60","6.11935","45.93184"
"74112","82680","GRAND ANNECY","T47","PI","150",NULL,"1985-01-01","RAPIDE (VOIE)","5","4.8","60","2023-11-20","OUI","01","941701.12","6541870.50","6.12008","45.93355"
"74112","78506","GRAND ANNECY","T47BIS","PI","150","250","2005-01-01","ROUTE DE LA BOUVARDE","5","4.7","60","2023-11-20","OUI","01","941494.16","6541917.35","6.11744","45.93405"
"74112","79817","GRAND ANNECY","T47QTER","PI","100","100","2008-02-21","ALLEE DE LA MANDALLAZ","5","4.5","60","2023-11-20","OUI","01","941401.05","6541936.29","6.11625","45.93425"
"74112","78505","GRAND ANNECY","T47TER","PI","100","100","2008-02-21","ALLEE DE LA MANDALLAZ","5.3","5.1","60","2023-11-20","OUI","01","941484.18","6542032.07","6.11737","45.93508"
"74112","79026","GRAND ANNECY","T48","PI","100",NULL,"2015-10-20","ROUTE DE LA BOUVARDE","4.7","3.5","60","2023-11-20","OUI","01","941838.94","6542013.63","6.12193","45.93479"
"74112","64801","GRAND ANNECY","T49","PI","100",NULL,"1985-01-01","RAPIDE (VOIE)","4.8","3.9","60","2023-11-20","OUI","01","941815.08","6541916.27","6.12158","45.93392"
"74112","79008","GRAND ANNECY","T49BIS","PI","100",NULL,NULL,"RAPIDE (VOIE)","4.7","4.2","60","2023-11-20","OUI","01","941909.74","6542001.49","6.12284","45.93466"
"74112","64798","GRAND ANNECY","T50","PI","100","100",NULL,"CHEMIN DES CROISELETS","5.1","4.7","60","2023-11-20","OUI","01","941684.05","6542323.63","6.12009","45.93763"
"74112","109614","GRAND ANNECY","T51","PI","100","100",NULL,"ROUTE DE FRANGY","5.1","4.6","60","2023-11-20","OUI","01","941781.20","6542320.06","6.12135","45.93757"
"74112","64800","GRAND ANNECY","T52","PI","100","100","2021-02-23","RD 3508","5.1","4.8","60","2023-11-20","OUI","01","941632.43","6542187.34","6.11936","45.93643"
"74112","79818","GRAND ANNECY","T53","PI","100",NULL,NULL,"ROUTE DE FRANGY","5.1","4.5","60","2023-11-20","OUI","01","941603.21","6542485.98","6.11913","45.93912"
"74112","64797","GRAND ANNECY","T54","PI","150","160","2021-06-16",NULL,"5","4.9","60","2023-11-20","OUI","01","941671.12","6542437.19","6.11999","45.93866"
"74112","79819","GRAND ANNECY","T55","PI","100","100","2021-06-16","ROUTE DE FRANGY","5.2","5.1","60","2023-11-20","OUI","01","941589.78","6542352.05","6.11889","45.93792"
"74112","78091","GRAND ANNECY","T55BIS","PI","40","40",NULL,"ROUTE DE FRANGY","5","1","12","2017-09-12","OUI","01","941595.79","6542534.89","6.11906","45.93957"
"74112","78507","GRAND ANNECY","T56","PI","100","100","2003-03-01"," ","6.15","5.9","60","2023-11-20","OUI","01","941592.70","6541674.37","6.11859","45.93182"
"74112","78913","GRAND ANNECY","T57","PI","100","100","2008-02-21","ALLEE DU PARMELAN","5.2","4.9","60","2023-11-20","OUI","01","941519.85","6542036.79","6.11783","45.93511"
"74137","80160","GRAND ANNECY","GRO01","PI","65","60",NULL," ","7.3","1","18","2023-11-23","OUI","01","947568.74","6549732.57","6.19986","46.00218"
"74137","80629","GRAND ANNECY","GRO02","PI","100","100",NULL," ","8.6","7.3","60","2023-11-23","OUI","05","946601.75","6550032.99","6.18753","46.00523"
"74137","64686","GRAND ANNECY","GRO03","PI","100",NULL,NULL," ","9","7.5","60","2023-11-23","OUI","01","946477.31","6549900.77","6.18585","46.00409"
"74137","64687","GRAND ANNECY","GRO04","PI","100","100",NULL," ","9.1","8.1","60","2023-11-23","OUI","01","946278.51","6549679.74","6.18317","46.00217"
"74137","64688","GRAND ANNECY","GRO05","PI","100","100",NULL," ","9.5","8.2","60","2023-11-23","OUI","01","946248.91","6549651.80","6.18277","46.00193"
"74137","64689","GRAND ANNECY","GRO06","PI","100","100",NULL," ","9.6","7.8","60","2023-11-23","OUI","01","946059.42","6549470.02","6.18023","46.00036"
"74137","64691","GRAND ANNECY","GRO09","PI","100",NULL,NULL," ","4.3","1","60","2023-11-23","OUI","01","945271.87","6549625.08","6.17015","46.00204"
"74137","80161","GRAND ANNECY","GRO10","PI","65",NULL,NULL," ","7.2","1","23","2023-11-23","OUI","01","944770.37","6549544.75","6.16363","46.00150"
"74137","64692","GRAND ANNECY","GRO11","PI","65","60",NULL," ","4.8","1","14","2023-11-23","OUI","01","944889.47","6549828.95","6.16531","46.00402"
"74137","64693","GRAND ANNECY","GRO12","PI","100","100",NULL," ","6.1","3.8","60","2023-11-23","OUI","01","944975.07","6550145.97","6.16658","46.00684"
"74137","64694","GRAND ANNECY","GRO13","PI","65",NULL,NULL," ","7.9","1","19","2023-11-23","OUI","01","944393.73","6549430.56","6.15871","46.00061"
"74137","64695","GRAND ANNECY","GRO14","PI","100",NULL,NULL," ","8.5","7.5","60","2023-11-23","OUI","01","945650.78","6550315.84","6.17540","46.00812"
"74137","64696","GRAND ANNECY","GRO15","PI","100","100",NULL," ","6.8","6.1","60","2023-11-23","OUI","05","945678.93","6550619.32","6.17592","46.01084"
"74137","80162","GRAND ANNECY","GRO16","PI","100",NULL,NULL," ","5.2","4.2","60","2023-11-23","OUI","01","945500.42","6550576.47","6.17359","46.01052"
"74137","64697","GRAND ANNECY","GRO17","PI","100","100",NULL," ","4.5","3.5","60","2023-11-23","OUI","01","945319.25","6550467.12","6.17119","46.00960"
"74137","64698","GRAND ANNECY","GRO18","PI","100","100",NULL," ","4.7","3.1","60","2023-11-23","OUI","01","945361.15","6550270.19","6.17163","46.00782"
"74137","6281535","GRAND ANNECY","GRO18BIS","PI","100","100","2016-01-01"," ","4.2","2.7","60","2023-11-23","OUI","01","945303.63","6550369.70","6.17094","46.00873"
"74137","64699","GRAND ANNECY","GRO19","PI","100","100",NULL," ","15.9","0","0","2023-11-23","OUI","05","944847.55","6550392.77","6.16506","46.00911"
"74137","80630","GRAND ANNECY","GRO20","PI","100","100","2009-01-01"," ","6.7","5.2","60","2023-11-23","OUI","01","944620.96","6550216.88","6.16205","46.00760"
"74137","82737","GRAND ANNECY","GRO21","PI","65",NULL,NULL," ","3",NULL,"26","2017-01-01","OUI","01","944219.28","6550067.46","6.15678","46.00640"
"74137","64700","GRAND ANNECY","GRO22","PI","100","100",NULL," ","14","13.4","60","2023-11-23","OUI","01","944329.10","6549912.92","6.15812","46.00497"
"74137","64756","GRAND ANNECY","GRO23","PI","100","100",NULL," ","4.3","1","30","2023-11-23","OUI","01","944096.90","6549626.62","6.15498","46.00248"
"74137","64757","GRAND ANNECY","GRO24","PI","100","100",NULL," ","13.5","12.9","60","2023-11-23","OUI","01","944108.98","6549849.44","6.15525","46.00448"
"74137","64758","GRAND ANNECY","GRO25","PI","100","100",NULL," ","5.2","1","41","2023-11-23","OUI","01","944209.32","6549704.25","6.15647","46.00314"
"74137","64759","GRAND ANNECY","GRO26","PI","100","100",NULL," ","4.5","3.5","60","2023-11-22","OUI","05","943953.65","6550050.14","6.15334","46.00634"
"74137","64760","GRAND ANNECY","GRO27","PI","100",NULL,NULL," ","4.6","3.2","60","2023-11-22","OUI","01","943636.76","6550259.37","6.14936","46.00834"
"74137","64761","GRAND ANNECY","GRO28","PI","65",NULL,NULL," ","4.7","1","25","2023-11-22","OUI","01","943454.45","6550300.26","6.14703","46.00877"
"74137","64762","GRAND ANNECY","GRO29","PI","65",NULL,NULL," ","7","1","19","2023-11-22","OUI","01","943571.33","6550885.50","6.14884","46.01400"
"74137","64763","GRAND ANNECY","GRO30","PI","100","100",NULL," ","5.9","4.2","60","2023-11-23","OUI","05","944815.36","6550548.56","6.16473","46.01052"
"74137","80171","GRAND ANNECY","GRO31","PI","100","100",NULL," ","14.4","14","60","2023-11-23","OUI","01","945186.37","6550805.33","6.16965","46.01269"
"74137","64764","GRAND ANNECY","GRO32","PI","100","100",NULL," ","5.3","3.7","60","2023-11-23","OUI","05","945222.85","6551016.01","6.17023","46.01458"
"74137","64765","GRAND ANNECY","GRO33","PI","100",NULL,NULL," ","8.7","5.8","60","2023-11-22","OUI","01","945141.65","6551376.82","6.16937","46.01785"
"74137","79966","GRAND ANNECY","GRO34","PI","100",NULL,NULL," ","8.9","5.5","60","2023-11-22","OUI","01","944706.09","6551405.86","6.16376","46.01827"
"74137","80631","GRAND ANNECY","GRO35","PI","100","100",NULL," ","9.5","6.1","60","2023-11-22","OUI","01","944486.39","6551505.41","6.16098","46.01925"
"74137","64766","GRAND ANNECY","GRO36","PI","100","100",NULL," ","6","4.1","60","2023-11-22","OUI","05","944185.52","6551616.48","6.15715","46.02035"
"74137","6281507","GRAND ANNECY","GRO36BIS","PI","100","100","2016-10-01","ROUTE DE FLAGY","7.6","4.7","60","2023-11-22","OUI","01","944064.36","6551552.75","6.15555","46.01982"
"74137","64767","GRAND ANNECY","GRO37","PI","65",NULL,NULL," ","9.9","1","42","2023-11-22","OUI","01","943797.61","6551667.72","6.15216","46.02095"
"74137","64768","GRAND ANNECY","GRO38","PI","65",NULL,NULL," ","8","1","22","2023-11-22","OUI","01","944166.10","6552487.39","6.15735","46.02820"
"74137","80172","GRAND ANNECY","GRO39","PI","100","100","2007-01-01"," ","5.2","1","23","2023-11-22","OUI","01","943541.30","6551352.79","6.14869","46.01821"
"74137","64769","GRAND ANNECY","GRO40","PI","100","100",NULL," ","5.7","3.9","60","2023-11-22","OUI","01","945394.73","6551579.13","6.17275","46.01958"
"74137","64770","GRAND ANNECY","GRO41","PI","65","60",NULL," ","7.5","1","26","2023-11-22","OUI","01","945773.32","6551548.63","6.17762","46.01917"
"74137","64771","GRAND ANNECY","GRO42","PI","100","125",NULL," ","8.8","6.4","60","2023-11-22","OUI","01","945351.84","6551390.18","6.17209","46.01790"
"74137","64772","GRAND ANNECY","GRO43","PI","100","100",NULL," ","3.4","2.9","60","2023-11-23","OUI","05","945541.03","6550999.56","6.17433","46.01431"
"74137","64773","GRAND ANNECY","GRO44","PI","100",NULL,NULL," ","8","1","49","2023-11-22","OUI","01","946046.41","6552115.64","6.18144","46.02417"
"74137","79969","GRAND ANNECY","GRO45","PI","100",NULL,NULL," ","5.4","1","31","2023-11-22","OUI","01","946116.65","6552285.79","6.18244","46.02568"
"74137","64774","GRAND ANNECY","GRO46","PI","100",NULL,NULL," ","7.4","1","45","2023-11-22","OUI","01","946323.90","6552143.86","6.18504","46.02433"
"74137","80173","GRAND ANNECY","GRO47","PI","100",NULL,NULL," ","6.6","1.1","60","2023-11-22","OUI","01","946559.77","6551724.23","6.18787","46.02047"
"74137","63248","GRAND ANNECY","GRO48","PI","100","60",NULL," ","8.2","1","28","2023-11-22","OUI","01","946350.46","6551461.48","6.18503","46.01818"
"74137","63141","GRAND ANNECY","GRO50","PI","100","100",NULL," ","7.3","5.8","60","2023-11-22","OUI","05","945819.17","6550790.15","6.17782","46.01233"
"74137","63142","GRAND ANNECY","GRO51","PI","100","100",NULL," ","7.7","4.8","60","2023-11-22","OUI","01","946116.41","6550960.67","6.18174","46.01376"
"74137","63143","GRAND ANNECY","GRO52","PI","100","100","2018-03-28"," ","6.3","1","50","2023-11-22","OUI","01","946517.36","6551191.11","6.18704","46.01568"
"74137","62860","GRAND ANNECY","GRO53","PI","100","100",NULL," ","7.1","1","60","2023-11-22","OUI","01","947131.96","6551351.69","6.19506","46.01690"
"74137","80108","GRAND ANNECY","GRO54","PI","100","100",NULL," ","10.5","6.2","60","2023-11-22","OUI","01","947378.02","6551694.18","6.19842","46.01990"
"74137","80872","GRAND ANNECY","GRO55","PI","100","100",NULL," ","6.1","3.8","60","2023-11-22","OUI","01","947285.13","6551991.67","6.19738","46.02261"
"74137","63144","GRAND ANNECY","GRO56","PI","100","100",NULL," ","6.3","3.1","60","2023-11-22","OUI","01","947153.90","6552827.87","6.19612","46.03018"
"74137","63145","GRAND ANNECY","GRO57","PI","100","100",NULL," ","5.3","2.5","60","2023-11-22","OUI","01","946851.86","6552999.79","6.19231","46.03184"
"74137","63146","GRAND ANNECY","GRO58","PI","100",NULL,NULL," ","12.8","2.4","60","2023-11-22","OUI","01","946269.70","6553046.03","6.18481","46.03246"
"74137","80873","GRAND ANNECY","GRO59","PI","65","100",NULL," ","4.7","2.3","60","2023-11-22","OUI","01","946178.47","6553756.47","6.18400","46.03889"
"74137","63147","GRAND ANNECY","GRO60","PI","100","100",NULL," ","3.2","2.2","60","2023-11-22","OUI","01","946643.61","6554030.11","6.19015","46.04118"
"74137","63148","GRAND ANNECY","GRO61","PI","65","100",NULL," ","3.5","1.05","62","2023-11-22","OUI","01","946249.64","6554165.31","6.18514","46.04254"
"74137","6281973","GRAND ANNECY","GRO62","PI","100","100","2019-05-01","PASSAGE DE LA TOUR","4.6","1","26","2023-11-22","OUI","01","945738.30","6552976.45","6.17791","46.03203"
"74137","63150","GRAND ANNECY","GRO63","PI","100","100","2021-11-01","ROUTE DE MALASSOIRE","7.8","1","60","2023-11-22","OUI","01","945030.09","6552771.42","6.16865","46.03044"
"74137","6281975","GRAND ANNECY","GRO64","PI","100","100","2019-05-01","ROUTE DE CHEZ LES GRIS","7.3","1.2","66","2023-11-22","OUI","01","945278.45","6552938.21","6.17195","46.03185"
"74137","80159","GRAND ANNECY","GRO65","PI","100","100","2023-01-14","ROUTE DE CHEZ LES GRIS","6.5","1","45","2023-08-28","OUI","01","945227.47","6553211.30","6.17143","46.03433"
"74137","6283023","GRAND ANNECY","GRO65BIS","PI","100","100","2023-01-14","ROUTE DE CHEZ LES GRIS","9","1","57","2023-08-28","OUI","01","945221.82","6553462.50","6.17149","46.03659"
"74137",NULL,"GRAND ANNECY","GRO66","PI","100","125","2024-04-03","ROUTE DU CHENAY","9","1","30","2024-03-28","OUI","01","946817.23","6550967.58","6.19080","46.01356"
"74137","63153","GRAND ANNECY","GRO67","PI","65",NULL,NULL," ","10.7","1","28","2023-11-22","OUI","01","946715.88","6550810.22","6.18941","46.01218"
"74137","63154","GRAND ANNECY","GRO68","PI","65","60",NULL," ","8.3","1","19","2023-11-23","OUI","05","947706.10","6550351.54","6.20195","46.00770"
"74137","63155","GRAND ANNECY","GRO69","PI","100","100",NULL," ","10.3","7.8","60","2023-11-23","OUI","01","946099.50","6549271.45","6.18065","45.99856"
"74137","63156","GRAND ANNECY","GRO70","PI","65","60",NULL," ","10","1","28","2023-11-23","OUI","05","945650.60","6548927.19","6.17467","45.99563"
"74137","80710","GRAND ANNECY","GRO71","PI","100","110",NULL," ","11.4","8.2","60","2023-11-23","OUI","01","945336.89","6551204.17","6.17180","46.01623"
"74137","63158","GRAND ANNECY","GRO73","PI","100","100",NULL," ","9.1","5.5","60","2023-11-22","OUI","01","947301.40","6552551.88","6.19788","46.02764"
"74137","80243","GRAND ANNECY","GRO74","PI","100","100",NULL," ","2.2","1","49","2023-11-22","OUI","01","946498.43","6553558.20","6.18803","46.03699"
"74137","65220","GRAND ANNECY","GRO75","PI","100","100",NULL," ","6.2","1","36","2023-11-22","OUI","01","946351.77","6552363.14","6.18551","46.02629"
"74137","78916","GRAND ANNECY","GRO77","PI","100","100",NULL," ","6.5","5.1","60","2023-11-23","OUI","05","944910.53","6550468.41","6.16592","46.00976"
"74137","79356","GRAND ANNECY","GRO78","PI","100","100",NULL," ","9","6.3","60","2023-11-23","OUI","01","945995.73","6549627.86","6.17949","46.00181"
"74137","79357","GRAND ANNECY","GRO79","PI","100","100","2002-01-01"," ","7","3.1","60","2023-11-23","OUI","05","945311.03","6550559.23","6.17114","46.01044"
"74137","78915","GRAND ANNECY","GRO80","PI","100","100","2003-01-01"," ","6.6","3.8","60","2023-11-23","OUI","01","944816.15","6550296.74","6.16461","46.00825"
"74137","80871","GRAND ANNECY","GRO81","PI","100","100","2003-07-01"," ","9.2","6.4","60","2023-11-23","OUI","01","945789.69","6550350.21","6.17721","46.00838"
"74137","6283024","GRAND ANNECY","GRO81BIS","PI","100","125","2022-01-01","ROUTE DE CHEZ CHRISTIN","10.2","6.5","60","2023-11-23","OUI","01","945893.24","6550148.02","6.17844","46.00652"
"74137","79361","GRAND ANNECY","GRO82","PI","100","100",NULL," ","9.1","7.7","60","2023-11-23","OUI","05","946392.70","6549784.12","6.18470","46.00307"
"74137","78662","GRAND ANNECY","GRO83","PI","100","100","2008-01-01"," ","10.4","7.6","60","2023-11-23","OUI","01","945994.94","6549294.83","6.17931","45.99881"
"74137","79358","GRAND ANNECY","GRO84","PI","100","100","2009-01-01"," ","4.3","3.1","60","2023-11-23","OUI","01","945207.48","6550437.61","6.16974","46.00938"
"74137","79167","GRAND ANNECY","GRO85","PI","65","60",NULL," ","11.2","1","22","2023-11-22","OUI","01","946227.50","6551385.28","6.18340","46.01754"
"74137","6281553","GRAND ANNECY","GRO86","PI","65","60",NULL,"ROUTE DE L ALLEE","8","1","27","2023-11-22","OUI","01","945754.33","6551226.17","6.17721","46.01628"
"74137","6281510","GRAND ANNECY","GRO87","PI","100","100",NULL," ","5.7","2.8","60","2023-11-23","OUI","01","944679.53","6550627.43","6.16302","46.01128"
"74137","6281511","GRAND ANNECY","GRO88","PI","100","100",NULL," ","6.6","3.4","60","2023-11-23","OUI","01","945238.39","6550640.91","6.17024","46.01120"
"74137","127373","GRAND ANNECY","GRO90","PI","100","100",NULL," ","8","5","60","2023-11-23","OUI","01","945985.36","6549739.04","6.17942","46.00281"
"74137","6281508","GRAND ANNECY","GRO91","PI","100","100",NULL," ","8.2","4.8","60","2023-11-22","OUI","01","945043.12","6551429.34","6.16813","46.01836"
"74137","127371","GRAND ANNECY","GRO92","PI","100","100",NULL," ","7.3","3.8","60","2023-11-22","OUI","01","945228.44","6551524.23","6.17057","46.01915"
"74137","127375","GRAND ANNECY","GRO93","PI","100","100",NULL," ","8","6.8","60","2023-11-23","OUI","01","946598.22","6550088.04","6.18751","46.00573"
"74137","6283025","GRAND ANNECY","GRO94","PI","100","125","2019-12-01","ROUTE DU CHENAY","6.8","2","60","2023-11-22","OUI","01","947026.20","6551249.85","6.19364","46.01603"
"74138","67125","GRAND ANNECY","G01","PI","65","60",NULL," ","5.7","1","30","2021-04-28","OUI","01","937696.67","6526775.03","6.06089","45.79913"
"74138","67127","GRAND ANNECY","G02","PI","100","125","2022-03-01","ROUTE DES BAUGES","6.25","1","27","2023-07-06","OUI","01","937429.87","6526630.87","6.05739","45.79793"
"74138","67126","GRAND ANNECY","G03","PI","65","60",NULL," ","3.4","1","21","2023-07-06","OUI","05","937614.70","6526696.04","6.05980","45.79845"
"74138","75061","GRAND ANNECY","G04","PI","65",NULL,NULL," ","4.6","1","51","2023-07-06","OUI","05","937681.87","6526667.33","6.06065","45.79817"
"74138","67124","GRAND ANNECY","G05","PI","100","100",NULL," ","2.9","1.5","60","2023-07-06","OUI","05","937755.51","6526685.94","6.06161","45.79831"
"74138","67770","GRAND ANNECY","G08","PI","100","100","2019-06-24","ROUTE DES BAUGES","7","1","25","2023-07-06","OUI","01","937362.83","6526487.88","6.05646","45.79666"
"74138","75062","GRAND ANNECY","G09","PI","100","80","2020-05-27","ROUTE DES CHAMPS BLONDS","9","1","31","2023-07-06","OUI","01","937933.43","6526565.35","6.06383","45.79716"
"74138","74732","GRAND ANNECY","G10","PI","65","60",NULL," ","6.8","1","28","2023-07-06","OUI","05","938036.21","6526552.74","6.06515","45.79701"
"74138","66515","GRAND ANNECY","G11","PI","65","60",NULL," ","5.6","1","18","2023-06-20","OUI","05","936501.76","6526098.21","6.04518","45.79346"
"74138","67174","GRAND ANNECY","G12","PI","65","60",NULL," ","5.4","1","20","2021-05-04","OUI","05","937928.99","6526225.40","6.06361","45.79411"
"74138","67771","GRAND ANNECY","G13","PI","65","60","2019-12-18"," ","8.05","5.4","60","2023-06-21","OUI","05","937849.00","6526187.51","6.06256","45.79379"
"74138","81192","GRAND ANNECY","G15","PI","65","60",NULL," ","5.4","1","55","2023-07-06","OUI","05","937296.56","6526080.17","6.05540","45.79302"
"74138","6281482","GRAND ANNECY","G16","PI","65","60",NULL," ","4","1","44","2023-07-06","OUI","05","937410.13","6526037.62","6.05684","45.79260"
"74138","67772","GRAND ANNECY","G17","PI","65","100",NULL," ","5.5","1","39","2023-07-06","OUI","05","937286.57","6526000.52","6.05523","45.79231"
"74138","66564","GRAND ANNECY","G18","PI","100","100",NULL," ","6.4","3.9","60","2023-07-06","OUI","01","937222.28","6525973.56","6.05439","45.79209"
"74138","67773","GRAND ANNECY","G20","PI","100","100",NULL," ","6.6","2.9","60","2023-06-21","OUI","05","937451.53","6525924.34","6.05732","45.79156"
"74138","66565","GRAND ANNECY","G21","PI","100",NULL,NULL," ","3.4","1","21","2023-06-20","OUI","05","936544.34","6525786.72","6.04558","45.79064"
"74138","74733","GRAND ANNECY","G22","PI","100",NULL,NULL," ","7","4.7","60","2023-07-06","OUI","05","937137.82","6525771.22","6.05320","45.79029"
"74138","67774","GRAND ANNECY","G24","PI","100",NULL,NULL," ","6.1","2.8","60","2023-06-21","OUI","05","937467.32","6525794.70","6.05745","45.79039"
"74138","66562","GRAND ANNECY","G25","PI","100","60",NULL," ","5.9","1","42","2023-07-06","OUI","05","937217.81","6525713.92","6.05420","45.78975"
"74138","74734","GRAND ANNECY","G26","PI","100","100",NULL,"ROUTE DES MARAIS","7.6","5.2","60","2023-07-06","OUI","05","937034.40","6525697.38","6.05184","45.78967"
"74138",NULL,"GRAND ANNECY","G26BIS","PI",NULL,"100","2024-04-18","ROUTE DES MARAIS",NULL,NULL,NULL,NULL,"OUI","01","936687.24","6525759.39","6.04740","45.79034"
"74138","66563","GRAND ANNECY","G27","PI","100","60",NULL," ","5.6","3.4","60","2023-07-06","OUI","01","937236.44","6525659.67","6.05442","45.78926"
"74138","81791","GRAND ANNECY","G28","PI","100","100",NULL," ","6.9","4.4","60","2023-07-06","OUI","01","937114.47","6525611.84","6.05282","45.78887"
"74138","66561","GRAND ANNECY","G29","PI","100","100",NULL," ","5.75","3.8","60","2023-07-06","OUI","05","937226.21","6525570.84","6.05424","45.78846"
"74138","82965","GRAND ANNECY","G31","PI","100",NULL,NULL," ","6.8","1","53","2023-06-21","OUI","05","937432.03","6525593.42","6.05690","45.78859"
"74138","81837","GRAND ANNECY","G33","PI","100","125","2023-07-01","CHEMIN DU CHATEAU","6.1","1.8","60","2023-11-07","OUI","01","937536.79","6525459.86","6.05818","45.78735"
"74138","6283022","GRAND ANNECY","G33BIS","PI","100","125","2023-07-01","CHEMIN DU CHATEAU","6.6","2.6","60","2023-11-07","OUI","01","937496.59","6525589.93","6.05773","45.78854"
"74138","67776","GRAND ANNECY","G34","PI","100","125","2023-07-01","MONTEE DU NOIRET","4.3","1","33","2023-11-07","OUI","01","937656.91","6525543.60","6.05977","45.78807"
"74138","82355","GRAND ANNECY","G35","PI","100","60",NULL," ","11.5","1","38","2021-04-29","OUI","05","937805.73","6525557.31","6.06169","45.78814"
"74138","67173","GRAND ANNECY","G36","PI","65","60",NULL," ","8.7","1","18","2021-05-11","OUI","05","937905.62","6525707.45","6.06305","45.78945"
"74138","66566","GRAND ANNECY","G37","PI","65",NULL,NULL," ","7.2","1","19","2023-06-20","OUI","05","935591.69","6525678.86","6.03327","45.79000"
"74138","66514","GRAND ANNECY","G38","PI","100","100",NULL," ","6.2","1","20","2023-06-20","OUI","05","935750.19","6525650.61","6.03530","45.78969"
"74138","66519","GRAND ANNECY","G39","PI","100","100",NULL," ","6.3","3.3","60","2023-07-06","OUI","05","937143.61","6525469.52","6.05313","45.78758"
"74138","66516","GRAND ANNECY","G40","PI","100","100","2024-08-01"," ","7.3","4.5","60","2024-07-22","OUI","01","937311.64","6525493.03","6.05530","45.78773"
"74138","74735","GRAND ANNECY","G41","PI","65","60",NULL," ","10","1","20","2021-04-28","OUI","05","937798.40","6525477.24","6.06155","45.78742"
"74138","66517","GRAND ANNECY","G42","PI","100","100","2024-08-01"," ","9.5","3.6","60","2024-07-22","OUI","01","937261.15","6525390.70","6.05460","45.78683"
"74138","67777","GRAND ANNECY","G43","PI","100",NULL,NULL," ","7","4.5","60","2021-04-29","OUI","05","937334.79","6525389.08","6.05555","45.78679"
"74138","66518","GRAND ANNECY","G44","PI","100",NULL,NULL," ","5.7","1","29","2023-06-21","OUI","05","937439.29","6525399.86","6.05690","45.78685"
"74138","66504","GRAND ANNECY","G44BIS","PI","65","100","2014-01-01"," ","6.5","1","38","2023-06-21","OUI","05","937396.29","6525252.95","6.05627","45.78554"
"74138","66520","GRAND ANNECY","G45","PI","100","100",NULL," ","7.4","6.3","60","2023-06-21","OUI","01","937209.73","6525167.70","6.05383","45.78484"
"74138","66503","GRAND ANNECY","G46","PI","65",NULL,NULL," ","5.9","1","25","2023-06-21","OUI","01","937538.66","6525145.84","6.05805","45.78453"
"74138","65542","GRAND ANNECY","G47","PI","65","60",NULL," ","4.7","1","13","2023-06-21","OUI","05","936448.66","6525039.62","6.04398","45.78395"
"74138","66521","GRAND ANNECY","G48","PI","100","100",NULL," ","9.8","2","60","2023-06-21","OUI","05","937190.13","6525034.85","6.05351","45.78365"
"74138","65473","GRAND ANNECY","G49","PI","100","100",NULL," ","6.9","6.3","60","2023-06-21","OUI","05","937157.23","6524955.09","6.05305","45.78294"
"74138","65472","GRAND ANNECY","G50","PI","100",NULL,NULL," ","5.8","5.25","60","2023-06-21","OUI","05","937244.09","6524974.95","6.05417","45.78309"
"74138","67778","GRAND ANNECY","G51","PI","100","100",NULL," ","5.8","1","25","2023-06-21","OUI","05","937562.14","6524918.68","6.05824","45.78248"
"74138","65540","GRAND ANNECY","G52","PI","100","100","2013-01-01","ROUTE DU MOLLARD","7.8","6.5","60","2023-06-21","OUI","01","937021.41","6524857.74","6.05125","45.78212"
"74138","65541","GRAND ANNECY","G53","PI","100",NULL,NULL," ","3.5","1","13","2023-06-21","OUI","05","936866.08","6524845.83","6.04925","45.78206"
"74138","67169","GRAND ANNECY","G54","PI","65","60",NULL," ","7.4","1","14","2023-06-20","OUI","05","935760.40","6524697.08","6.03496","45.78111"
"74138","81990","GRAND ANNECY","G55","PI","65","60",NULL," ","7.5","1","14","2023-06-20","OUI","05","935681.43","6524652.26","6.03392","45.78073"
"74138","67168","GRAND ANNECY","G56","PI","65","60",NULL," ","7.6","1","15","2021-05-03","OUI","05","935806.92","6524612.10","6.03551","45.78033"
"74138","65544","GRAND ANNECY","G57","PI","100","125","2019-12-01","CHEMIN DE L ANCIEN PONT","7.8","1","15","2023-06-21","OUI","01","935957.86","6524536.31","6.03742","45.77959"
"74138","65543","GRAND ANNECY","G58","PI","100","100",NULL,"CHEMIN DU CRET DU VERNET","5.8","1","12","2023-06-21","OUI","01","936074.24","6524497.09","6.03889","45.77920"
"74138","82406","GRAND ANNECY","G59","PI","100","125","2019-12-01","ROUTE DU VERNET","6.05","1","13","2023-06-21","OUI","01","936454.56","6524409.12","6.04374","45.77828"
"74138","78944","GRAND ANNECY","G60","PI","65","60",NULL," ","3.85","1","11","2023-06-21","OUI","05","936825.92","6524689.36","6.04865","45.78067"
"74138","75059","GRAND ANNECY","G61","PI","65",NULL,NULL," ","6.1","1","51","2023-06-21","OUI","05","937146.45","6524737.81","6.05280","45.78099"
"74138","82878","GRAND ANNECY","G62","PI","65","100",NULL," ","5.5","1","44","2023-06-21","OUI","05","937181.85","6524572.84","6.05317","45.77950"
"74138","67170","GRAND ANNECY","G63","PI","65","60",NULL," ","6.3","1","13","2023-06-21","OUI","05","936303.66","6524195.01","6.04169","45.77640"
"74138","6281468","GRAND ANNECY","G63BIS","PI","65","60",NULL," ","5.1","1","18","2023-06-21","OUI","05","936151.62","6524012.57","6.03965","45.77481"
"74138","75058","GRAND ANNECY","G64","PI","65","60",NULL," ","5.3","1","11","2023-06-21","OUI","05","936703.38","6524197.51","6.04683","45.77629"
"74138","65539","GRAND ANNECY","G65","PI","65","60",NULL," ","7.7","1","30","2023-06-21","OUI","05","937227.80","6524117.75","6.05354","45.77539"
"74138","65538","GRAND ANNECY","G66","PI","100","100",NULL,"ROUTE DES BAUGES","6.1","1","32","2023-06-21","OUI","01","937391.29","6524023.19","6.05559","45.77448"
"74138","82469","GRAND ANNECY","G67","PI","100","100",NULL," ","5.15","1","31","2023-06-21","OUI","05","937458.69","6523852.59","6.05638","45.77292"
"74138","75060","GRAND ANNECY","G68","PI","100","100","2018-03-14","ROUTE DU CERISIER","10.05","1","25","2023-06-21","OUI","05","937350.91","6523663.28","6.05490","45.77125"
"74138","67171","GRAND ANNECY","G69","PI","65",NULL,"2022-09-06"," ","9.75","1","21","2023-06-21","OUI","01","937418.10","6523468.26","6.05566","45.76947"
"74138","67172","GRAND ANNECY","G70","PI","65",NULL,NULL," ","6","1","32","2023-06-21","OUI","05","937591.10","6522926.29","6.05762","45.76454"
"74142","70603","GRAND ANNECY","HY01","PI","100",NULL,NULL," ","4.2","3.3","60","2023-05-23","OUI","05","933987.91","6526418.74","6.01301","45.79721"
"74142","70518","GRAND ANNECY","HY02","PI","100","100",NULL," ","2.8","1.9","60","2023-05-23","OUI","05","933786.18","6526475.58","6.01044","45.79779"
"74142","70523","GRAND ANNECY","HY03","PI","100","100",NULL," ","4.5","2.7","60","2023-05-23","OUI","05","933987.12","6526535.95","6.01305","45.79827"
"74142","70526","GRAND ANNECY","HY04","PI","100","100",NULL," ","5","2.4","60","2023-05-23","OUI","05","934154.70","6526480.24","6.01518","45.79771"
"74142","70520","GRAND ANNECY","HY05","PI","65","60",NULL," ","8.6","1","34","2023-05-23","OUI","05","934354.96","6526657.35","6.01784","45.79923"
"74142","70521","GRAND ANNECY","HY06","PI","65","60",NULL," ","3.8","1","9","2023-05-23","OUI","05","934583.47","6526665.41","6.02079","45.79923"
"74142","81111","GRAND ANNECY","HY07","PI","65","60",NULL," ","5.2","1","12","2023-05-23","OUI","05","934558.24","6526844.73","6.02055","45.80085"
"74142","70246","GRAND ANNECY","HY08","PI","100","100",NULL," ","6.2","2.2","60","2023-05-23","OUI","05","934339.60","6526305.87","6.01747","45.79607"
"74142","82198","GRAND ANNECY","HY09","PI","65","60",NULL," ","7","1","33","2023-05-23","OUI","05","934909.56","6526276.01","6.02479","45.79561"
"74142","70249","GRAND ANNECY","HY10","PI","65","60",NULL," ","10.7","1","26","2023-05-23","OUI","05","934622.61","6525698.26","6.02082","45.79051"
"74142","70522","GRAND ANNECY","HY11","PI","100","100",NULL,"ROUTE DES BAUGES","4.4","3.2","60","2023-05-23","OUI","05","933945.68","6526182.80","6.01235","45.79510"
"74142","70207","GRAND ANNECY","HY12","PI","100","60",NULL," ","6.5","1","23","2023-05-22","OUI","05","933912.65","6525604.69","6.01164","45.78991"
"74142","70209","GRAND ANNECY","HY13","PI","100","125","2020-03-05","ROUTE DE MOLNAZ","8","1","23","2023-05-22","OUI","01","934976.54","6525121.85","6.02508","45.78520"
"74142","70206","GRAND ANNECY","HY14","PI","100","100",NULL," ","4.4","1.2","61","2023-05-22","OUI","05","934611.07","6524939.40","6.02029","45.78368"
"74142","70248","GRAND ANNECY","HY15","PI","100","100",NULL," ","9.9","1","38","2023-05-22","OUI","01","934451.03","6525089.75","6.01831","45.78509"
"74142","70208","GRAND ANNECY","HY16","PI","65","100",NULL," ","8.6","1","20","2023-05-22","OUI","05","934327.24","6524982.27","6.01666","45.78417"
"74142","70210","GRAND ANNECY","HY17","PI","65",NULL,NULL," ","10","1","20","2023-05-22","OUI","05","934259.99","6524606.54","6.01562","45.78081"
"74142","77889","GRAND ANNECY","HY18","PI","65",NULL,NULL," ","9.4","1","17","2023-05-22","OUI","05","934283.59","6524198.98","6.01572","45.77713"
"74142","70247","GRAND ANNECY","HY19","PI","65","60",NULL," ","6.6","1","17","2023-05-22","OUI","05","933962.82","6525215.41","6.01209","45.78639"
"74142","70205","GRAND ANNECY","HY20","PI","100","100",NULL," ","6.1","1","54","2023-05-22","OUI","05","934087.02","6525039.67","6.01360","45.78477"
"74142","81266","GRAND ANNECY","HY21","PI","100","100",NULL," ","10.3","3.4","60","2023-05-22","OUI","05","933948.98","6524903.14","6.01176","45.78359"
"74142","70336","GRAND ANNECY","HY23","PI","65",NULL,NULL," ","6.8","1","19","2023-05-22","OUI","05","933866.62","6524494.44","6.01050","45.77994"
"74142","70251","GRAND ANNECY","HY24","PI","65","100",NULL,"ROUTE DE BOCQUERAT","5.8","1","22","2023-05-22","OUI","01","933858.10","6524315.70","6.01030","45.77833"
"74142","70250","GRAND ANNECY","HY25","PI","100","100",NULL," ","6.1","1","14","2023-05-22","OUI","05","933846.65","6524250.04","6.01012","45.77774"
"74142","70519","GRAND ANNECY","HY26","PI","65","100","2010-01-01","CHEMIN DU FOUR","5.6","1","23","2023-05-22","OUI","05","933743.97","6524283.18","6.00882","45.77808"
"74142","70528","GRAND ANNECY","HY27","PI","100","100",NULL," ","4.9","1","60","2023-05-23","OUI","05","933543.94","6525057.09","6.00663","45.78511"
"74142","82209","GRAND ANNECY","HY28","PI","65","60",NULL," ","1.4","1","12","2023-05-23","OUI","05","933245.87","6525223.99","6.00288","45.78671"
"74142","70529","GRAND ANNECY","HY29","PI","100","100",NULL," ","2.7","1","55","2023-05-23","OUI","05","933130.29","6525472.53","6.00151","45.78899"
"74142","70530","GRAND ANNECY","HY30","PI","100","100",NULL," ","3.5","1","54","2023-05-23","OUI","05","933124.47","6525749.43","6.00157","45.79148"
"74142","70531","GRAND ANNECY","HY31","PI","100","60",NULL," ","5.4","1","57","2023-05-23","OUI","05","933409.94","6526004.72","6.00537","45.79368"
"74142","70602","GRAND ANNECY","HY32","PI","100","125","2020-01-09","ROUTE DES MONTS","7.8","1.7","60","2023-05-23","OUI","01","933718.14","6526166.80","6.00941","45.79504"
"74142","79669","GRAND ANNECY","HY32BIS","PI","100","100",NULL," ","9","1","35","2023-05-23","OUI","05","933878.91","6526269.04","6.01153","45.79590"
"74142","70527","GRAND ANNECY","HY33","PI","65","80",NULL,"ROUTE DES FRASSES","3","1","25","2023-05-23","OUI","05","932424.41","6525876.06","5.99263","45.79286"
"74142","70524","GRAND ANNECY","HY34","PI","100","100","2019-04-16","CHEMIN DES PEUPLIERS","3.4","1","39","2023-05-23","OUI","01","932509.22","6526136.04","5.99385","45.79517"
"74142","70532","GRAND ANNECY","HY35","PI","65",NULL,NULL," ","4.6","1","31","2023-05-23","OUI","05","932381.64","6526407.28","5.99234","45.79766"
"74142","70525","GRAND ANNECY","HY36","PI","65","60",NULL," ","5.2","1","17","2023-05-23","OUI","01","932398.29","6526708.90","5.99270","45.80037"
"74142","82208","GRAND ANNECY","HY37","PI","100","60",NULL," ","7.2","1","18","2023-05-23","OUI","05","932903.11","6526514.84","5.99910","45.79845"
"74142","6282270","GRAND ANNECY","HY37BIS","PI","100","100","2019-04-24","ROUTE DE CHEZ VOISIN","6.7","1","22","2023-05-23","OUI","01","932899.40","6526006.09","5.99880","45.79387"
"74142","77890","GRAND ANNECY","HY38","PI","100","100",NULL," ","4.2","1.7","60","2023-05-23","OUI","05","933472.12","6526895.96","6.00660","45.80168"
"74142","79668","GRAND ANNECY","HY39","PI","100","100",NULL," ","4.6","2.8","60","2023-05-23","OUI","05","934066.77","6526337.28","6.01398","45.79645"
"74142","6281473","GRAND ANNECY","HY40","PI","100","100",NULL," ","5.5","2","60","2023-05-23","OUI","05","934269.66","6526382.22","6.01661","45.79679"
"74142","6281454","GRAND ANNECY","HY41","PI","100","100",NULL," ","4.1","3.2","60","2023-05-23","OUI","05","933889.54","6526546.61","6.01180","45.79839"
"74147",NULL,"GRAND ANNECY","LT02","PI","40",NULL,NULL," ","4.8","0","13","2009-06-01","OUI","05","948927.13","6527616.75","6.20580","45.80269"
"74147",NULL,"GRAND ANNECY","LT03","PI","40","60",NULL," ","5.7","0","25","2009-06-01","OUI","05","948899.89","6527548.00","6.20541","45.80209"
"74147",NULL,"GRAND ANNECY","LT04","PI","100",NULL,NULL," ","6.2","2.8","60","2022-04-11","OUI","05","948774.38","6527627.37","6.20384","45.80285"
"74147",NULL,"GRAND ANNECY","LT05","PI","100","100",NULL," ","5.5","2.3","60","2022-04-11","OUI","01","948774.64","6527767.85","6.20391","45.80411"
"74147",NULL,"GRAND ANNECY","LT06","PI","100","100",NULL," ","6.1","2.6","60","2022-04-11","OUI","05","948701.93","6527518.39","6.20285","45.80189"
"74147",NULL,"GRAND ANNECY","LT07","PI","40","60",NULL," ","5.2","0","14","2009-06-01","OUI","05","948652.82","6527427.05","6.20217","45.80109"
"74147",NULL,"GRAND ANNECY","LT08","PI","100",NULL,NULL," ","6.2","2.9","60","2022-04-11","OUI","05","948755.59","6527466.09","6.20351","45.80140"
"74147",NULL,"GRAND ANNECY","LT09","PI","100",NULL,NULL," ","6.5","3.1","60","2022-04-11","OUI","05","948879.82","6527316.54","6.20503","45.80001"
"74147",NULL,"GRAND ANNECY","LT10","PI","100","60","2024-04-03"," ",NULL,NULL,NULL,NULL,"OUI","01","949079.96","6527333.51","6.20761","45.80009"
"74147",NULL,"GRAND ANNECY","LT11","PI","100",NULL,NULL," ","7","3.2","60","2022-04-11","OUI","05","949010.73","6527197.36","6.20665","45.79889"
"74147",NULL,"GRAND ANNECY","LT13","PI","100","100",NULL," ","8.1","3.6","60","2022-04-11","OUI","05","949160.81","6527172.73","6.20857","45.79861"
"74147",NULL,"GRAND ANNECY","LT14","PI",NULL,NULL,NULL," ","7.6","2.3","60","2022-04-11","OUI","05","949026.51","6526954.26","6.20673","45.79670"
"74147",NULL,"GRAND ANNECY","LT15","PI","100",NULL,NULL," ","6.1","3","60","2022-04-11","OUI","05","948935.36","6527085.57","6.20562","45.79791"
"74147",NULL,"GRAND ANNECY","LT16","PI","100",NULL,NULL," ","6.7","3.5","60","2022-10-26","OUI","05","948965.47","6526766.51","6.20584","45.79503"
"74147",NULL,"GRAND ANNECY","LT17","PI","100",NULL,NULL," ",NULL,NULL,NULL,NULL,"OUI","05","948776.35","6526157.81","6.20309","45.78962"
"74147",NULL,"GRAND ANNECY","LT18","PI",NULL,"60",NULL," ",NULL,NULL,NULL,NULL,"OUI","05","948683.78","6526174.25","6.20191","45.78980"
"74147",NULL,"GRAND ANNECY","LT20","PI","100",NULL,NULL," ","7.1","4.6","60","2022-10-26","OUI","05","948797.33","6525974.76","6.20327","45.78797"
"74147",NULL,"GRAND ANNECY","LT21","PI","100","40",NULL," ","7.1","5.9","60","2022-10-26","OUI","01","948785.25","6525891.81","6.20307","45.78723"
"74147",NULL,"GRAND ANNECY","LT22","PI","100",NULL,NULL," ","5.5",NULL,NULL,"2022-11-02","OUI","05","948832.46","6525822.95","6.20364","45.78659"
"74147",NULL,"GRAND ANNECY","LT23","PI","100",NULL,NULL," ","7.4","5.9","60","2022-11-02","OUI","05","948932.75","6525621.58","6.20483","45.78474"
"74147",NULL,"GRAND ANNECY","LT24","PI","100","100",NULL," ","8.2","6.9","60","2022-11-02","OUI","01","949035.42","6525674.31","6.20617","45.78518"
"74147",NULL,"GRAND ANNECY","LT25","PI","100","100",NULL," ","8.4","6.8","60","2022-11-02","OUI","05","949191.68","6525727.87","6.20821","45.78560"
"74147",NULL,"GRAND ANNECY","LT26","PI","100",NULL,NULL," ","9.2","6.8","60","2022-11-02","OUI","05","949381.41","6526081.89","6.21084","45.78872"
"74147",NULL,"GRAND ANNECY","LT27","PI","100",NULL,NULL," ","9.2","6.6","60","2022-11-02","OUI","05","949358.73","6526014.82","6.21051","45.78812"
"74147",NULL,"GRAND ANNECY","LT28","PI","65","65",NULL," ","4.3","1","20","2022-10-26","OUI","01","948604.85","6525585.04","6.20059","45.78453"
"74147",NULL,"GRAND ANNECY","LT29","PI","100","100",NULL," ","5.4","2.5","60","2022-10-26","OUI","01","948781.61","6525595.00","6.20287","45.78456"
"74147",NULL,"GRAND ANNECY","LT32","PI","100","100",NULL," ","5.6","4.6","60","2022-11-02","OUI","05","948811.89","6525274.27","6.20309","45.78166"
"74147",NULL,"GRAND ANNECY","LT33","PI","100","100",NULL," ","7.1","6.1","60","2022-10-26","OUI","05","949033.03","6525379.76","6.20599","45.78253"
"74147",NULL,"GRAND ANNECY","LT34","PI","100",NULL,NULL," ","5.7","3.9","60","2022-11-02","OUI","05","948958.20","6525147.38","6.20491","45.78046"
"74147",NULL,"GRAND ANNECY","LT35","PI","100","100",NULL," ","5.5","5","60","2022-11-02","OUI","05","948498.74","6525280.53","6.19907","45.78183"
"74147",NULL,"GRAND ANNECY","LT36","PI","100",NULL,NULL," ","4.1","3.1","60","2022-11-02","OUI","05","948667.60","6525310.64","6.20125","45.78204"
"74147",NULL,"GRAND ANNECY","LT37","PI","100","100",NULL," ","4.2","2.9","60","2022-11-02","OUI","05","948667.90","6525473.08","6.20134","45.78350"
"74147",NULL,"GRAND ANNECY","LT38","PI","100","100",NULL," ","6.3","3.2","60","2022-11-02","OUI","01","948596.48","6525079.23","6.20022","45.77998"
"74147",NULL,"GRAND ANNECY","LT39","PI","100",NULL,NULL," ","5.4","3.8","60","2022-11-03","OUI","05","948779.79","6525182.48","6.20263","45.78085"
"74147",NULL,"GRAND ANNECY","LT40","PI","100",NULL,NULL," ","5.1","3.2","60","2022-11-03","OUI","05","948791.99","6525094.71","6.20274","45.78005"
"74147",NULL,"GRAND ANNECY","LT41","PI","100",NULL,NULL," ","4.4","1.7","60","2022-11-03","OUI","05","948811.70","6524895.01","6.20289","45.77825"
"74147",NULL,"GRAND ANNECY","LT42","PI","100","100",NULL," ","4.2","1","55","2022-11-03","OUI","05","948826.25","6524783.54","6.20302","45.77724"
"74147",NULL,"GRAND ANNECY","LT43","PI","40","60",NULL," ",NULL,NULL,NULL,NULL,"OUI","05","948667.97","6524581.12","6.20088","45.77548"
"74147",NULL,"GRAND ANNECY","LT44","PI",NULL,"60",NULL," ",NULL,NULL,NULL,NULL,"OUI","05","949016.40","6524648.78","6.20539","45.77596"
"74147",NULL,"GRAND ANNECY","LT45","PI","100","100",NULL," ","5.2","1.4","60","2022-11-03","OUI","05","948632.07","6524447.71","6.20035","45.77429"
"74147",NULL,"GRAND ANNECY","LT46","PI","100",NULL,NULL," ","3.4","1","60","2022-11-03","OUI","05","948614.42","6524200.97","6.19999","45.77207"
"74147",NULL,"GRAND ANNECY","LT47","PI","100",NULL,NULL," ","4.8","1","29","2022-11-03","OUI","05","948351.26","6523652.74","6.19632","45.76724"
"74147",NULL,"GRAND ANNECY","LT49","PI","100","100",NULL," ","5.3","1","36","2022-11-03","OUI","05","948303.47","6523522.42","6.19564","45.76608"
"74147",NULL,"GRAND ANNECY","LT50","PI","40","60",NULL," ",NULL,NULL,NULL,NULL,"OUI","05","948440.29","6523563.50","6.19742","45.76640"
"74147",NULL,"GRAND ANNECY","LT51","PI","40","60",NULL," ",NULL,NULL,NULL,NULL,"OUI","05","948231.50","6523435.26","6.19467","45.76532"
"74147",NULL,"GRAND ANNECY","LT52","PI","100",NULL,NULL," ","7.7","5.4","60","2022-10-26","OUI","05","948886.50","6525898.98","6.20438","45.78725"
"74147",NULL,"GRAND ANNECY","LT53","PI","100","100",NULL," ","7.7","5.5","60","2022-11-02","OUI","05","948873.45","6525789.55","6.20415","45.78627"
"74147",NULL,"GRAND ANNECY","LT54","PI","100",NULL,NULL," ","8.4","6.5","60","2022-11-02","OUI","05","949128.20","6525624.89","6.20734","45.78470"
"74147",NULL,"GRAND ANNECY","LT55","PI","100","100",NULL," ","6.7","5.5","60","2022-11-03","OUI","05","948882.58","6525391.20","6.20406","45.78269"
"74147",NULL,"GRAND ANNECY","LT56","PI","40",NULL,NULL," ",NULL,NULL,NULL,NULL,"OUI","05","948922.88","6524538.96","6.20413","45.77500"
"74147",NULL,"GRAND ANNECY","LT57","PI","100","100",NULL," ","9.1","6.1","60","2022-11-02","OUI","05","949320.63","6525902.15","6.20996","45.78712"
"74148","68178","GRAND ANNECY","LES03","PI","65","60",NULL," ","6.1","1","28","2023-05-31","OUI","01","942992.68","6525110.74","6.12817","45.78229"
"74148","68180","GRAND ANNECY","LES04","PI","65","60",NULL," ","6","1","41","2019-11-05","OUI","01","942882.72","6524267.41","6.12633","45.77474"
"74148","68839","GRAND ANNECY","LES05","PI","100",NULL,NULL," ","4.7","3","60","2023-05-31","OUI","01","942816.70","6524082.72","6.12539","45.77310"
"74148","68840","GRAND ANNECY","LES06","PI","65",NULL,NULL," ","6.6","1.4","60","2023-05-30","OUI","01","943032.69","6524187.51","6.12822","45.77397"
"74148","67692","GRAND ANNECY","LES07","PI","100","125","2019-12-10","ROUTE DE BELLEVUE","4.4","2.6","60","2023-05-30","OUI","01","942892.44","6524088.49","6.12636","45.77313"
"74148","68841","GRAND ANNECY","LES08","PI","100",NULL,NULL,"ROUTE DU COL DE LESCHAUX","9.8","5.7","60","2023-05-24","OUI","01","943325.32","6523982.14","6.13187","45.77201"
"74148","68842","GRAND ANNECY","LES09","PI","100","125","2023-11-14","ROUTE DE LA CHAPELLE","8.6","5.6","60","2024-04-11","OUI","01","943470.78","6523790.01","6.13365","45.77023"
"74148",NULL,"GRAND ANNECY","LES09BIS","PI","100","125","2023-11-14","ROUTE DE LA CHAPELLE","5.8","3.5","60","2024-04-08","OUI","01","943951.01","6523735.22","6.13979","45.76957"
"74148","81878","GRAND ANNECY","LES10","PI","100",NULL,NULL,"ROUTE DES BAUGES","6.1","3.9","60","2023-05-30","OUI","10","943183.30","6523795.24","6.12995","45.77038"
"74148","68923","GRAND ANNECY","LES11","PI","100","125","2015-01-01","ROUTE DE L EGLISE","5","3","60","2023-05-30","OUI","01","942755.53","6523834.28","6.12447","45.77089"
"74148","79185","GRAND ANNECY","LES12","PI","100","125","2012-01-01","ROUTE DE L EGLISE","4.8","2","60","2023-05-30","OUI","01","942601.57","6523568.39","6.12236","45.76855"
"74148","68922","GRAND ANNECY","LES13","PI","100",NULL,NULL," ","5.8","1","25","2023-05-31","OUI","01","942513.38","6523453.64","6.12117","45.76755"
"74148","68921","GRAND ANNECY","LES14","PI","100",NULL,NULL,"IMPASSE DU POMMIER","8.1","1","28","2023-05-31","OUI","01","942482.91","6523289.00","6.12069","45.76608"
"74148","68920","GRAND ANNECY","LES15","PI","100",NULL,NULL," ","8.2","1","55","2023-05-30","OUI","01","942670.58","6523077.33","6.12300","45.76411"
"74148","68844","GRAND ANNECY","LES16","PI","100",NULL,NULL," ","8.8","1","43","2023-05-30","OUI","01","942245.94","6522105.45","6.11704","45.75551"
"74148","68843","GRAND ANNECY","LES17","PI","65",NULL,NULL," ","4.9","1","17","2021-04-01","OUI","01","943055.87","6521984.62","6.12739","45.75414"
"74148","112273","GRAND ANNECY","LES18","PI","100",NULL,NULL," ","6","3.5","60","2023-05-30","OUI","01","942812.36","6523867.15","6.12522","45.77116"
"74148","6281421","GRAND ANNECY","LES19","PI","100","125","2012-06-01"," ","8.9","1","35","2023-05-24","OUI","01","943111.28","6525659.81","6.12998","45.78719"
"74165",NULL,"GRAND ANNECY","AC62","PI","100","100",NULL," ","5.6","4.5","60","2022-04-27","OUI","05","932710.15","6528943.11","5.99780","45.82036"
"74176","83397","GRAND ANNECY","MSB01","PI","100",NULL,NULL,"ROUTE DE LA CHAPELLE","2.5","1.7","60","2022-04-19","OUI","01","948723.22","6533568.90","6.20628","45.85632"
"74176","68963","GRAND ANNECY","MSB02","PI","100","75","2016-12-20","ALLEE DU CHATEAU","3.1","1.4","60","2022-04-19","OUI","01","948671.83","6533768.27","6.20573","45.85814"
"74176","69251","GRAND ANNECY","MSB03","PI","100","100",NULL,"SENTIER DE MARCORAN","1.8","1","50","2022-04-19","OUI","01","948722.63","6533772.80","6.20638","45.85816"
"74176","68957","GRAND ANNECY","MSB04","PI","100","100",NULL,"ROUTE DE RAMPONNET","3.5","2.6","60","2022-04-19","OUI","01","948634.90","6533696.42","6.20521","45.85750"
"74176","75872","GRAND ANNECY","MSB05","PI","100","100",NULL,"CHEMIN DES DENTS DE LANFON","4.2","3.1","60","2022-04-19","OUI","01","948501.78","6533601.63","6.20345","45.85670"
"74176","69250","GRAND ANNECY","MSB06","PI","100","100",NULL,"VULLY (ALLEE DE LA)","3","1","60","2020-05-26","OUI","01","948593.30","6533832.84","6.20475","45.85875"
"74176","82512","GRAND ANNECY","MSB07","PI","100","100",NULL,"ROUTE DE RAMPONNET","5.2","4.2","60","2022-04-19","OUI","01","948346.11","6533784.24","6.20154","45.85840"
"74176","69249","GRAND ANNECY","MSB08","PI","100",NULL,NULL,"IMPASSE DES BOTTIERES","5.3","1","37","2022-04-19","OUI","01","948346.41","6533684.62","6.20149","45.85750"
"74176","75602","GRAND ANNECY","MSB09","PI","100","60",NULL,"ROUTE DE RAMPONNET","7.2","1","36","2022-04-14","OUI","01","948096.43","6533903.73","6.19839","45.85956"
"74176","68487","GRAND ANNECY","MSB10","PI","100","100",NULL,"ROUTE DE RAMPONNET","8","1","35","2022-04-14","OUI","05","947976.74","6533949.33","6.19687","45.86002"
"74176","69348","GRAND ANNECY","MSB11","PI","100","125",NULL,"ROUTE DES COTES","6.6","5","60","2022-04-14","OUI","01","948358.79","6534021.65","6.20183","45.86053"
"74176","6281710","GRAND ANNECY","MSB12","PI","100","100",NULL,"ALLEE DU CLOS CHEVALIER","7.1","5.2","60","2022-04-14","OUI","05","948219.71","6534109.63","6.20008","45.86137"
"74176","81088","GRAND ANNECY","MSB13","PI","100","100",NULL,"ROUTE DES MOULINS","6.6","4.3","60","2022-04-14","OUI","01","948141.97","6534208.94","6.19913","45.86229"
"74176","69342","GRAND ANNECY","MSB14","PI","100","100",NULL,"ROUTE DES COTES","6.2","4.6","60","2022-04-19","OUI","01","948200.07","6534322.77","6.19994","45.86330"
"74176","69340","GRAND ANNECY","MSB15","PI","100",NULL,NULL,"CHEMIN DE L ARETE","4.3","1.3","30","2023-07-26","OUI","01","948153.88","6534438.03","6.19941","45.86435"
"74176","74181","GRAND ANNECY","MSB16","PI","100",NULL,NULL,"CHEMIN DE L ARETE","5.6","1","30","2023-07-26","OUI","01","948009.43","6534450.67","6.19755","45.86452"
"74176","69339","GRAND ANNECY","MSB17","PI","100",NULL,NULL,"CHEMIN DE L ARETE","7","4.6","30","2023-07-26","OUI","01","947773.98","6534544.04","6.19457","45.86544"
"74176","69338","GRAND ANNECY","MSB18","PI","100","100",NULL,"CHEMIN DE L ARETE","7.3","5.3","60","2023-07-26","OUI","01","947544.51","6534637.87","6.19166","45.86637"
"74176","69341","GRAND ANNECY","MSB19","PI","100","80",NULL,"CHEMIN DU BIOLLON","5.8","2","30","2023-07-26","OUI","01","948150.62","6534312.75","6.19930","45.86322"
"74176","75948","GRAND ANNECY","MSB20","PI","100",NULL,NULL,"ROUTE DU CLOS DON JEAN","6.5","0.6","30","2023-07-26","OUI","01","947973.95","6534252.34","6.19699","45.86275"
"74176","75949","GRAND ANNECY","MSB21","PI","65",NULL,NULL,"ROUTE DU CLOS DON JEAN","3.3","1","13","2023-07-26","OUI","01","947826.92","6534186.60","6.19506","45.86221"
"74176","67585","GRAND ANNECY","MSB22","PI","100",NULL,NULL,"ROUTE DU CLOS DON JEAN","4.1","1","48","2023-07-27","OUI","01","947721.42","6534230.43","6.19373","45.86264"
"74176","69337","GRAND ANNECY","MSB23","PI","100","100",NULL,"CHEMIN DES PLANTEES","10","7.7","60","2023-07-26","OUI","01","947430.14","6534599.37","6.19017","45.86607"
"74176","67586","GRAND ANNECY","MSB24","PI","100","100",NULL,"CHEMIN DES PLANTEES","5","2.5","60","2023-07-26","OUI","01","947489.72","6534438.30","6.19085","45.86460"
"74176","69347","GRAND ANNECY","MSB25","PI","100",NULL,NULL,"CHEMIN DE BEAUREGARD","3.8","1","49","2023-07-26","OUI","01","947667.22","6534422.18","6.19313","45.86439"
"74176","68422","GRAND ANNECY","MSB26","PI","100","100",NULL,"ROUTE DES MOULINS","3.4","1","56","2023-07-26","OUI","01","947980.11","6534021.24","6.19695","45.86066"
"74176","68964","GRAND ANNECY","MSB27","PI","100","100",NULL,"PLACE DES CHOSEAUX","8.3","7.2","60","2022-04-20","OUI","01","948015.39","6533724.85","6.19725","45.85798"
"74176","69350","GRAND ANNECY","MSB28","PI","100","100","2022-02-07","RUE SAINT BERNARD","4","1.2","60","2023-07-26","OUI","01","947973.50","6533790.77","6.19674","45.85859"
"74176","69351","GRAND ANNECY","MSB29","PI","100","100","2007-01-01","RUE SAINT BERNARD","3.8","1","62","2023-07-26","OUI","01","947918.29","6533887.79","6.19608","45.85949"
"74176","69353","GRAND ANNECY","MSB31","PI","100","100",NULL,"RUE SAINT BERNARD","3.9","1.8","60","2023-07-26","OUI","01","947838.12","6533996.70","6.19511","45.86050"
"74176",NULL,"GRAND ANNECY","MSB32","PI","100","100","2021-10-01","RUE SAINT BERNARD","6.9","2.5","60","2022-04-20","OUI","01","947609.52","6534078.76","6.19221","45.86132"
"74176","82511","GRAND ANNECY","MSB33","PI","100","100",NULL,"ROUTE D ANNECY","6.8","3.2","60","2022-04-15","OUI","01","947471.55","6534274.90","6.19053","45.86313"
"74176","75598","GRAND ANNECY","MSB34","PI","100","100",NULL,"ROUTE D ANNECY","7.1","3.2","60","2022-04-15","OUI","01","947399.94","6534370.91","6.18966","45.86402"
"74176","76805","GRAND ANNECY","MSB35","PI","100","100",NULL,"ROUTE D ANNECY","6.3","2.6","60","2022-04-15","OUI","01","947277.27","6534527.66","6.18816","45.86548"
"74176","68960","GRAND ANNECY","MSB36","PI","100","100","2015-01-23","ROUTE DE TALLOIRES","6.6","3.9","60","2022-04-19","OUI","01","948102.63","6533438.13","6.19822","45.85537"
"74176","68961","GRAND ANNECY","MSB37","PI","100","100","2016-12-09","CHEMIN DES TRAPPES","6.2","4.4","60","2022-04-19","OUI","01","948189.57","6533639.15","6.19945","45.85715"
"74176","75603","GRAND ANNECY","MSB38","PI","100","100",NULL,"CHEMIN DU MONT BARET","5.2","2.6","60","2022-04-15","OUI","05","948334.55","6533605.68","6.20130","45.85680"
"74176","68962","GRAND ANNECY","MSB39","PI","100","100",NULL,"CHEMIN DU CRET MARTIN","8.6","7.1","60","2022-04-21","OUI","01","947932.42","6533624.45","6.19613","45.85711"
"74176","68959","GRAND ANNECY","MSB40","PI","100","100","2011-06-01","CHEMIN DU CRET MARTIN","7.4","5.1","60","2022-04-21","OUI","01","947955.47","6533394.46","6.19631","45.85503"
"74176","75604","GRAND ANNECY","MSB41","PI","100","100","2011-06-01","CHEMIN DE LA SAVAUX","7.9","5.4","60","2022-04-21","OUI","01","947993.57","6533416.87","6.19681","45.85522"
"74176","68958","GRAND ANNECY","MSB42","PI","100","100",NULL,"CHEMIN DU ROC DE CHERE","8","2.6","60","2022-04-21","OUI","01","947689.96","6533439.78","6.19291","45.85554"
"74176","75601","GRAND ANNECY","MSB43","PI","100","100",NULL,"CHEMIN DU ROC DE CHERE","6.6","1","49","2022-04-21","OUI","01","947505.64","6533266.05","6.19045","45.85404"
"74176","69334","GRAND ANNECY","MSB44","PI","100","100",NULL,"ROUTE DES BAINS","8.3","5.5","60","2022-04-12","OUI","01","947733.86","6533607.42","6.19356","45.85703"
"74176","69335","GRAND ANNECY","MSB45","PI","100","100",NULL,"ROUTE DES BAINS","8.6","2.7","60","2022-04-12","OUI","01","947463.72","6533446.69","6.19000","45.85568"
"74176","69344","GRAND ANNECY","MSB46","PI","65","63","2021-05-06","PROMENADE DU VIEUX PORT","4.4","2","60","2023-07-27","OUI","01","947862.15","6533800.10","6.19532","45.85872"
"74176","69349","GRAND ANNECY","MSB47","PI","100","100","2007-01-01","ROUTE DU VIEUX PORT","6.8","2.2","60","2022-04-12","OUI","01","947767.52","6533796.11","6.19410","45.85872"
"74176","69345","GRAND ANNECY","MSB48","PI","100","100",NULL,"ALLEE DU BOUVERAT","8.1","2.6","60","2022-04-12","OUI","01","947581.41","6533638.62","6.19162","45.85737"
"74176","69346","GRAND ANNECY","MSB49","PI","100","60",NULL,"ROUTE DU VIEUX PORT","8.3","2.5","60","2022-04-12","OUI","01","947496.67","6533696.05","6.19056","45.85791"
"74176","69258","GRAND ANNECY","MSB50","PI","100",NULL,NULL,"ROUTE DU VIEUX PORT","9","2.7","60","2022-04-12","OUI","01","947330.89","6533545.96","6.18834","45.85662"
"74176","75599","GRAND ANNECY","MSB51","PI","100","125","2022-12-09","ROUTE DU PORT","6.3","3.9","60","2023-07-26","OUI","01","947343.99","6533937.24","6.18871","45.86014"
"74176","69259","GRAND ANNECY","MSB52","PI","100","125","2022-12-09","ROUTE DU PORT","7.1","5.4","60","2023-07-26","OUI","01","947175.57","6533846.56","6.18650","45.85939"
"74176","69260","GRAND ANNECY","MSB53","PI","100","100",NULL,"ALLEE DES TENNIS","7.3","3.5","60","2022-04-14","OUI","01","947344.48","6534100.69","6.18881","45.86161"
"74176","69256","GRAND ANNECY","MSB54","PI","100","100",NULL,"ALLEE DU LAC","8.7","4.6","60","2022-04-14","OUI","01","947101.77","6534117.50","6.18569","45.86185"
"74176","69255","GRAND ANNECY","MSB55","PI","100","80",NULL,"PROMENADE PHILIBERT D ORLYE","8.8","2.2","60","2022-04-14","OUI","01","947148.43","6534381.46","6.18643","45.86421"
"74176","75945","GRAND ANNECY","MSB56","PI","100","100",NULL,"ROUTE DES PENOZ","8.7","3.6","60","2023-07-27","OUI","01","949052.57","6535447.12","6.21151","45.87310"
"74176","82625","GRAND ANNECY","MSB57","PI","100","100","1985-01-01","ROUTE DE THONES","8.8","4.4","60","2022-04-21","OUI","01","948802.72","6535135.35","6.20813","45.87039"
"74176","69254","GRAND ANNECY","MSB58","PI","100",NULL,NULL,"ROUTE DE THONES","11.1","4.2","60","2022-04-21","OUI","01","948418.58","6534790.11","6.20300","45.86742"
"74176","82626","GRAND ANNECY","MSB59","PI","65",NULL,"1953-01-01","ROUTE DE BARBANCHON","9.5","1","31","2022-04-21","OUI","01","949075.32","6535989.50","6.21209","45.87797"
"74176","75946","GRAND ANNECY","MSB60","PI","65","60","1975-01-01","ROUTE DES PENOZ","7.6","1","29","2022-04-21","OUI","01","948943.64","6535477.19","6.21012","45.87341"
"74176","75947","GRAND ANNECY","MSB61","PI","65",NULL,NULL,"ROUTE DES PENOZ","2.6","1","14","2022-04-21","OUI","01","948668.53","6535470.78","6.20657","45.87346"
"74176","69253","GRAND ANNECY","MSB62","PI","100","100","1987-10-22","ROUTE DU COL DE BLUFFY","16.2","11.5","60","2022-04-14","OUI","01","948715.18","6534712.77","6.20678","45.86662"
"74176","69257","GRAND ANNECY","MSB64","PI","100","80",NULL,"PROMENADE PHILIBERT D ORLYE","8.5","4","60","2022-04-14","OUI","01","947073.12","6533879.10","6.18520","45.85972"
"74176","76806","GRAND ANNECY","MSB65","PI","100",NULL,NULL,"ROUTE DE LA PLAGE","6.5","3.9","60","2023-07-26","OUI","01","947291.89","6534271.57","6.18822","45.86317"
"74176","75600","GRAND ANNECY","MSB66","PI","100",NULL,NULL,"ROUTE DES BAINS","6.8","2.7","60","2023-07-27","OUI","01","947410.22","6533353.02","6.18926","45.85486"
"74176","6281803","GRAND ANNECY","MSB67","PI","100",NULL,NULL,"CHEMIN DES TRAPPES","4.8","2.4","60","2022-04-15","OUI","01","948255.19","6533531.84","6.20024","45.85616"
"74176","75874","GRAND ANNECY","MSB68","PI","100","60",NULL,"ROUTE DE RAMPONNET","6.6","1","42","2022-04-14","OUI","01","948192.36","6533906.33","6.19962","45.85955"
"74176","82298","GRAND ANNECY","MSB69","PI","100",NULL,NULL,"CHEMIN DES GUERRES","5","1","57","2023-07-26","OUI","01","947315.07","6534406.43","6.18859","45.86437"
"74176","74180","GRAND ANNECY","MSB70","PI","100","100",NULL,"ROUTE DU COL DE BLUFFY","5.6","3.6","60","2022-04-14","OUI","01","948267.05","6534488.91","6.20089","45.86477"
"74176","6281801","GRAND ANNECY","MSB71","PI","100","100",NULL,"RUE SAINT BERNARD","3.8","1","43","2023-07-27","OUI","01","947987.76","6533870.48","6.19697","45.85931"
"74176","6281800","GRAND ANNECY","MSB72","PI","100","100","2007-01-01","ALLEE HIPPOLYTE TAINE","5.6","1.4","60","2022-04-20","OUI","01","947802.44","6533858.03","6.19458","45.85926"
"74186","80188","GRAND ANNECY","CH42","PI",NULL,"125","2014-10-15","ROUTE DE CHAVANOD","4.4","2.2","60","2017-08-28","OUI","01","935977.80","6534241.09","6.04248","45.86691"
"74186","66512","GRAND ANNECY","ML01","PI","100","100",NULL,"CHEMIN DES LANCHES","5","3","60","2020-06-08","OUI","01","935631.25","6533566.59","6.03768","45.86096"
"74186","66513","GRAND ANNECY","ML02","PI","100","100","1992-01-01","CHEMIN DES LANCHES","5","4","60","2020-06-08","OUI","01","935816.44","6533627.40","6.04010","45.86145"
"74186","81734","GRAND ANNECY","ML03","PI","100",NULL,"1970-01-01","ROUTE DU CRET","5","1","60","2020-06-08","OUI","01","935598.96","6533913.00","6.03744","45.86409"
"74186","74161","GRAND ANNECY","ML04","PI","100",NULL,"2000-01-01","ROUTE DU CRET","5","1","60","2020-06-08","OUI","01","935568.04","6534074.34","6.03712","45.86555"
"74186","80851","GRAND ANNECY","ML05","PI","100","100",NULL,"ROUTE DU CRET","6","5","60","2020-06-08","OUI","01","935939.02","6533583.93","6.04166","45.86101"
"74186","79321","GRAND ANNECY","ML06","PI","100",NULL,NULL,"ROUTE DE CHAPEIRY","7","6","60","2020-06-08","OUI","01","936044.79","6533556.26","6.04301","45.86073"
"74186","65787","GRAND ANNECY","ML07","PI","100","100","2004-07-22","ROUTE DE CHAPEIRY","6","4","60","2020-06-08","OUI","01","935880.97","6533394.47","6.04082","45.85933"
"74186","66069","GRAND ANNECY","ML08","PI","100","125",NULL,"ROUTE DE LETRAZ","7","4","60","2020-06-08","OUI","01","936034.85","6533793.64","6.04300","45.86287"
"74186","83036","GRAND ANNECY","ML09","PI","100","100","2000-01-01","N°170 DITE ROUTE DE CHAVANOD (CHEMIN DEPARTEMENTAL)","8","5","60","2020-06-09","OUI","01","936183.59","6533748.11","6.04489","45.86240"
"74186","76821","GRAND ANNECY","ML09BIS","PI","100","100","2005-01-01","ROUTE DE CHAVANOD","9","4","60","2020-06-09","OUI","01","936170.00","6533921.98","6.04480","45.86397"
"74186","6281494","GRAND ANNECY","ML09TER","PI","100","110","2018-03-26","ROUTE DE CHAVANOD","8","4","60","2020-06-11","OUI","01","936224.31","6533791.52","6.04543","45.86278"
"74186","66068","GRAND ANNECY","ML10","PI","100","110",NULL,"ROUTE D ANNECY","7","5","60","2020-06-09","OUI","01","936144.21","6533557.25","6.04429","45.86070"
"74186","67482","GRAND ANNECY","ML11","PI","100","100","2005-12-01","PASSAGE DES ECOLIERS","7","5","60","2020-06-09","OUI","01","936247.63","6533651.30","6.04567","45.86151"
"74186","66067","GRAND ANNECY","ML12","PI","100","100","1995-01-01","N°6 DE CHAPEIRY A LA VC N°4 (VOIE COMMUNALE)","3","2","60","2020-06-09","OUI","01","936092.35","6533305.84","6.04349","45.85846"
"74186","75511","GRAND ANNECY","ML13","PI","100",NULL,NULL,"ALLEE DES FRENES","3","1","60","2020-06-09","OUI","01","936044.15","6533252.44","6.04285","45.85799"
"74186","75510","GRAND ANNECY","ML14","PI","100","100","1998-01-01","ALLEE DU CHENE","4","1","60","2020-06-09","OUI","01","936159.15","6533277.02","6.04434","45.85817"
"74186","66066","GRAND ANNECY","ML15","PI","80","100",NULL,"ROUTE DES GODES","5","1","56","2020-06-09","OUI","01","936251.13","6532945.69","6.04536","45.85516"
"74186","66012","GRAND ANNECY","ML16","PI","65","70",NULL,"ROUTE DES GODES","6","1","27","2020-06-09","OUI","01","936319.63","6532747.76","6.04614","45.85336"
"74186","67483","GRAND ANNECY","ML17","PI","100","60",NULL,"MAIRIE (CHEMIN DE LA)","10","6","60","2020-06-09","OUI","01","936460.55","6533564.74","6.04836","45.86066"
"74186","82961","GRAND ANNECY","ML18","PI","100","100","1985-01-01","CHEMIN DE LA COMBAZ","5","1","54","2020-06-09","OUI","01","936645.71","6533711.05","6.05082","45.86191"
"74186","66450","GRAND ANNECY","ML19","PI","100","100",NULL,"ROUTE DE LA VIDOME","6","1","60","2020-06-10","OUI","01","936750.96","6533639.05","6.05214","45.86123"
"74186","66452","GRAND ANNECY","ML20","PI","100","100",NULL,"ROUTE D ANNECY","6","1","54","2020-06-10","OUI","01","936730.80","6533580.24","6.05185","45.86070"
"74186","66457","GRAND ANNECY","ML21","PI","100","100",NULL,"N°5 DU CHEF LIEU AUX CONFINS (VOIE COMMUNALE)","10","1","57","2020-06-10","OUI","01","937187.37","6534014.46","6.05795","45.86445"
"74186","81726","GRAND ANNECY","ML22","PI","100","100",NULL,"CHEMIN DE PERRIERE","6","1","54","2020-06-10","OUI","01","936793.88","6533461.98","6.05261","45.85962"
"74186","82108","GRAND ANNECY","ML22BIS","PI","100","100",NULL,"IMPASSE DE LA LIONNAZ","7","1","55","2020-06-10","OUI","01","936950.66","6533467.33","6.05463","45.85961"
"74186","75780","GRAND ANNECY","ML23","PI","100","100",NULL,"N°7 DITE CHEMIN DE LA CROIX (VOIE COMMUNALE)","6","1","51","2020-06-10","OUI","01","936804.16","6533536.41","6.05278","45.86028"
"74186","79811","GRAND ANNECY","ML23BIS","PI","100","100","2007-11-01","CHEMIN DES PRES RONDS","7","1","60","2020-06-10","OUI","01","936899.51","6533561.31","6.05402","45.86047"
"74186","88767","GRAND ANNECY","ML23TER","PI","100","100","2003-01-01","CHEMIN DES PRES RONDS","7","1","58","2020-06-11","OUI","05","936892.22","6533684.58","6.05398","45.86159"
"74186","66453","GRAND ANNECY","ML24","PI","100","100","1983-01-01","ROUTE DES VIGNES","6","1","50","2020-06-11","OUI","01","936872.17","6533270.07","6.05352","45.85786"
"74186","66454","GRAND ANNECY","ML25","PI","100","100","2012-05-04","ROUTE DES BOIS","6","1","43","2020-06-11","OUI","01","937290.72","6533166.23","6.05886","45.85678"
"74186","66455","GRAND ANNECY","ML26","PI","65","100",NULL,"ROUTE D AIX LES BAINS","6","1","23","2020-06-11","OUI","01","937526.74","6532687.66","6.06166","45.85239"
"74186","75781","GRAND ANNECY","ML28","PI","100","100","2012-05-04","ROUTE DES BOIS","6","1","40","2020-06-11","OUI","10","937397.89","6533263.56","6.06029","45.85762"
"74186","66451","GRAND ANNECY","ML29","PI","100","100","2004-07-27","ROUTE DE LA VIDOME","6","1","54","2020-06-11","OUI","01","936662.68","6533917.57","6.05114","45.86376"
"74186","67420","GRAND ANNECY","ML30","PI","100","100",NULL,"IMPASSE DES COTES","7","5","60","2020-06-11","OUI","01","936294.68","6533770.06","6.04633","45.86256"
"74194","66551","GRAND ANNECY","MU01","PI","100","60","2018-01-01","CHEMIN CHEZ FAUGRE","8.5","1","20","2023-05-23","OUI","05","934911.23","6528220.04","6.02577","45.81310"
"74194","66554","GRAND ANNECY","MU05","PI","100","125","2018-01-01","CHEMIN DU GRAND CREUX","5.8","1.3","60","2023-05-23","OUI","01","935260.70","6527904.25","6.03011","45.81014"
"74194","79040","GRAND ANNECY","MU07","PI","100","125","2023-01-01","CHEMIN DES GRUYERES","5.6","1.7","60","2023-05-23","OUI","01","935344.66","6527418.79","6.03095","45.80574"
"74194","66555","GRAND ANNECY","MU08","PI","100","125","2023-01-01","CHEMIN DES GRUYERES","5.5","1.8","60","2023-05-23","OUI","01","935364.10","6527281.43","6.03114","45.80450"
"74194","66556","GRAND ANNECY","MU09","PI","100","100",NULL," ","5.5","2.3","60","2023-05-24","OUI","01","935551.82","6527280.85","6.03355","45.80443"
"74194","66558","GRAND ANNECY","MU11","PI","65","60",NULL," ","5.7","1","22","2023-05-24","OUI","05","936026.70","6528601.28","6.04031","45.81615"
"74194","65593","GRAND ANNECY","MU12","PI","100","100",NULL," ","5.55","1","29","2023-05-24","OUI","05","936082.41","6528982.85","6.04122","45.81956"
"74194","82882","GRAND ANNECY","MU13","PI","100","80",NULL," ","6","1","31","2023-05-24","OUI","05","936030.44","6528863.04","6.04049","45.81850"
"74194","6281455","GRAND ANNECY","MU15","PI","100","60",NULL," ","7","1","26","2023-05-24","OUI","05","935991.75","6528728.13","6.03993","45.81730"
"74194","82884","GRAND ANNECY","MU17","PI","65","80",NULL," ","6.2","1","36","2023-05-24","OUI","05","936557.13","6528718.38","6.04720","45.81702"
"74194","6281456","GRAND ANNECY","MU17BIS","PI","100","100",NULL," ","6.8","1","37","2023-05-24","OUI","05","936447.18","6528755.82","6.04580","45.81739"
"74194","80324","GRAND ANNECY","MU19","PI","100","80",NULL," ","5.7","1","38","2023-05-24","OUI","05","936628.19","6528625.68","6.04807","45.81616"
"74194","65654","GRAND ANNECY","MU20","PI","100","70",NULL," ","8.2","1","34","2023-05-24","OUI","05","935931.16","6528019.68","6.03880","45.81095"
"74194","79098","GRAND ANNECY","MU21","PI","100","90",NULL," ","5.6","1","36","2023-05-24","OUI","05","936228.39","6527986.21","6.04260","45.81054"
"74194","65655","GRAND ANNECY","MU22","PI","100","125","2018-02-21","CHEMIN CHEZ GUEDIN","6.3","1","47","2023-05-24","OUI","01","936568.78","6528009.99","6.04700","45.81064"
"74194","6281460","GRAND ANNECY","MU23","PI","100","100",NULL,"ROUTE DES RIPPES","8.6","1.4","6","2023-05-24","OUI","05","936140.83","6527379.73","6.04118","45.80511"
"74194","66058","GRAND ANNECY","MU24","PI","100","100",NULL,"CHEMIN DE CHAMP LENOT","6.2","1","49","2023-05-24","OUI","01","936395.62","6527600.76","6.04457","45.80702"
"74194","66059","GRAND ANNECY","MU25","PI","100","100",NULL," ","6.2","1","43","2023-05-24","OUI","01","936394.44","6527396.72","6.04445","45.80518"
"74194","66061","GRAND ANNECY","MU26","PI","100","100",NULL," ","6.8","1","45","2023-05-24","OUI","05","936998.72","6527115.73","6.05208","45.80244"
"74194","66060","GRAND ANNECY","MU27","PI","65","80",NULL," ","9.1","1","42","2023-05-24","OUI","05","936885.26","6526946.34","6.05054","45.80096"
"74194","80938","GRAND ANNECY","MU29","PI","100","60",NULL,"ROUTE DE CHESSY","4.8","1","20","2023-05-24","OUI","05","935870.69","6527623.36","6.03782","45.80740"
"74194","79099","GRAND ANNECY","MU30","PI","100","125",NULL,"ROUTE DE CHESSY","4.5","1","27","2023-05-24","OUI","05","935956.40","6527639.29","6.03893","45.80751"
"74194","81600","GRAND ANNECY","MU31","PI","100","100","2009-02-26"," ","3.8","3.3","60","2023-05-24","OUI","05","935952.72","6527489.93","6.03881","45.80617"
"74194","66136","GRAND ANNECY","MU32","PI","65","80",NULL," ","3.2","1.3","60","2023-05-24","OUI","05","935947.84","6527375.56","6.03869","45.80514"
"74194","66135","GRAND ANNECY","MU33","PI","100","100","2022-07-06"," ","3.6","2.8","60","2023-05-24","OUI","01","935822.79","6527357.10","6.03707","45.80502"
"74194","77745","GRAND ANNECY","MU35","PI","100","90",NULL," ","6.9","1","40","2023-05-24","OUI","01","935890.32","6527006.47","6.03777","45.80184"
"74194","66283","GRAND ANNECY","MU36","PI","100","90",NULL," ","6.8","1","45","2023-05-24","OUI","01","935911.04","6526826.50","6.03795","45.80022"
"74194","81661","GRAND ANNECY","MU37","PI","65","90",NULL," ","3.6","1","31","2023-05-24","OUI","05","935957.15","6526488.63","6.03837","45.79716"
"74194","66284","GRAND ANNECY","MU38","PI","100","100","2018-04-11","ROUTE DE LA VEISE","5.2","1","36","2023-05-24","OUI","01","935952.54","6526279.30","6.03821","45.79528"
"74194","66287","GRAND ANNECY","MU39","PI","65","60",NULL," ","7.4","1","21","2023-05-24","OUI","05","936051.77","6526021.40","6.03936","45.79292"
"74194","66285","GRAND ANNECY","MU41","PI","65","60",NULL," ","5.9","1","23","2023-05-24","OUI","05","936180.32","6526169.02","6.04109","45.79421"
"74194","66288","GRAND ANNECY","MU42","PI","65","60",NULL," ","6.05","1","29","2023-05-23","OUI","05","935818.50","6526328.65","6.03651","45.79577"
"74194","6281493","GRAND ANNECY","MU43","PI","65","60",NULL,"ROUTE D ALBY","6.9","1","30","2023-05-23","OUI","01","935758.91","6526500.33","6.03583","45.79733"
"74194","66290","GRAND ANNECY","MU44","PI","65","60",NULL," ","9","1","20","2023-05-23","OUI","05","935589.30","6526511.21","6.03365","45.79749"
"74194","81662","GRAND ANNECY","MU47","PI","100","125","2019-11-01","PLACE DE LA ROQUETTE","5.5","1","45","2023-05-23","OUI","01","935309.51","6526826.04","6.03021","45.80042"
"74194","6282143","GRAND ANNECY","MU49","PI","100","125","2019-11-01","ROUTE DES BALMETTES","5.3","1","46","2023-05-23","OUI","01","935375.57","6526893.21","6.03109","45.80100"
"74194","66294","GRAND ANNECY","MU50","PI","65","60",NULL,"CHEMIN DE COMBARE","5.45","1","37","2023-05-23","OUI","01","935403.34","6527051.63","6.03153","45.80242"
"74194","66295","GRAND ANNECY","MU51","PI","100","100",NULL,"ROUTE DES BALMETTES","5.3","1","47","2023-05-23","OUI","01","935474.00","6527002.10","6.03241","45.80195"
"74194","66297","GRAND ANNECY","MU53","PI","65","100",NULL," ","5.45","1.1","60","2023-05-23","OUI","01","935483.61","6527250.45","6.03266","45.80418"
"74198","80049","GRAND ANNECY","NP01","PI","100","100",NULL," ","8","3","60","2023-06-06","OUI","05","946224.53","6542136.61","6.17855","45.93432"
"74198","63235","GRAND ANNECY","NP02","PI","100","100",NULL,"ROUTE DU FIER","5","1","60","2023-06-06","OUI","01","946774.29","6541470.34","6.18529","45.92813"
"74198","63236","GRAND ANNECY","NP03","PI","100","100",NULL," ","5","1","60","2023-06-01","OUI","05","946797.88","6541990.28","6.18587","45.93280"
"74198","63237","GRAND ANNECY","NP04","PI","100","100",NULL," ","4","1","60","2023-06-01","OUI","05","946915.42","6541780.79","6.18727","45.93087"
"74198","63238","GRAND ANNECY","NP05","PI","100","100",NULL," ","5","1","60","2023-06-01","OUI","05","946918.43","6542000.15","6.18743","45.93284"
"74198","80769","GRAND ANNECY","NP06","PI","100","100",NULL,"ROUTE DES CREUSES","5.1","1","60","2023-06-01","OUI","01","947046.99","6541983.28","6.18908","45.93264"
"74198","63239","GRAND ANNECY","NP07","PI","100","100",NULL," ","6.7","1","60","2023-06-01","OUI","05","947069.54","6542118.52","6.18944","45.93385"
"74198","80050","GRAND ANNECY","NP08","PI","100","100",NULL," ","8","1","60","2023-06-01","OUI","05","947147.62","6542064.67","6.19042","45.93334"
"74198","63240","GRAND ANNECY","NP09","PI","100","100",NULL," ","8","1","60","2023-06-01","OUI","05","947294.59","6541928.70","6.19224","45.93206"
"74198","63241","GRAND ANNECY","NP10","PI","100","100",NULL," ","8.8","1","60","2023-06-01","OUI","05","947424.36","6541804.81","6.19385","45.93090"
"74198","63242","GRAND ANNECY","NP11","PI","100","100",NULL," ","6","1","35","2023-06-02","OUI","05","946933.69","6542273.57","6.18777","45.93530"
"74198","63243","GRAND ANNECY","NP12","PI","100","125",NULL," ","7.8","1","60","2023-06-02","OUI","01","947117.82","6542182.41","6.19009","45.93441"
"74198","78702","GRAND ANNECY","NP13","PI","100","100",NULL," ","6.5","1","60","2023-06-01","OUI","05","947222.69","6542078.62","6.19139","45.93344"
"74198","80051","GRAND ANNECY","NP14","PI","100","100",NULL," ","9","1","60","2023-05-24","OUI","05","947401.11","6542043.61","6.19367","45.93306"
"74198","64030","GRAND ANNECY","NP15","PI","100","100",NULL,"RUE DE LA FRUITIERE","7","1","60","2023-06-01","OUI","01","947426.61","6542179.90","6.19407","45.93427"
"74198","64031","GRAND ANNECY","NP16","PI","100","100",NULL," ","6.4","5.4","60","2023-06-01","OUI","05","947739.52","6542175.78","6.19811","45.93412"
"74198","63066","GRAND ANNECY","NP17","PI","100",NULL,NULL," ","7.8","6.8","60","2023-06-01","OUI","05","947600.85","6542315.31","6.19639","45.93543"
"74198","63067","GRAND ANNECY","NP18","PI","100","100",NULL," ","8","1.8","60","2023-05-24","OUI","05","947423.01","6542618.15","6.19426","45.93822"
"74198","63068","GRAND ANNECY","NP19","PI","100","100",NULL," ","6","1.2","60","2023-05-24","OUI","05","947533.53","6542777.67","6.19577","45.93961"
"74198","63682","GRAND ANNECY","NP20","PI","100","125",NULL," ","9","2","60","2023-05-24","OUI","05","947255.22","6542347.73","6.19195","45.93585"
"74198","63752","GRAND ANNECY","NP21","PI","100","100",NULL," ","6","2","60","2023-06-07","OUI","05","946744.35","6541824.25","6.18509","45.93132"
"74198","75681","GRAND ANNECY","NP22","PI","100","60",NULL," ","5.8","3.5","30","2023-06-01","OUI","05","947540.76","6542123.55","6.19552","45.93373"
"74198","78244","GRAND ANNECY","NP23","PI","100","100",NULL," ","4","1","60","2023-06-07","OUI","05","946868.70","6541883.87","6.18673","45.93181"
"74198","79967","GRAND ANNECY","NP24","PI","100","100",NULL," ","8","1","60","2023-06-07","OUI","05","946999.25","6542186.24","6.18857","45.93449"
"74198","113361","GRAND ANNECY","NP25","PI","100","100",NULL,"ROUTE DU FIER","8","1","60","2023-06-02","OUI","05","946863.72","6542169.16","6.18681","45.93438"
"74198","125237","GRAND ANNECY","NP26","PI","100","100","2016-04-01","ROUTE DU FIER","6","1","60","2023-06-07","OUI","01","946836.95","6541359.01","6.18604","45.92710"
"74212",NULL,"GRAND ANNECY","GL04","PI","100","100",NULL," ","95","4","60","2020-10-20","OUI","05","959247.07","6547307.65","6.34929","45.97600"
"74212",NULL,"GRAND ANNECY","GL05","PI","100","100",NULL," ","8.2","1","55","2020-10-20","OUI","05","958446.37","6546649.94","6.33860","45.97039"
"74212",NULL,"GRAND ANNECY","GL06","PI","100","100",NULL," ","7.5","2","60","2020-10-20","OUI","05","958520.66","6546345.45","6.33940","45.96762"
"74212",NULL,"GRAND ANNECY","GL07","PI",NULL,"100",NULL," ","9.8","2.2","60","2020-10-20","OUI","05","959354.37","6546915.99","6.35046","45.97244"
"74213","83405","GRAND ANNECY","P01","PI","100",NULL,NULL,"ROUTE DES CREUSETTES","6.5","6","60","2024-07-24","OUI","01","938951.99","6539943.92","6.08366","45.91719"
"74213","79002","GRAND ANNECY","P02","PI","100",NULL,NULL,"POISY (VOIE RAPIDE DE)","6.5","5.6","60","2024-07-25","OUI","01","938881.32","6539835.77","6.08270","45.91624"
"74213","72927","GRAND ANNECY","P03","PI","100",NULL,NULL,"POISY (VOIE RAPIDE DE)","6.3","4.5","60","2024-07-25","OUI","01","938888.42","6539601.00","6.08267","45.91412"
"74213","72926","GRAND ANNECY","P05","PI","100",NULL,NULL,"N°28 (VOIE COMMUNALE)","6.4","1","56","2024-07-24","OUI","01","938947.16","6539561.96","6.08341","45.91375"
"74213","74433","GRAND ANNECY","P06","PI","100",NULL,"1980-01-01","N°28 (VOIE COMMUNALE)","6.5","3.2","60","2024-07-24","OUI","01","938977.18","6539445.16","6.08373","45.91269"
"74213","74019","GRAND ANNECY","P07","PI","65",NULL,"1960-01-01","ROUTE DES CREUSETTES","6.6","1","20","2024-07-25","OUI","01","938781.92","6539850.47","6.08142","45.91641"
"74213","81776","GRAND ANNECY","P08","PI",NULL,NULL,NULL,"ROUTE DES CREUSETTES","6.3","5.5","60","2024-07-26","OUI","01","938778.47","6539781.06","6.08134","45.91578"
"74213","74018","GRAND ANNECY","P09","PI","65",NULL,"1965-01-01","IMPASSE PARIS SAVOIE","6.3","34","34","2024-07-25","OUI","01","938707.67","6539944.90","6.08051","45.91728"
"74213","63507","GRAND ANNECY","P09BIS","PI","100","100","2008-01-01","RUE LOUIS PASTEUR","6.2","5.2","60","2024-07-25","OUI","05","938617.42","6539814.24","6.07928","45.91614"
"74213","83057","GRAND ANNECY","P09QTER","PI","100","100","2008-01-01","RUE LOUIS PASTEUR","5.9","4.3","60","2024-07-25","OUI","05","938511.25","6539573.88","6.07779","45.91401"
"74213","78836","GRAND ANNECY","P09TER","PI","100","100","2008-01-01","RUE LOUIS PASTEUR","6","4.7","60","2024-07-25","OUI","05","938530.38","6539720.17","6.07811","45.91532"
"74213","80235","GRAND ANNECY","P10","PI",NULL,NULL,"1980-01-01","CHEMIN DU CHAMP MIEVRE","5.7","4.2","60","2024-07-25","OUI","01","938624.18","6539879.91","6.07940","45.91673"
"74213","74280","GRAND ANNECY","P100","PI","100","100","1999-01-01","CHEMIN DU LAVOIR","7.8","1","48","2024-07-24","OUI","01","936401.87","6539146.90","6.05039","45.91091"
"74213","74784","GRAND ANNECY","P101","PI",NULL,"100","1988-01-01","CHEMIN DE BOURGOGNE","7.1","2.3","60","2024-07-23","OUI","01","936504.64","6539272.43","6.05177","45.91200"
"74213","74781","GRAND ANNECY","P102","PI",NULL,NULL,NULL,"ROUTE DE RONZY","5.3","1","21","2024-07-23","OUI","01","936125.82","6538863.91","6.04669","45.90846"
"74213","74420","GRAND ANNECY","P103","PI",NULL,NULL,"1970-01-01","ROUTE DE MOIRY","8","1","60","2024-07-23","OUI","01","936487.65","6539621.15","6.05173","45.91515"
"74213","74422","GRAND ANNECY","P104","PI","100",NULL,"2000-01-01","CHEMIN DE LA COURBASSIERE","5.8","1","43","2024-07-23","OUI","01","936357.80","6539638.94","6.05006","45.91535"
"74213","64729","GRAND ANNECY","P105","PI","100","100",NULL,"CHEMIN DE LA POSSESSION","6.6","1","56","2024-07-23","OUI","01","936522.08","6539828.93","6.05228","45.91700"
"74213","74423","GRAND ANNECY","P106","PI",NULL,NULL,"1970-01-01","CHEMIN DE LA POSSESSION","5.6","1","59","2024-07-23","OUI","01","936562.73","6539988.10","6.05288","45.91842"
"74213","80018","GRAND ANNECY","P107","PI","80",NULL,NULL,"ROUTE DES EPINETTES","5.5","1","38","2024-07-23","OUI","01","936590.44","6539582.53","6.05304","45.91476"
"74213","80216","GRAND ANNECY","P108","PI",NULL,NULL,"1975-01-01","CHEMIN DU COTEAU","8","3.2","60","2024-07-23","OUI","01","936719.13","6540016.44","6.05491","45.91862"
"74213","64926","GRAND ANNECY","P109","PI","80","60","1975-01-01","IMPASSE DES SORBIERS","7","1","44","2024-07-23","OUI","01","936640.27","6539965.37","6.05387","45.91819"
"74213","74017","GRAND ANNECY","P11","PI",NULL,NULL,"1960-01-01","CHEMIN DES GREFFONS","5.5","3.5","60","2024-07-25","OUI","01","938568.05","6539928.73","6.07870","45.91719"
"74213","64925","GRAND ANNECY","P110","PI",NULL,NULL,"1975-01-01","ROUTE DES EPINETTES","6.6","3.6","60","2024-07-23","OUI","01","936673.42","6540252.26","6.05444","45.92076"
"74213","79161","GRAND ANNECY","P110BIS","PI",NULL,"125","2006-10-01","ROUTE DES EPINETTES","6.5","3.3","60","2024-07-23","OUI","05","936663.74","6540218.27","6.05430","45.92046"
"74213","80019","GRAND ANNECY","P111","PI",NULL,"100",NULL,"CHEMIN DU CRET DE LA FORCAZ","5.9","3.4","60","2024-07-22","OUI","01","936650.30","6540419.94","6.05422","45.92228"
"74213","6281639","GRAND ANNECY","P111BIS","PI","100","125","2013-12-15","CHEMIN DES NOYERS","3.1","2.6","60","2024-07-22","OUI","01","936733.73","6540358.32","6.05527","45.92169"
"74213","74424","GRAND ANNECY","P112","PI","100","100","1995-01-01","CHEMIN DES RIPPES","5","1.5","60","2024-07-23","OUI","01","936570.79","6540282.85","6.05313","45.92107"
"74213","64924","GRAND ANNECY","P113","PI","100","100","2000-01-01","CHEMIN DU CRET DE LA FORCAZ","5.2","2.5","60","2024-07-22","OUI","01","936674.72","6540584.71","6.05462","45.92375"
"74213","64866","GRAND ANNECY","P114","PI","100","100",NULL,"ANCIENNE ROUTE DE MARNY","4.5","4.2","60","2024-07-22","OUI","01","936858.46","6540538.95","6.05697","45.92327"
"74213","6281798","GRAND ANNECY","P114BIS","PI",NULL,"125","2017-07-12","ANCIENNE ROUTE DE MARNY","5.6","5.3","60","2024-07-22","OUI","01","937033.86","6540597.04","6.05926","45.92374"
"74213","64282","GRAND ANNECY","P115","PI","100","110","2007-03-01","ROUTE DE MARNY","5.6","5.3","60","2024-07-22","OUI","01","937097.92","6540639.82","6.06011","45.92410"
"74213","6282216","GRAND ANNECY","P115BIS","PI","100","125","2020-06-29","ROUTE DE MARNY","5.7","5.1","60","2024-07-22","OUI","01","937144.19","6540689.59","6.06073","45.92453"
"74213",NULL,"GRAND ANNECY","P115TER","PI","100","125","2020-06-18","ROUTE DE MARNY","5.8","4.9","60","2024-07-22","OUI","01","937161.90","6540805.88","6.06101","45.92557"
"74213","64867","GRAND ANNECY","P116","PI","80",NULL,"1965-01-01","IMPASSE DES LECHETTES","5.6","1","38","2017-10-02","OUI","01","937174.23","6540536.62","6.06104","45.92314"
"74213","64281","GRAND ANNECY","P117","PI","100","100","2007-03-01","ROUTE DE MARNY","5.7","5","60","2024-07-25","OUI","01","937250.07","6540602.81","6.06205","45.92371"
"74213","","GRAND ANNECY","P118","PI","100","100","2024-11-25","PLACE DE L EGLISE",NULL,NULL,NULL,NULL,"OUI","01","937307.67","6540531.39","6.06276","45.92305"
"74213","64930","GRAND ANNECY","P119","PI","100","100","2020-11-30","ROUTE DE LOVAGNY","6","5.4","60","2024-07-25","OUI","01","937168.01","6540341.65","6.06086","45.92139"
"74213","6282367","GRAND ANNECY","P119BIS","PI","100","125","2020-04-22","ROUTE DE LOVAGNY","6.2","5.2","60","2024-07-25","OUI","01","937114.67","6540369.51","6.06019","45.92166"
"74213","74004","GRAND ANNECY","P12","PI","100","90","2018-08-01","CHEMIN DES GREFFONS","5.7","1","31","2024-07-25","OUI","01","938529.62","6539829.79","6.07816","45.91631"
"74213","80225","GRAND ANNECY","P120","PI",NULL,NULL,NULL,"RUE CHARLES PERRAULT","6.3","5","60","2024-07-25","OUI","01","937208.57","6540257.67","6.06134","45.92062"
"74213","64928","GRAND ANNECY","P121","PI","40",NULL,"1970-01-01","IMPASSE DU BOIS JOLI","3.4","1","18","2017-10-02","OUI","01","937312.67","6540593.78","6.06285","45.92361"
"74213","80020","GRAND ANNECY","P122","PI","65",NULL,"2013-02-15","ALLEE DU BOIS JOLI","5.5","1","23","2024-07-26","OUI","01","937407.26","6540581.47","6.06407","45.92347"
"74213","83338","GRAND ANNECY","P123","PI","100",NULL,NULL,"ROUTE DE MACULLY","5.8","5.2","60","2024-07-22","OUI","05","937287.78","6540691.35","6.06258","45.92450"
"74213","74806","GRAND ANNECY","P124","PI","80",NULL,NULL,"ROUTE DE LA MONTAGNE","9.7","3","60","2024-07-22","OUI","01","937185.01","6540895.03","6.06136","45.92636"
"74213",NULL,"GRAND ANNECY","P124BIS","PI","100","125","2022-04-07",NULL,"9.7","3","60","2024-07-22","OUI","01","937151.42","6540892.59","6.06092","45.92635"
"74213","80021","GRAND ANNECY","P125","PI",NULL,"125","2008-10-28","ROUTE DE LA MONTAGNE","6.8","1.3","60","2024-07-22","OUI","01","936979.36","6541112.28","6.05881","45.92839"
"74213","74818","GRAND ANNECY","P126","PI",NULL,NULL,"1990-01-01","CHEMIN D AZE","6","1","49","2024-07-22","OUI","01","936981.77","6541333.00","6.05895","45.93038"
"74213","74817","GRAND ANNECY","P127","PI",NULL,"125","2008-10-28","ROUTE DE LA MONTAGNE","5.4","1","49","2024-07-22","OUI","05","936907.07","6541278.65","6.05796","45.92991"
"74213","74820","GRAND ANNECY","P128","PI",NULL,"125",NULL,"CHEMIN DES RESSES","4","1","40","2024-07-22","OUI","01","936898.56","6541420.94","6.05793","45.93120"
"74213","74819","GRAND ANNECY","P129","PI","100","100","1970-01-01","ROUTE DU LACHAT","3","1","30","2024-07-22","OUI","01","936775.77","6541383.10","6.05632","45.93090"
"74213","65096","GRAND ANNECY","P13","PI",NULL,NULL,"1960-01-01","ROUTE DES CREUSETTES","6.3","5","60","2024-07-26","OUI","01","938746.85","6539642.10","6.08086","45.91454"
"74213","64276","GRAND ANNECY","P130","PI",NULL,NULL,"1970-01-01","CHEMIN DE CLAVIERES","3","1","34","2024-07-22","OUI","01","936686.34","6541185.95","6.05507","45.92916"
"74213","64277","GRAND ANNECY","P131","PI",NULL,NULL,NULL,"ROUTE DE MACULLY","5.4","4.4","60","2024-07-22","OUI","05","937245.11","6541291.53","6.06233","45.92991"
"74213","82287","GRAND ANNECY","P132","PI","100","100","2007-09-21","CHEMIN DE CHENELAT","5","3.4","60","2024-07-22","OUI","05","937264.80","6541482.44","6.06268","45.93162"
"74213","106927","GRAND ANNECY","P132BIS","PI","100","125","2012-09-29","CHEMIN DE POESY","4.3","1.1","60","2024-07-22","OUI","01","937082.19","6541326.94","6.06025","45.93029"
"74213","79553","GRAND ANNECY","P133","PI",NULL,"100",NULL,"CHEMIN DE CHENELAT","8.8","2.1","60","2024-07-22","OUI","01","937165.40","6541554.55","6.06143","45.93231"
"74213","79554","GRAND ANNECY","P134","PI","100","100","1997-01-01","PASSAGE DE MACULLY","4.4","2.2","60","2024-07-22","OUI","01","937334.86","6541544.79","6.06361","45.93216"
"74213","81846","GRAND ANNECY","P135","PI","150","160","2022-10-01","CHEMIN DE CHANTEPOULET","5.8","4.3","120","2024-07-22","OUI","01","937531.56","6541973.96","6.06637","45.93595"
"74213","80022","GRAND ANNECY","P135BIS","PI",NULL,NULL,"2008-12-01","ROUTE DE CHAUMONTET","10","7.6","60","2024-07-22","OUI","01","937472.37","6541996.27","6.06561","45.93617"
"74213","82749","GRAND ANNECY","P135TER","PI","100",NULL,"2008-12-01","CHEMIN DE BROMINES","6.5","5.6","60","2024-07-22","OUI","01","937610.20","6542135.04","6.06746","45.93737"
"74213","66137","GRAND ANNECY","P137","PI",NULL,NULL,"1990-01-01","RUE DE L ARTISANAT","7.7","7.4","60","2019-10-09","OUI","01","938449.75","6541629.98","6.07803","45.93254"
"74213","6283016","GRAND ANNECY","P137BIS","PI","100","125","2022-11-01","RUE DE CHAVANNE","5.3","4.3","60","2024-07-24","OUI","01","938361.62","6541574.01","6.07687","45.93206"
"74213","64278","GRAND ANNECY","P138","PI","150","160","2022-10-01","RUE DE L ARTISANAT","6.8","5.9","120","2024-07-24","OUI","01","938255.69","6541733.01","6.07558","45.93353"
"74213","106925","GRAND ANNECY","P139","PI","150","160","2022-10-01","RUE DE L ARTISANAT","6.6","5.7","120","2024-07-24","OUI","01","938153.57","6541776.79","6.07429","45.93396"
"74213",NULL,"GRAND ANNECY","P13TER","PI","100","125","2024-11-28","RUE DE CHAVANNE",NULL,NULL,NULL,NULL,"OUI","01","938209.94","6541643.63","6.07495","45.93274"
"74213","74432","GRAND ANNECY","P14","PI","65",NULL,"1960-01-01","IMPASSE DES CASTORS","6.3","1","48","2024-07-24","OUI","01","938783.66","6539376.42","6.08121","45.91214"
"74213","64280","GRAND ANNECY","P140","PI",NULL,"125","2007-10-26","RUE DE L ESPACE 55","7","6.5","60","2024-07-24","OUI","01","938480.03","6541750.38","6.07848","45.93361"
"74213","6283015","GRAND ANNECY","P141","PI","150","160","2023-03-29",NULL,"6.5","5.3","120","2024-07-24","OUI","01","937981.04","6541819.79","6.07208","45.93441"
"74213","6283006","GRAND ANNECY","P142","PI","150","160","2023-03-29",NULL,"5.8","4.7","120","2024-07-24","OUI","01","937905.28","6541787.66","6.07109","45.93415"
"74213","6283007","GRAND ANNECY","P143","PI","100","125","2023-05-17",NULL,"5.3","3.8","60","2024-07-24","OUI","01","937994.86","6541723.50","6.07221","45.93354"
"74213","72928","GRAND ANNECY","P15","PI",NULL,NULL,"1960-01-01","N°7 (VOIE COMMUNALE)","5.8","4","60","2024-07-26","OUI","01","938573.88","6539423.26","6.07852","45.91264"
"74213","64662","GRAND ANNECY","P16","PI",NULL,NULL,"1995-01-01","CHEMIN DU PARET","5.2","1","60","2024-07-24","OUI","05","938511.15","6539229.57","6.07762","45.91091"
"74213","82390","GRAND ANNECY","P17","PI",NULL,NULL,"1985-01-01","PASSAGE DES CERISIERS","4.5","1","45","2024-07-24","OUI","01","938464.10","6539198.28","6.07700","45.91065"
"74213","74879","GRAND ANNECY","P18","PI","100","100","1995-01-01","CHEMIN DU PARET","10","1.2","60","2024-07-24","OUI","01","938566.80","6539134.42","6.07829","45.91004"
"74213","74783","GRAND ANNECY","P19","PI","100","100","1960-01-01","ROUTE DE BRASSILLY","10","2.2","60","2024-07-24","OUI","01","938591.27","6538982.35","6.07853","45.90866"
"74213","64720","GRAND ANNECY","P20","PI","100","100","1960-01-01","ROUTE DE BRASSILLY","8.4","1.3","60","2024-07-24","OUI","01","938443.59","6538809.28","6.07654","45.90716"
"74213","74782","GRAND ANNECY","P21","PI",NULL,NULL,"1960-01-01","PASSAGE DE BRASSILLY","7","1","50","2024-07-24","OUI","01","938326.46","6538977.67","6.07511","45.90871"
"74213","74281","GRAND ANNECY","P22","PI","100","100","1988-01-01","ROUTE DE BRASSILLY","7","1.9","60","2024-07-24","OUI","01","938161.84","6538842.92","6.07292","45.90756"
"74213","64721","GRAND ANNECY","P23","PI","100","100","1960-01-01","ROUTE DE BRASSILLY","7.4","1.2","60","2024-07-24","OUI","01","938311.81","6538752.03","6.07481","45.90669"
"74213",NULL,"GRAND ANNECY","P23BIS","PI","100","125","2021-03-17","ROUTE DE BRASSILLY","8","1.7","60","2024-07-24","OUI","01","938333.76","6538693.26","6.07506","45.90615"
"74213","80166","GRAND ANNECY","P24","PI",NULL,NULL,NULL,"ROUTE DES COLLINES","9.2","6","60","2024-07-24","OUI","01","937917.41","6539230.66","6.06997","45.91113"
"74213","83206","GRAND ANNECY","P25","PI",NULL,"100","1970-01-01","ROUTE DES MARAICHERES","10.3","6.7","60","2024-07-25","OUI","01","938134.50","6539328.08","6.07281","45.91193"
"74213","74368","GRAND ANNECY","P26","PI",NULL,NULL,"1980-01-01","ROUTE DES MARAICHERES","4.6","2","60","2024-07-25","OUI","01","938275.58","6539459.86","6.07470","45.91307"
"74213","74369","GRAND ANNECY","P27","PI",NULL,NULL,"1980-01-01","IMPASSE DES PETITES COMBES","5","2.2","60","2024-07-25","OUI","01","938285.54","6539371.29","6.07478","45.91227"
"74213","74878","GRAND ANNECY","P28","PI",NULL,NULL,"1980-01-01","IMPASSE DES PETITES COMBES","5","3","60","2024-07-25","OUI","01","938383.02","6539451.39","6.07608","45.91296"
"74213","74881","GRAND ANNECY","P29","PI",NULL,NULL,"1980-01-01","IMPASSE DES NOISETIERS","5.5","3.7","60","2024-07-25","OUI","01","938484.40","6539511.66","6.07742","45.91346"
"74213","74880","GRAND ANNECY","P30","PI",NULL,NULL,"1980-01-01","ROUTE DU PETIT CLOS","4.7","2.2","60","2024-07-29","OUI","01","938399.83","6539605.18","6.07637","45.91433"
"74213","6281927","GRAND ANNECY","P30BIS","PI","100","125","2019-03-01","ROUTE DES VIGNES","10.2","1","48","2024-07-29","OUI","01","938320.12","6539559.30","6.07532","45.91395"
"74213","75259","GRAND ANNECY","P31","PI",NULL,NULL,"1980-01-01","ROUTE DU PETIT CLOS","5.1","1.6","60","2024-07-29","OUI","01","938458.67","6539736.43","6.07720","45.91549"
"74213","79003","GRAND ANNECY","P32","PI",NULL,NULL,"1980-01-01","ROUTE DES VIGNES","8.6","6","60","2024-07-29","OUI","01","938385.92","6539816.81","6.07630","45.91624"
"74213","6281926","GRAND ANNECY","P32BIS","PI","100","125","2019-03-01","ROUTE DES VIGNES","9.6","1.3","60","2024-07-29","OUI","01","938338.06","6539643.04","6.07559","45.91470"
"74213","64661","GRAND ANNECY","P33","PI",NULL,"100",NULL,"ROUTE DES VIGNES","6.9","5.3","60","2024-07-29","OUI","01","938309.34","6539869.14","6.07534","45.91674"
"74213","65093","GRAND ANNECY","P34","PI","100","100","1993-01-01","ROUTE DES VIGNES","6.8","5.7","60","2024-07-29","OUI","01","938334.78","6540005.75","6.07573","45.91796"
"74213","64723","GRAND ANNECY","P35","PI",NULL,NULL,"1970-01-01","ROUTE DE VERNOD","6","5.1","60","2024-07-25","OUI","01","938256.53","6539955.49","6.07470","45.91754"
"74213","119694","GRAND ANNECY","P35BIS","PI",NULL,"125","2999-12-31","CHEMIN DES PERDRIX","6.6","5.5","60","2024-07-25","OUI","01","938204.13","6540052.40","6.07407","45.91843"
"74213","82744","GRAND ANNECY","P36","PI",NULL,NULL,NULL,"CHEMIN DE GERBASSIER","4.6","3.5","60","2024-07-25","OUI","01","938129.20","6539873.01","6.07302","45.91684"
"74213","74976","GRAND ANNECY","P37","PI","65","60","2019-09-09","CHEMIN DE GERBASSIER","4.2","1","37","2024-07-25","OUI","01","937971.78","6539679.68","6.07089","45.91515"
"74213","64725","GRAND ANNECY","P38","PI","80",NULL,"1975-01-01","IMPASSE DE MONOD","4.8","1.3","60","2024-07-25","OUI","01","937950.10","6539541.42","6.07054","45.91392"
"74213","64724","GRAND ANNECY","P39","PI",NULL,NULL,"1970-01-01","ROUTE DE VERNOD","5.2","4.3","60","2024-07-25","OUI","01","938194.86","6539840.31","6.07385","45.91652"
"74213","75680","GRAND ANNECY","P39BIS","PI",NULL,NULL,"1970-01-01","ROUTE DE VERNOD","4.7","3.8","60","2024-07-25","OUI","01","938095.07","6539668.25","6.07248","45.91501"
"74213","64722","GRAND ANNECY","P40","PI",NULL,"100",NULL,"CHEMIN DE MONOD","5","4","60","2024-07-25","OUI","01","937842.16","6539546.47","6.06915","45.91400"
"74213","74009","GRAND ANNECY","P41","PI","100","100","1987-01-01","CHEMIN DES VIOLETTES","5.2","4.2","60","2024-12-04","OUI","01","937811.26","6539330.11","6.06865","45.91206"
"74213","74008","GRAND ANNECY","P42","PI",NULL,NULL,NULL,"ROUTE DES COLLINES","7.6","1","33","2024-07-24","OUI","01","938036.70","6539466.69","6.07162","45.91321"
"74213","74010","GRAND ANNECY","P43","PI","100","100","1987-01-01","CHEMIN DES VIOLETTES","5","4","60","2024-07-23","OUI","01","937735.23","6539504.75","6.06775","45.91366"
"74213","81711","GRAND ANNECY","P44","PI","100","100","1997-01-01","CHEMIN DES PACHEUX","5.7","3.4","60","2024-07-23","OUI","01","937551.66","6539381.16","6.06533","45.91261"
"74213","74011","GRAND ANNECY","P45","PI",NULL,NULL,NULL,"CHEMIN DES MALADIERES","4.9","4","60","2024-07-23","OUI","01","937597.79","6539639.90","6.06605","45.91493"
"74213","75975","GRAND ANNECY","P46","PI","40",NULL,"1970-01-01","CHEMIN DES MALADIERES","4.7","0","0","2017-09-21","OUI","01","937508.33","6539675.87","6.06491","45.91528"
"74213","79004","GRAND ANNECY","P47","PI","100","100","1987-01-01","ROUTE DE MONOD","5.6","4.6","60","2024-07-23","OUI","01","937572.60","6539732.83","6.06577","45.91577"
"74213","6281659","GRAND ANNECY","P47BIS","PI","100","125","2018-07-25","ROUTE FRANCOIS GRUFFAZ","5.3","3.9","60","2024-07-23","OUI","01","937750.74","6539633.56","6.06802","45.91482"
"74213","64727","GRAND ANNECY","P48","PI",NULL,NULL,NULL,"ROUTE DES PESSES","5.8","5.2","60","2024-07-23","OUI","01","937483.87","6539898.73","6.06471","45.91730"
"74213","74360","GRAND ANNECY","P49","PI",NULL,"60","2019-12-06","CHEMIN DES PALLUDS","5.6","1","38","2024-07-23","OUI","01","937425.43","6540035.80","6.06403","45.91855"
"74213","64728","GRAND ANNECY","P50","PI","100","125","2018-11-14","RD14","5.5","4.8","60","2024-07-25","OUI","01","937877.56","6540124.80","6.06990","45.91919"
"74213","6282214","GRAND ANNECY","P50BIS","PI","100","125","2020-06-26","CHEMIN DU QUART","5.8","4.8","60","2024-07-23","OUI","01","937805.28","6540051.71","6.06893","45.91856"
"74213","6282215","GRAND ANNECY","P50TER","PI","100","125","2020-06-26","CHEMIN DU QUART","5.8","4.8","60","2024-07-23","OUI","01","937764.84","6539986.75","6.06838","45.91799"
"74213","74367","GRAND ANNECY","P53","PI",NULL,NULL,"1980-01-01","ROUTE DE LA COULOUTTE","6.2","5","60","2024-07-25","OUI","01","938092.74","6540001.34","6.07261","45.91801"
"74213","65092","GRAND ANNECY","P54","PI",NULL,NULL,"2017-07-26","ROUTE D ANNECY","6.9","5.9","60","2024-07-25","OUI","01","938190.88","6540175.90","6.07397","45.91954"
"74213","74366","GRAND ANNECY","P55","PI","100","125","2018-11-14","RD14","5.8","5","60","2024-07-25","OUI","01","937987.01","6540117.39","6.07131","45.91909"
"74213","65081","GRAND ANNECY","P56","PI",NULL,NULL,"1990-01-01","CHEMIN DE LETTRAZ","4.8","4","60","2024-07-24","OUI","01","938078.79","6540306.29","6.07259","45.92075"
"74213","65082","GRAND ANNECY","P57","PI",NULL,NULL,"1990-01-01","GENEVRIERS (CHEMIN DES)","4.3","3.7","60","2024-07-24","OUI","01","938046.76","6540465.15","6.07225","45.92220"
"74213","65083","GRAND ANNECY","P58","PI",NULL,NULL,NULL,"RUE DES GENEVRIERS","3.7","3","60","2024-07-24","OUI","01","937912.63","6540502.11","6.07054","45.92257"
"74213","74365","GRAND ANNECY","P59","PI",NULL,NULL,NULL,"RUE DES ARGOUSIERS","4.1","3.5","60","2024-07-24","OUI","01","937957.98","6540364.01","6.07106","45.92132"
"74213","65080","GRAND ANNECY","P60","PI",NULL,NULL,NULL,"ROUTE DU CRET","5","4.3","60","2024-07-24","OUI","01","937932.11","6540218.26","6.07065","45.92001"
"74213","74361","GRAND ANNECY","P61","PI","100","100","1987-09-01","ROUTE D ANNECY","5.7","5.1","60","2024-07-24","OUI","01","937697.97","6540196.76","6.06762","45.91990"
"74213","81510","GRAND ANNECY","P62","PI","100","100","1987-09-01","ROUTE D ANNECY","5.9","5.2","60","2024-07-24","OUI","01","937590.98","6540234.07","6.06626","45.92028"
"74213","79963","GRAND ANNECY","P63","PI",NULL,NULL,"1980-01-01","ROUTE DE L ECOLE D AGRICULTURE","5.6","4.5","60","2024-07-26","OUI","01","937489.17","6540438.02","6.06505","45.92215"
"74213","64929","GRAND ANNECY","P64","PI",NULL,NULL,"1980-01-01","ROUTE DE L ECOLE D AGRICULTURE","5.5","1","58","2024-07-26","OUI","01","937373.40","6540466.67","6.06357","45.92244"
"74213","74425","GRAND ANNECY","P65","PI","100","100","1987-01-01","ROUTE D ANNECY","5.6","5.2","60","2024-07-26","OUI","01","937345.29","6540387.05","6.06317","45.92174"
"74213","74666","GRAND ANNECY","P66","PI","100","100","1987-01-01","ROUTE D ANNECY","5.6","4.8","60","2024-07-25","OUI","01","937390.26","6540312.01","6.06371","45.92105"
"74213","65021","GRAND ANNECY","P67","PI","100","100","1987-09-01","ROUTE D ANNECY","5.8","5.2","60","2024-07-24","OUI","01","937494.97","6540284.33","6.06505","45.92076"
"74213","6283013","GRAND ANNECY","P67BIS","PI","100","125","2023-07-11","ROUTE DE MONOD","6","5.1","60","2024-07-25","OUI","01","937472.93","6540205.11","6.06472","45.92006"
"74213","74363","GRAND ANNECY","P68","PI",NULL,NULL,"1985-01-01","ROUTE DES GRANDS CHAMPS","5.6","2.6","60","2024-07-24","OUI","01","937642.73","6540444.19","6.06703","45.92215"
"74213","74362","GRAND ANNECY","P69","PI",NULL,NULL,"1985-01-01","ROUTE DES GRANDS CHAMPS","5.2","3.2","60","2024-07-24","OUI","01","937716.58","6540316.16","6.06792","45.92097"
"74213","74364","GRAND ANNECY","P70","PI",NULL,NULL,"1985-01-01","CHEMIN DES COQUELICOTS","4.2","1.8","60","2024-07-24","OUI","01","937809.82","6540438.94","6.06918","45.92204"
"74213","82985","GRAND ANNECY","P71","PI",NULL,NULL,"1985-01-01","ROUTE DES GRANDS CHAMPS","4.9","3.3","60","2024-07-24","OUI","01","937800.01","6540249.50","6.06896","45.92034"
"74213","74013","GRAND ANNECY","P72","PI",NULL,"100","1990-01-01","ROUTE DE L ECOLE D AGRICULTURE","4","2.5","60","2024-07-23","OUI","01","937924.42","6540886.12","6.07089","45.92603"
"74213","74014","GRAND ANNECY","P74","PI",NULL,NULL,"1990-01-01","ROUTE DE L ECOLE D AGRICULTURE","4.6","3","60","2019-10-01","OUI","01","938034.09","6540940.28","6.07233","45.92648"
"74213","65089","GRAND ANNECY","P75","PI",NULL,NULL,"1990-01-01","ROUTE DE L ECOLE D AGRICULTURE","6","4","60","2024-07-23","OUI","01","938227.12","6540730.20","6.07471","45.92452"
"74213","65090","GRAND ANNECY","P76","PI",NULL,NULL,"1990-01-01","ROUTE DE L ECOLE D AGRICULTURE","6.3","4.3","60","2024-07-23","OUI","01","938297.63","6540740.52","6.07563","45.92459"
"74213","6282236","GRAND ANNECY","P77","PI","100","100","2019-12-19","ROUTE DE GILLON","8","6.3","60","2024-07-25","OUI","01","938434.53","6540626.89","6.07733","45.92351"
"74213","109742","GRAND ANNECY","P77BIS","PI","100","125","2014-06-10","CHEMIN DES PRAIRIES","6","3.7","60","2024-07-23","OUI","01","938201.49","6540612.61","6.07432","45.92347"
"74213","65088","GRAND ANNECY","P78","PI","100",NULL,"1993-01-01","CHEMIN DE LA CAILLERE","8","6.6","60","2024-07-25","OUI","01","938541.06","6540484.76","6.07864","45.92220"
"74213","65084","GRAND ANNECY","P79","PI","80",NULL,"1970-01-01","CHEMIN DE LA CAILLERE","9.2","1","50","2024-07-25","OUI","01","938586.57","6540599.06","6.07928","45.92321"
"74213","6282366","GRAND ANNECY","P79BIS","PI","100","125","2020-06-29","ROUTE DE CHARNEUSE","10.3","8","60","2024-07-25","OUI","01","938669.98","6540558.30","6.08033","45.92282"
"74213","65091","GRAND ANNECY","P80","PI",NULL,NULL,"1985-01-01","IMPASSE DES ACACIAS","8.2","6.3","60","2024-07-25","OUI","01","938425.90","6540430.17","6.07712","45.92175"
"74213","82811","GRAND ANNECY","P81","PI",NULL,NULL,"1960-01-01","ROUTE DE CHARNEUSE","8.2","7","60","2024-07-25","OUI","01","938426.10","6540300.22","6.07706","45.92058"
"74213","81712","GRAND ANNECY","P82","PI","100","100","1996-01-01","CHEMIN DES GLAISIERS","9.2","7.8","60","2024-07-29","OUI","01","938450.65","6540246.75","6.07735","45.92009"
"74213","80234","GRAND ANNECY","P83","PI","80",NULL,"1950-01-01","IMPASSE DES ROSIERS","10","3.7","60","2024-07-26","OUI","01","938561.86","6540236.13","6.07878","45.91995"
"74213","65094","GRAND ANNECY","P84","PI",NULL,NULL,"1970-01-01","CHEMIN DE LA PIECE","9.5","8.2","60","2024-07-26","OUI","01","938467.54","6540065.23","6.07748","45.91845"
"74213","79552","GRAND ANNECY","P85","PI",NULL,NULL,"1995-01-01","CHEMIN DES JARDINS FLEURIS","8.9","6.7","60","2024-07-26","OUI","01","938423.16","6540131.94","6.07694","45.91907"
"74213","6281658","GRAND ANNECY","P85BIS","PI","100","125","2015-11-16","ALLEE DES CHENES","8.9","8","60","2019-10-02","OUI","01","938363.42","6540108.26","6.07616","45.91887"
"74213","74016","GRAND ANNECY","P86","PI",NULL,NULL,"1960-01-01","CHEMIN DES GREFFONS","10","9.2","60","2024-07-26","OUI","01","938494.08","6539944.34","6.07776","45.91735"
"74213","74005","GRAND ANNECY","P87","PI",NULL,NULL,"1975-01-01","ROUTE DES CHAMPS DE VERNOD","10.1","1","53","2024-07-26","OUI","01","938530.09","6540052.45","6.07828","45.91831"
"74213","74015","GRAND ANNECY","P88","PI","100","125","2012-07-26","ROUTE D ANNECY","5.5","3.8","60","2024-07-26","OUI","01","938681.65","6540272.11","6.08034","45.92024"
"74213","65095","GRAND ANNECY","P89","PI",NULL,NULL,"1970-01-01","ROUTE D ANNECY","6","5.1","60","2024-07-26","OUI","01","938732.67","6540182.05","6.08095","45.91941"
"74213",NULL,"GRAND ANNECY","P90","PI","100","100","2023-01-26","ROUTE D ANNECY","9.8","3.5","60","2024-07-25","OUI","01","938620.75","6540358.96","6.07960","45.92104"
"74213","74359","GRAND ANNECY","P91","PI","100","100","1987-01-01","ROUTE DE MONOD","6","5.5","60","2024-07-23","OUI","01","937466.44","6540134.82","6.06460","45.91943"
"74213","79555","GRAND ANNECY","P91BIS","PI","100","100","2010-01-01","ROUTE DES PLANTS","6.8","6","60","2024-07-23","OUI","01","937044.71","6540043.00","6.05912","45.91875"
"74213","79556","GRAND ANNECY","P91TER","PI","100","100","2010-01-01","ROUTE DU COLLEGE","6.8","5.9","60","2024-07-23","OUI","01","937180.73","6540066.94","6.06089","45.91892"
"74213","74426","GRAND ANNECY","P92","PI",NULL,NULL,NULL,"ROUTE DE LOVAGNY","6.5","5.3","60","2024-07-23","OUI","01","936952.58","6540075.77","6.05795","45.91907"
"74213","80017","GRAND ANNECY","P93","PI",NULL,NULL,NULL,"ROUTE DE LOVAGNY","6.3","3.8","60","2024-07-23","OUI","01","936776.09","6539775.86","6.05553","45.91644"
"74213","74785","GRAND ANNECY","P94","PI",NULL,NULL,NULL,"ROUTE DE LOVAGNY","6","2.2","60","2024-07-23","OUI","01","936629.71","6539534.01","6.05352","45.91431"
"74213","6281660","GRAND ANNECY","P94BIS","PI","100","125","2018-03-01","ROUTE DE LOVAGNY","5.6","1.5","60","2024-07-23","OUI","01","936548.62","6539419.07","6.05241","45.91331"
"74213","81840","GRAND ANNECY","P95","PI","80",NULL,"1970-01-01","CHEMIN DE L OMBRE","6.7","1.6","60","2017-09-28","OUI","01","936744.17","6539426.08","6.05494","45.91330"
"74213","65079","GRAND ANNECY","P96","PI",NULL,NULL,"1980-01-01","CHEMIN DU PRE MONCLAIR","6","1","43","2024-07-23","OUI","01","936797.45","6539360.94","6.05559","45.91270"
"74213","81084","GRAND ANNECY","P97","PI",NULL,NULL,"2000-01-01","CHEMIN DES MOUSSERONS","6.4","2","60","2024-07-23","OUI","01","936631.73","6539350.20","6.05345","45.91266"
"74213","81572","GRAND ANNECY","P98","PI",NULL,"100","1980-01-01","CHEMIN DU PRE MONCLAIR","8.2","2.5","60","2024-07-23","OUI","01","936587.87","6539199.93","6.05281","45.91132"
"74213","74279","GRAND ANNECY","P99","PI",NULL,"100","1975-01-01","CHEMIN DE BOURGOGNE","9.5","1","40","2024-07-23","OUI","01","936569.02","6539066.67","6.05250","45.91013"
"74219","67325","GRAND ANNECY","Q01","PI","80","60","1986-01-01","CHEMIN LE PLAISIR","9.9","1","22","2024-07-11","OUI","01","938710.58","6532448.01","6.07678","45.84982"
"74219","79124","GRAND ANNECY","Q02","PI","100","60","1970-01-01","CHEMIN LE PLAISIR","7.2","1","27","2024-07-11","OUI","01","938922.93","6532134.78","6.07936","45.84693"
"74219","79862","GRAND ANNECY","Q02BIS","PI","100","100","2008-05-15","ALLEE DU CERISIER","7","1","42","2024-07-11","OUI","01","939078.20","6532077.24","6.08133","45.84636"
"74219","64384","GRAND ANNECY","Q03","PI","100",NULL,NULL,"ROUTE D ANNECY","9","1","17","2024-07-11","OUI","01","939641.28","6532514.94","6.08880","45.85010"
"74219","64382","GRAND ANNECY","Q04","PI","100","100",NULL,"CHEMIN DU PIEU","7.3","2.1","60","2024-07-11","OUI","05","939227.96","6532198.59","6.08332","45.84740"
"74219","78264","GRAND ANNECY","Q05","PI","100","125","2011-06-01","CHEMIN DES VERNETTES","6.3","2.1","60","2024-07-11","OUI","05","939460.37","6532168.85","6.08629","45.84705"
"74219","88768","GRAND ANNECY","Q05BIS","PI","100","125","2011-06-01","CHEMIN DES VERNETTES","5.2","1.8","60","2024-07-11","OUI","01","939379.33","6531989.95","6.08516","45.84547"
"74219","64383","GRAND ANNECY","Q06","PI","100","100","1970-01-01","ROUTE D ANNECY","6.5","2.2","60","2024-07-11","OUI","01","939339.54","6532173.69","6.08474","45.84713"
"74219","64381","GRAND ANNECY","Q08","PI","100","100","1981-01-01","CHEMIN DU PIEU","6.6","1.4","60","2024-07-12","OUI","01","939175.62","6532088.57","6.08259","45.84643"
"74219","64380","GRAND ANNECY","Q09","PI","65","60","1985-01-01","ALLEE DU CHENE","7.2","1","40","2024-07-12","OUI","01","939068.86","6532008.06","6.08117","45.84574"
"74219","75732","GRAND ANNECY","Q10","PI","100","100","2011-06-01","CHEMIN DE LANGO","5.8","2.7","60","2024-07-11","OUI","01","939223.62","6531954.82","6.08314","45.84521"
"74219","75731","GRAND ANNECY","Q12","PI","100","125","2011-06-01","CHEMIN DE CRET SALE","4.5","1.6","60","2024-07-11","OUI","01","939169.06","6531814.40","6.08237","45.84396"
"74219","74705","GRAND ANNECY","Q13","PI","100",NULL,"1990-01-01","ROUTE D ANNECY","5","1.3","60","2024-07-11","OUI","05","939303.76","6531855.84","6.08412","45.84429"
"74219","64388","GRAND ANNECY","Q15","PI","100","125","2007-10-01","CHEMIN DE LAUDON","4.8","1","57","2024-07-11","OUI","01","939029.10","6531719.69","6.08052","45.84316"
"74219","78262","GRAND ANNECY","Q16","PI","100","125","2007-10-01","CHEMIN DE LAUDON","5.3","1","58","2024-07-11","OUI","01","938977.47","6531661.75","6.07982","45.84266"
"74219","74704","GRAND ANNECY","Q16BIS","PI","100","100","2000-01-01","ROUTE D ANNECY","6.9","2","60","2024-07-11","OUI","01","939363.48","6531667.28","6.08480","45.84257"
"74219","64387","GRAND ANNECY","Q17","PI","100","100","1985-01-01","ALLEE DE LA CROIX","7.4","2","60","2024-07-11","OUI","01","939259.57","6531713.45","6.08348","45.84302"
"74219","64389","GRAND ANNECY","Q18","PI","100","100","2022-03-25","ROUTE DE VIUZ","6.2","1.7","60","2024-07-11","OUI","01","939327.37","6531548.80","6.08427","45.84152"
"74219","83487","GRAND ANNECY","Q18BIS","PI","100","100","2006-11-24","ROUTE DE VIUZ","6.3","1.3","60","2024-07-11","OUI","01","939286.62","6531322.53","6.08363","45.83949"
"74219","67333","GRAND ANNECY","Q19","PI","100",NULL,"1970-01-01","CHEMIN DE LA FRUITIERE","5.8","1","55","2024-07-12","OUI","01","939372.65","6531452.45","6.08480","45.84063"
"74219","67334","GRAND ANNECY","Q20","PI","80","80","1989-01-01","CHEMIN DES BALMES","5.5","1","25","2024-07-12","OUI","01","939511.22","6531565.85","6.08665","45.84160"
"74219","80110","GRAND ANNECY","Q21","PI","100","125","2007-10-01","CHEMIN DE LAUDON","6.8","1.6","60","2024-07-11","OUI","01","938932.48","6531429.61","6.07913","45.84058"
"74219","67332","GRAND ANNECY","Q22","PI","100","100",NULL,"ROUTE DU SEMNOZ","5.8","1.1","60","2024-07-12","OUI","01","939442.93","6531427.99","6.08570","45.84039"
"74219","82367","GRAND ANNECY","Q22BIS","PI","100",NULL,"2002-08-01","ROUTE DU SEMNOZ","5.3","1","60","2024-07-12","OUI","01","939458.44","6531273.30","6.08582","45.83899"
"74219","67326","GRAND ANNECY","Q23","PI","100",NULL,NULL,"ROUTE DE VIUZ","6.5","2","60","2024-07-11","OUI","01","939223.91","6531232.54","6.08278","45.83871"
"74219","105715","GRAND ANNECY","Q23BIS","PI","100","100","2007-09-19","ALLEE DU CRET SOLEIL","6.8","1.6","60","2024-07-11","OUI","01","939190.91","6531306.01","6.08239","45.83938"
"74219","81489","GRAND ANNECY","Q23TER","PI","100","125",NULL,"ROUTE DE VIUZ","7","1","10","2024-07-11","OUI","01","938896.55","6530848.67","6.07837","45.83537"
"74219","67327","GRAND ANNECY","Q24","PI","100","100","1980-01-01","ALLEE DU CHATEAU","5.5","1","57","2024-07-12","OUI","01","939391.19","6531257.46","6.08495","45.83887"
"74219","67331","GRAND ANNECY","Q26","PI","100","100","1990-01-01","CHEMIN DE LA GROSSE PIERRE","4.5","1","45","2024-07-12","OUI","01","939626.33","6531210.99","6.08795","45.83837"
"74219","67328","GRAND ANNECY","Q27","PI","100",NULL,"1980-01-01","ALLEE DU NANT","5.7","1","57","2024-07-12","OUI","01","939286.10","6531107.96","6.08352","45.83756"
"74219","67330","GRAND ANNECY","Q28","PI","100",NULL,"1970-01-01","ROUTE DU SEMNOZ","3.4","1","56","2024-07-12","OUI","01","939486.19","6531014.74","6.08605","45.83665"
"74219","74702","GRAND ANNECY","Q29","PI","65","60","1970-01-01","CHEMIN DE CHAMBERT","9","1","15","2020-06-08","OUI","01","938653.72","6530670.77","6.07516","45.83385"
"74219","75730","GRAND ANNECY","Q30","PI","100","125","2023-06-23","CHEMIN DES CREUX DE LEURE","9","1","9","2024-07-11","OUI","01","938759.58","6530529.91","6.07645","45.83255"
"74219","6283010","GRAND ANNECY","Q30BIS","PI","100","125","2023-06-23","ROUTE DE VIUZ","6.7","1","8","2023-07-25","OUI","01","938782.32","6530389.85","6.07667","45.83128"
"74219","67329","GRAND ANNECY","Q31","PI","40","40","1970-01-01","CHEMIN DU PRE VALON","4","1","5","2020-06-08","OUI","01","939306.98","6530957.55","6.08371","45.83620"
"74219","79087","GRAND ANNECY","Q32","PI","100","110","2004-06-11","ROUTE DU SEMNOZ","4.9","1","14","2024-07-12","OUI","01","939564.54","6530740.10","6.08692","45.83416"
"74219","74703","GRAND ANNECY","Q33","PI","100",NULL,"1970-01-01","CHEMIN DE CHAMBERT","7","1","19","2020-06-08","OUI","01","938799.29","6530789.09","6.07709","45.83487"
"74232","66188","GRAND ANNECY","SE01","PI","100","60",NULL," ","10.1","1","41","2021-03-24","OUI","01","945246.49","6527983.27","6.15863","45.80733"
"74232","66187","GRAND ANNECY","SE02","PI","65","60",NULL,"ROUTE DE LA MAGNE","3.2","1","13","2023-05-23","OUI","05","945666.92","6528017.43","6.16406","45.80748"
"74232","81605","GRAND ANNECY","SE03","PI","65",NULL,NULL,"ROUTE DE PATERIER","3.4","1","17","2023-05-23","OUI","01","945391.64","6528040.31","6.16053","45.80779"
"74232","66070","GRAND ANNECY","SE04","PI","65","60",NULL," ","6.1","1","25","2023-05-23","OUI","10","943461.68","6525999.19","6.13466","45.79012"
"74232","66071","GRAND ANNECY","SE05","PI","65","60",NULL," ","2.1","1","12","2032-05-23","OUI","01","943178.12","6525906.14","6.13096","45.78938"
"74232","80417","GRAND ANNECY","SE06","PI","65","60",NULL," ","8.1","1","29","2023-05-23","OUI","10","943602.62","6526367.11","6.13666","45.79338"
"74232","79183","GRAND ANNECY","SE07","PI","100","100",NULL," ","10","6","60","2024-07-17","OUI","10","945229.39","6526971.76","6.15789","45.79823"
"74232","66495","GRAND ANNECY","SE09","PI","65","60",NULL," ","3.7","1","10","2023-05-22","OUI","10","945045.24","6527305.44","6.15570","45.80130"
"74232","66494","GRAND ANNECY","SE10","PI","100","100",NULL," ","5.2","1","13","2023-05-22","OUI","01","944973.68","6527556.18","6.15490","45.80358"
"74232","66493","GRAND ANNECY","SE12","PI","65","60",NULL," ","2","1","14","2021-03-31","OUI","01","944510.04","6525912.96","6.14810","45.78896"
"74232","66497","GRAND ANNECY","SE13","PI","100","100",NULL," ","11","7.2","60","2023-05-22","OUI","01","945246.72","6527185.34","6.15823","45.80015"
"74232","79190","GRAND ANNECY","SE14","PI","65","60",NULL," ","6.2","1","25","2023-05-23","OUI","10","943671.06","6525936.50","6.13732","45.78948"
"74232","66498","GRAND ANNECY","SE15","PI","65","60",NULL," ","3.4","1","9","2023-05-23","OUI","01","945102.50","6527014.90","6.15628","45.79867"
"74232","79189","GRAND ANNECY","SE17","PI","65","60",NULL," ","4.1","1","18","2023-05-23","OUI","10","944731.72","6525535.49","6.15075","45.78549"
"74232","81788","GRAND ANNECY","SE18","PI","65","60",NULL," ","1.9","1","12","2023-05-23","OUI","10","944944.42","6525460.09","6.15345","45.78473"
"74232","79187","GRAND ANNECY","SE19","PI","100","100",NULL," ","3.7","1.5","60","2023-05-23","OUI","10","944527.88","6526348.27","6.14855","45.79287"
"74232","79188","GRAND ANNECY","SE20","PI","100","60",NULL," ","5.4","1","25","2023-05-23","OUI","10","944384.36","6526405.18","6.14673","45.79344"
"74232","81731","GRAND ANNECY","SE21","PI","65","60",NULL," ","7.9","1","50","2023-05-23","OUI","10","944435.28","6526650.03","6.14751","45.79562"
"74232","66492","GRAND ANNECY","SE22","PI","100","100",NULL," ","7.8","4","60","2023-05-23","OUI","10","944523.52","6526700.18","6.14867","45.79604"
"74232","66491","GRAND ANNECY","SE24","PI","65","60","2018-03-13","CHEMIN DE LA TOUR","9.3","1","26","2023-05-23","OUI","01","944432.01","6526997.68","6.14765","45.79875"
"74232","66431","GRAND ANNECY","SE26","PI","65","60",NULL," ","1.9","1","9","2023-05-22","OUI","10","945751.74","6527405.46","6.16484","45.80195"
"74232","66190","GRAND ANNECY","SE27","PI","100","60","2023-11-16"," ","4.2","1","22","2023-11-24","OUI","01","945514.89","6527368.70","6.16177","45.80170"
"74232","66191","GRAND ANNECY","SE28","PI","100","60",NULL," ","3.5","1","32","2025-01-07","OUI","01","945626.61","6527420.35","6.16323","45.80213"
"74232","66189","GRAND ANNECY","SE29","PI","100","100",NULL,"ROUTE DE LA COCHETTE","6.8","1","11","2023-05-22","OUI","05","945444.47","6527572.91","6.16097","45.80356"
"74232","66432","GRAND ANNECY","SE30","PI","100","100",NULL," ","8","4.2","60","2023-05-22","OUI","10","945302.23","6527580.72","6.15914","45.80369"
"74232","79182","GRAND ANNECY","SE31","PI","65","60",NULL," ","2.6","1","8","2023-05-22","OUI","01","945245.04","6527085.25","6.15815","45.79925"
"74232","76712","GRAND ANNECY","SE32","PI","100","100",NULL,"ROUTE DE LA MAGNE","8.8","3.2","60","2023-05-22","OUI","10","945376.34","6527826.54","6.16022","45.80587"
"74232","6281677","GRAND ANNECY","SE33","BS",NULL,NULL,NULL,"CHEMIN DE LAVRAY",NULL,NULL,NULL,NULL,"OUI","10","944312.93","6527454.97","6.14635","45.80291"
"74233","6281706","GRAND ANNECY","SF01","PI","100","125","2018-11-15","ROUTE D AIX LES BAINS","6.6","3.5","60","2023-06-06","OUI","01","930354.38","6526168.66","5.96614","45.79620"
"74233","65842","GRAND ANNECY","SF02","PI","100",NULL,NULL," ","6","3.5","60","2021-05-03","OUI","01","930498.28","6526248.45","5.96803","45.79687"
"74233",NULL,"GRAND ANNECY","SF02BIS","PI","100","100","2024-09-01","RUE DE LA MALADIERE",NULL,NULL,NULL,NULL,"OUI","01","930622.61","6526243.18","5.96963","45.79678"
"74233","65840","GRAND ANNECY","SF03","PI","100","125",NULL,"ROUTE D AIX LES BAINS","5.9","3.3","60","2023-06-06","OUI","01","930472.91","6526302.06","5.96773","45.79736"
"74233","65838","GRAND ANNECY","SF04","PI","100","100",NULL," ","6","2.8","60","2023-06-06","OUI","01","930447.45","6526493.74","5.96750","45.79909"
"74233","65841","GRAND ANNECY","SF05","PI","100","100",NULL,"RUE DU MONT BLANC","5.7","3.2","60","2023-06-06","OUI","01","930657.50","6526380.28","5.97014","45.79800"
"74233","65843","GRAND ANNECY","SF06","PI","100","100","2015-01-01"," ","5.3","2.6","60","2023-06-06","OUI","05","930620.21","6526517.24","5.96973","45.79925"
"74233","65844","GRAND ANNECY","SF07","PI","100","100",NULL," ","5.4","2.5","60","2023-06-06","OUI","01","930688.14","6526576.95","5.97063","45.79976"
"74233","74548","GRAND ANNECY","SF08","PI","100","100",NULL," ","4.7","2.4","60","2023-06-06","OUI","01","930808.78","6526551.43","5.97217","45.79949"
"74233","65835","GRAND ANNECY","SF09","PI","100",NULL,NULL," ","4.4","2.5","60","2023-06-06","OUI","01","930846.37","6526703.05","5.97273","45.80084"
"74233","65834","GRAND ANNECY","SF10","PI","65",NULL,NULL," ","4.45","2.2","60","2023-06-06","OUI","01","930902.91","6526650.44","5.97343","45.80035"
"74233","65833","GRAND ANNECY","SF11","PI","100",NULL,NULL," ","4.2","2.3","60","2023-06-06","OUI","01","930932.61","6526585.14","5.97378","45.79975"
"74233","122402","GRAND ANNECY","SF13","PI","100","100","2011-01-01"," ","4.7","2.7","60","2023-06-06","OUI","01","930897.62","6526463.59","5.97327","45.79867"
"74233","64468","GRAND ANNECY","SF14","PI","65",NULL,"2012-01-01"," ","4.15","1.7","60","2023-06-06","OUI","01","930884.21","6526740.75","5.97323","45.80117"
"74233","64457","GRAND ANNECY","SF15","PI","65",NULL,NULL," ","5.2","1","60","2023-06-06","OUI","01","930818.15","6526849.85","5.97244","45.80217"
"74233","73365","GRAND ANNECY","SF16","PI","100",NULL,NULL," ","5.8","3.7","60","2023-06-06","OUI","01","930714.10","6526751.99","5.97105","45.80133"
"74233","74858","GRAND ANNECY","SF17","PI","100",NULL,NULL," ","5.9","2.8","60","2023-06-05","OUI","01","930564.21","6526792.27","5.96914","45.80174"
"74233","74857","GRAND ANNECY","SF18","PI","100",NULL,NULL," ","6.6","3.3","60","2023-06-05","OUI","01","930375.80","6526830.73","5.96674","45.80215"
"74233","65836","GRAND ANNECY","SF19","PI","100","100",NULL,"ROUTE DE CROSAGNY","6.6","3","60","2023-06-05","OUI","01","930230.41","6526895.90","5.96490","45.80278"
"74233","74859","GRAND ANNECY","SF20","PI","100",NULL,NULL," ","6.1","3.7","60","2023-06-05","OUI","01","930695.35","6526933.79","5.97090","45.80297"
"74233","64456","GRAND ANNECY","SF21","PI","100","100","1985-01-01","ROUTE DE RUMILLY","5.5","3.8","60","2023-06-05","OUI","01","930793.48","6527030.81","5.97221","45.80381"
"74233","6282506","GRAND ANNECY","SF21BIS","PI","100","125","2021-02-08","ROUTE DE RUMILLY","5.1","3.7","60","2023-06-05","OUI","01","930805.49","6527111.63","5.97240","45.80453"
"74233","74861","GRAND ANNECY","SF22","PI","100",NULL,NULL," ","4.6","3.4","60","2023-06-06","OUI","01","930883.06","6526998.03","5.97334","45.80348"
"74233","64467","GRAND ANNECY","SF23","PI","100",NULL,NULL," ","3.25","2","60","2023-06-06","OUI","01","931032.81","6526892.74","5.97522","45.80248"
"74233","65830","GRAND ANNECY","SF24","PI","100",NULL,NULL," ","5.7","4.65","60","2023-06-05","OUI","01","931155.29","6526927.70","5.97681","45.80276"
"74233","64466","GRAND ANNECY","SF25","PI","65",NULL,NULL," ","6.5","1","23","2023-06-06","OUI","01","931133.69","6526991.77","5.97657","45.80334"
"74233","82389","GRAND ANNECY","SF26","PI","100",NULL,NULL," ","6","1","15","2023-06-06","OUI","01","931248.23","6527108.22","5.97810","45.80435"
"74233","64538","GRAND ANNECY","SF27","PI","100",NULL,NULL," ","5.1","4.2","60","2023-06-05","OUI","01","931413.22","6527091.26","5.98021","45.80414"
"74233","64545","GRAND ANNECY","SF28","PI","100","125","2022-06-27",NULL,"3.7","2.85","60","2023-05-24","OUI","01","931358.74","6526895.41","5.97941","45.80240"
"74233","65829","GRAND ANNECY","SF29","PI","100",NULL,NULL," ","3.7","3.1","60","2023-05-24","OUI","01","931247.74","6526782.98","5.97793","45.80142"
"74233","65827","GRAND ANNECY","SF31","PI","65",NULL,NULL," ","4.25","1","23","2023-05-24","OUI","01","931161.71","6526695.32","5.97678","45.80066"
"74233","65828","GRAND ANNECY","SF32","PI","100",NULL,NULL," ","3.75","1.8","60","2023-05-24","OUI","01","931197.89","6526593.67","5.97720","45.79974"
"74233","64546","GRAND ANNECY","SF33","PI","100",NULL,NULL," ","6.8","1","56","2023-05-24","OUI","01","931325.98","6526544.24","5.97882","45.79925"
"74233","64544","GRAND ANNECY","SF34","PI","65",NULL,NULL," ","6.6","2.2","60","2023-05-24","OUI","01","931575.23","6526930.81","5.98222","45.80264"
"74233","64543","GRAND ANNECY","SF35","PI","100",NULL,NULL," ","4.5","2.1","60","2023-05-24","OUI","01","931595.46","6526835.97","5.98243","45.80178"
"74233","64542","GRAND ANNECY","SF36","PI","100",NULL,NULL," ","2.4","1.5","60","2023-05-24","OUI","01","931679.58","6526764.26","5.98348","45.80111"
"74233","64541","GRAND ANNECY","SF37","PI","100",NULL,NULL," ","2","1","43","2023-05-24","OUI","01","931647.37","6526553.14","5.98296","45.79922"
"74233","64540","GRAND ANNECY","SF38","PI","100",NULL,NULL," ","2.9","1","45","2023-05-24","OUI","05","931845.40","6526913.46","5.98568","45.80239"
"74233","64539","GRAND ANNECY","SF39","PI","100",NULL,NULL," ","3.2","1","41","2023-05-24","OUI","01","932002.02","6527127.33","5.98780","45.80427"
"74233","6282507","GRAND ANNECY","SF39BIS","PI","100","125","2020-03-01","CHEMIN DES VILLARDS","2.1","1","12","2023-05-24","OUI","01","932583.39","6527156.13","5.99530","45.80433"
"74233","64527","GRAND ANNECY","SF40","PI","100","80","2018-11-09"," ","3.5","1","48","2023-06-05","OUI","01","931619.66","6527192.89","5.98292","45.80499"
"74233","64537","GRAND ANNECY","SF41","PI","100",NULL,NULL," ","4.6","3.95","60","2023-06-05","OUI","01","931511.42","6527209.08","5.98153","45.80517"
"74233","6281708","GRAND ANNECY","SF42","PI","100","100","2018-12-05","ROUTE DE LIGNIERE","3.5","3.1","60","2023-06-05","OUI","01","931618.16","6527323.97","5.98296","45.80617"
"74233","64471","GRAND ANNECY","SF43","PI","100",NULL,NULL," ","2.8","2.2","60","2023-06-05","OUI","01","931705.79","6527350.23","5.98410","45.80637"
"74233","64470","GRAND ANNECY","SF44","PI","100",NULL,NULL," ","2.1","1.7","60","2023-06-05","OUI","05","931828.46","6527456.22","5.98573","45.80728"
"74233","64469","GRAND ANNECY","SF45","PI","100",NULL,NULL," ","2.25","1.9","60","2023-06-05","OUI","01","931953.14","6527527.53","5.98737","45.80788"
"74233","74862","GRAND ANNECY","SF46","PI","100",NULL,NULL," ","4.15","1","42","2023-06-05","OUI","01","932206.15","6527420.72","5.99057","45.80684"
"74233","74863","GRAND ANNECY","SF47","PI","100",NULL,NULL," ","5.1","1","46","2023-06-05","OUI","01","932394.92","6527647.26","5.99311","45.80881"
"74233","73863","GRAND ANNECY","SF48","PI","100",NULL,NULL," ","5.4","1","43","2023-06-05","OUI","01","932416.47","6527823.80","5.99348","45.81039"
"74233","73864","GRAND ANNECY","SF49","PI","100","125","2018-01-18","ROUTE DE PATTU","6","1","42","2023-06-05","OUI","05","932656.69","6528102.98","5.99670","45.81282"
"74233","64460","GRAND ANNECY","SF51","PI","65","60",NULL," ","7.8","1","39","2023-06-05","OUI","01","932563.29","6528340.65","5.99562","45.81499"
"74233","64458","GRAND ANNECY","SF54","PI","100","80",NULL," ","5.8","1","35","2023-06-05","OUI","01","932357.94","6528208.03","5.99291","45.81387"
"74233","64461","GRAND ANNECY","SF55","PI","100","60",NULL," ","8.3","1","52","2023-06-05","OUI","01","932319.12","6528379.52","5.99249","45.81543"
"74233","75018","GRAND ANNECY","SF56","PI","100","100",NULL," ","2.8","1","44","2023-06-05","OUI","01","932018.47","6528524.11","5.98870","45.81683"
"74233","75017","GRAND ANNECY","SF57","PI","100","100",NULL," ","3","1","52","2023-06-05","OUI","01","931877.75","6528485.01","5.98687","45.81653"
"74233","64462","GRAND ANNECY","SF58","PI","100","100",NULL," ","3.05","2.3","60","2023-06-05","OUI","01","931862.66","6528123.61","5.98650","45.81328"
"74233","64463","GRAND ANNECY","SF59","PI","100",NULL,NULL," ","3.1","2.3","60","2023-06-05","OUI","01","931844.49","6528011.46","5.98621","45.81228"
"74233","64464","GRAND ANNECY","SF60","PI","100",NULL,NULL," ","2.7","2.2","60","2023-06-05","OUI","01","931804.10","6527787.06","5.98558","45.81027"
"74233","6281707","GRAND ANNECY","SF61","PI","100","125","2018-07-01","ROUTE D ANNECY","5","3.1","60","2023-06-05","OUI","01","931560.81","6527471.19","5.98229","45.80751"
"74233","64393","GRAND ANNECY","SF62","PI","100","100",NULL," ","7","5","60","2023-06-05","OUI","01","931309.66","6528568.07","5.97960","45.81747"
"74233","64394","GRAND ANNECY","SF63","PI","100","100",NULL," ","7.75","5","60","2023-06-05","OUI","01","931171.83","6528710.57","5.97789","45.81880"
"74233","64395","GRAND ANNECY","SF64","PI","100","100",NULL,"ROUTE DE LA SAUPHAZ","7.8","5","60","2023-06-05","OUI","01","931136.93","6528661.51","5.97742","45.81837"
"74233","82412","GRAND ANNECY","SF65","PI","100",NULL,NULL,"ROUTE DE LA SAUPHAZ","8.3","4.9","60","2023-06-05","OUI","01","931000.37","6528691.85","5.97568","45.81868"
"74233","75019","GRAND ANNECY","SF66","PI","100","100",NULL," ","9","4.4","60","2023-06-05","OUI","01","930942.16","6528858.65","5.97501","45.82021"
"74233","71351","GRAND ANNECY","SF67","PI","100","100","2010-01-01"," ","9.4","3.3","60","2023-06-05","OUI","01","930615.01","6528788.75","5.97076","45.81969"
"74233","75020","GRAND ANNECY","SF68","PI","100","100","2010-01-01"," ","9.8","2.8","60","2023-06-05","OUI","01","930426.09","6528442.99","5.96816","45.81664"
"74233","75021","GRAND ANNECY","SF69","PI","100",NULL,NULL," ","3.1","1","42","2023-06-05","OUI","01","930953.58","6527674.48","5.97458","45.80955"
"74233","64397","GRAND ANNECY","SF70","PI","65",NULL,NULL," ","3.2","1","18","2023-06-05","OUI","01","930843.49","6527721.55","5.97319","45.81001"
"74233","64449","GRAND ANNECY","SF71","PI","100",NULL,NULL," ","3.5","1.3","62","2023-06-05","OUI","01","930810.84","6527551.13","5.97268","45.80848"
"74233","64450","GRAND ANNECY","SF72","PI","100",NULL,NULL," ","3.9","1.5","60","2023-06-05","OUI","01","930599.80","6527554.06","5.96997","45.80858"
"74233","82413","GRAND ANNECY","SF73","PI","100",NULL,NULL," ","5.4","2.2","60","2023-06-05","OUI","01","930499.18","6527736.43","5.96876","45.81026"
"74233","64452","GRAND ANNECY","SF74","PI","100",NULL,NULL," ","3.9","1.4","60","2023-06-05","OUI","01","930476.08","6527502.34","5.96835","45.80816"
"74233","64451","GRAND ANNECY","SF75","PI","100",NULL,NULL," ","2.8","1","52","2023-06-05","OUI","01","930553.89","6527464.20","5.96933","45.80779"
"74233","64453","GRAND ANNECY","SF76","PI","100",NULL,NULL," ","3","1","53","2023-06-05","OUI","01","930511.72","6527296.32","5.96871","45.80629"
"74233","64455","GRAND ANNECY","SF77","PI","100",NULL,NULL," ","5","3.4","60","2023-06-05","OUI","01","930749.74","6527208.01","5.97173","45.80542"
"74233","64454","GRAND ANNECY","SF78","PI","100",NULL,NULL," ","3.8","2.1","60","2023-06-05","OUI","01","930815.84","6527376.87","5.97266","45.80691"
"74233","77795","GRAND ANNECY","SF79","PI","65","100",NULL," ","5.4","1.3","62","2023-06-05","OUI","01","930088.53","6527347.54","5.96329","45.80690"
"74233","65837","GRAND ANNECY","SF80","PI","100","60",NULL," ","7.1","1","23","2023-06-06","OUI","01","929885.45","6526400.46","5.96022","45.79844"
"74233","83410","GRAND ANNECY","SF81","PI","100",NULL,"1998-01-01"," ","5.4","3.1","60","2023-06-06","OUI","01","930675.08","6526450.42","5.97040","45.79863"
"74233","82388","GRAND ANNECY","SF82","PI","100","100",NULL," ","6.55","3.1","60","2023-06-06","OUI","01","930335.48","6526660.38","5.96614","45.80063"
"74233","64396","GRAND ANNECY","SF83","PI","100","100",NULL,NULL,"5.4","1.4","60","2023-06-05","OUI","01","931075.35","6528103.87","5.97635","45.81337"
"74233","74547","GRAND ANNECY","SF84","PI","100",NULL,NULL,"ROUTE D AIX LES BAINS","5.3","3.05","60","2023-06-06","OUI","01","930664.90","6526498.60","5.97030","45.79906"
"74233","64465","GRAND ANNECY","SF85","PI","100","100",NULL," ","4.3","2.7","60","2023-06-05","OUI","01","931574.19","6527762.59","5.98261","45.81013"
"74233","83062","GRAND ANNECY","SF86","PI","100","100",NULL," ","5","3.1","60","2023-06-06","OUI","01","930807.78","6526756.64","5.97226","45.80134"
"74233","63700","GRAND ANNECY","SF87","PI","100","100",NULL," ","4.2","3","60","2023-06-05","OUI","01","931654.59","6527701.02","5.98361","45.80955"
"74233","63688","GRAND ANNECY","SF89","PI","150","100",NULL," ","5","3","60","2023-06-06","OUI","01","930795.06","6526353.68","5.97190","45.79771"
"74233","82590","GRAND ANNECY","SF90","PI","150","100",NULL," ","5.3","3.2","60","2023-06-06","OUI","05","930716.46","6526375.02","5.97090","45.79793"
"74233","63500","GRAND ANNECY","SF91","PI","150",NULL,"1990-01-01"," ","5.7","3.6","60","2023-06-06","OUI","01","930741.25","6526242.52","5.97115","45.79673"
"74233","122403","GRAND ANNECY","SF93","PI","100","150","2007-01-01"," ","6.3","4","60","2023-06-06","OUI","05","930701.15","6526101.98","5.97057","45.79548"
"74233","122657","GRAND ANNECY","SF94","PI","150","150",NULL," ","5","2.9","60","2023-06-06","OUI","05","930766.49","6526456.24","5.97158","45.79865"
"74233","122659","GRAND ANNECY","SF95","PI","100",NULL,"1985-01-01"," ","2.9","1","54","2023-05-24","OUI","01","931569.58","6526525.67","5.98195","45.79900"
"74233","122660","GRAND ANNECY","SF97","PI","100",NULL,"2014-01-01"," ","5.7","4","60","2023-06-06","OUI","01","930704.28","6526611.81","5.97086","45.80007"
"74242","80381","GRAND ANNECY","SJ01","PI","100",NULL,NULL,"CHEMIN DE LA MINE","4.3","1","36","2024-08-01","OUI","01","943751.33","6530419.86","6.14065","45.82979"
"74242","67024","GRAND ANNECY","SJ02","PI","100","125","2012-06-14","ROUTE DE LA COTE","3.7","1","34","2024-08-01","OUI","01","943833.03","6530377.75","6.14168","45.82938"
"74242","80806","GRAND ANNECY","SJ03","PI","100",NULL,"2020-06-10","ROUTE DE LORNARD","3.5","1","31","2024-08-01","OUI","01","943898.28","6530236.46","6.14244","45.82809"
"74242","80805","GRAND ANNECY","SJ04","PI","65",NULL,"1965-01-01","ROUTE DU COL DE LESCHAUX","3.2","1","29","2024-08-01","OUI","01","943886.38","6530176.56","6.14226","45.82755"
"74242","67025","GRAND ANNECY","SJ05","PI","100",NULL,"1965-01-01","ROUTE DE LORNARD","5.3","1","42","2024-08-01","OUI","01","944014.97","6529994.76","6.14382","45.82587"
"74242","80804","GRAND ANNECY","SJ06","PI","100",NULL,"1985-01-01","ALLEE DES GLEZYS","6.2","1","32","2024-07-31","OUI","01","943974.12","6529848.80","6.14322","45.82457"
"74242","67274","GRAND ANNECY","SJ07","PI","65","60","1965-01-01","ROUTE DE LORNARD","7.7","1","39","2024-07-31","OUI","05","943944.18","6529708.96","6.14276","45.82332"
"74242","82054","GRAND ANNECY","SJ08","PI","100","100","1965-01-01","CHEMIN DES BRUYERES","7.2","1","60","2024-07-31","OUI","01","944079.73","6529922.32","6.14462","45.82519"
"74242","67275","GRAND ANNECY","SJ09","PI","100",NULL,"1965-01-01","ROUTE DE LORNARD","9.9","3.2","60","2024-07-31","OUI","01","944146.21","6529829.45","6.14542","45.82433"
"74242","80803","GRAND ANNECY","SJ10","PI","65","60","1980-01-01","IMPASSE DE LORNARD","11.1","1","57","2024-07-31","OUI","01","944199.86","6529822.22","6.14611","45.82425"
"74242","67249","GRAND ANNECY","SJ100","PI","100","125","2013-11-15","ROUTE DU VILLARD","8","7.1","60","2023-04-13","OUI","01","945787.70","6530037.17","6.16666","45.82561"
"74242","67250","GRAND ANNECY","SJ101","PI","100","100","1965-01-01","ROUTE DES BONS MOLARDS","8.3","7.4","60","2023-04-11","OUI","01","945652.90","6530287.45","6.16505","45.82791"
"74242","67251","GRAND ANNECY","SJ102","PI","100","100","1965-01-01","ROUTE DES BONS MOLARDS","8.9","7.9","60","2023-04-11","OUI","01","945482.70","6530339.88","6.16289","45.82845"
"74242","67252","GRAND ANNECY","SJ103","PI","100",NULL,"1965-01-01","ROUTE DES BONS MOLARDS","8.7","7.4","60","2023-04-11","OUI","01","945290.33","6530374.01","6.16043","45.82882"
"74242","79577","GRAND ANNECY","SJ104","PI","100","100",NULL,"ROUTE DU CENTRE","5.6","3.5","60","2023-04-11","OUI","01","945461.47","6530641.24","6.16277","45.83117"
"74242","80513","GRAND ANNECY","SJ105","PI","100","100","1965-01-01","ROUTE DU CENTRE","5.2","3.7","60","2021-04-27","OUI","01","945398.23","6530742.27","6.16201","45.83210"
"74242","67253","GRAND ANNECY","SJ106","PI","100","100","2008-01-01","ROUTE DE L EGLISE","4.8","3.2","60","2023-04-11","OUI","01","945343.70","6530721.29","6.16130","45.83193"
"74242","82050","GRAND ANNECY","SJ107","PI","100","100","1965-01-01","ALLEE DES PEUPLIERS","4.9","3.2","60","2023-04-11","OUI","01","945254.54","6530756.82","6.16017","45.83228"
"74242","79645","GRAND ANNECY","SJ108","PI","100","100",NULL,"CHEMIN DES MOULINS","8.3","1","53","2023-04-11","OUI","01","945134.66","6530610.55","6.15855","45.83101"
"74242","67340","GRAND ANNECY","SJ11","PI","100",NULL,"1965-01-01","ROUTE DE LORNARD","10.5","3.2","60","2024-07-31","OUI","01","944223.90","6529901.87","6.14646","45.82496"
"74242","67254","GRAND ANNECY","SJ110","PI","100","100","1995-01-01","IMPASSE DE LA TOURNETTE","5.6","2.4","60","2023-04-11","OUI","01","945243.60","6530438.11","6.15986","45.82942"
"74242","67255","GRAND ANNECY","SJ111","PI","100","100","1965-01-01","CHEMIN DES MOULINS","8.7","7.4","60","2023-04-11","OUI","01","945042.49","6530454.77","6.15728","45.82964"
"74242","83033","GRAND ANNECY","SJ112","PI","100","125",NULL,"ROUTE DE MONNETIER","8.3","7.5","60","2023-04-11","OUI","01","945077.50","6530345.84","6.15768","45.82865"
"74242","67199","GRAND ANNECY","SJ113","PI","100","100","1970-01-01","CHEMIN DES MOULINS","7.7","6.7","60","2023-04-13","OUI","01","944859.89","6530201.73","6.15480","45.82743"
"74242","81994","GRAND ANNECY","SJ115","PI","100","125",NULL,"ROUTE DE MONNETIER","7.1","6.2","60","2023-04-13","OUI","01","944824.82","6530121.54","6.15431","45.82672"
"74242","80515","GRAND ANNECY","SJ116","PI","100",NULL,"1965-01-01","ROUTE DES BOURALES","8","6.6","60","2023-04-11","OUI","01","945060.23","6530174.35","6.15737","45.82711"
"74242","80514","GRAND ANNECY","SJ117","PI","100",NULL,"1975-01-01","IMPASSE DES MOLARDS","7.8","6.1","60","2016-03-21","OUI","01","945252.10","6530267.51","6.15988","45.82788"
"74242","67201","GRAND ANNECY","SJ118","PI","100",NULL,"1965-01-01","ROUTE DES BOURALES","8.1","5.9","60","2023-04-11","OUI","01","945326.54","6530179.13","6.16080","45.82706"
"74242","67202","GRAND ANNECY","SJ119","PI","100","100","1990-01-01","IMPASSE DES COLVERTS","8.1","6.1","60","2023-04-11","OUI","05","945406.98","6530236.57","6.16186","45.82754"
"74242","67341","GRAND ANNECY","SJ12","PI","100","100","1995-01-01","CLOS DES PERVENCHES","10.2","3","60","2024-07-31","OUI","01","944206.22","6529973.72","6.14627","45.82561"
"74242","67203","GRAND ANNECY","SJ120","PI","100",NULL,"1965-01-01","IMPASSE DES BOURALES","5.1","1","46","2023-04-14","OUI","05","945319.05","6529911.64","6.16056","45.82465"
"74242","67204","GRAND ANNECY","SJ121","PI","100",NULL,"1965-01-01","IMPASSE DES BOURALES","5.2","1.1","60","2023-04-14","OUI","01","945291.16","6530002.27","6.16025","45.82548"
"74242","79575","GRAND ANNECY","SJ122","PI","100","100","1990-01-01","IMPASSE DES CHENES","4.9","1","48","2023-04-14","OUI","05","945171.31","6529948.78","6.15868","45.82504"
"74242","81922","GRAND ANNECY","SJ123","PI","65",NULL,"1965-01-01","IMPASSE DE LA CHESNAIE","6.1","1","35","2023-04-14","OUI","01","944918.11","6529980.80","6.15544","45.82542"
"74242","66928","GRAND ANNECY","SJ124","PI","65",NULL,"1965-01-01","IMPASSE DE CHARVA","6.8","1","42","2021-04-21","OUI","01","944757.97","6529993.42","6.15338","45.82559"
"74242","80800","GRAND ANNECY","SJ125","PI","100","100",NULL,"ROUTE DE MONNETIER","6.7","5.8","60","2023-04-05","OUI","01","944616.56","6530010.46","6.15157","45.82579"
"74242","66929","GRAND ANNECY","SJ126","PI","100","100","1950-01-01","ROUTE D ENTREDOZON","5.5","4.9","60","2023-04-05","OUI","01","944534.55","6529707.07","6.15036","45.82309"
"74242","66930","GRAND ANNECY","SJ127","PI","100","125","2015-11-02","ROUTE D ENTREDOZON","4.7","3.8","60","2023-04-05","OUI","01","944377.67","6529528.86","6.14825","45.82155"
"74242","80516","GRAND ANNECY","SJ128","PI","100","100","1975-01-01","IMPASSE DES NOYERS","1.5","1","52","2023-04-05","OUI","01","944719.11","6529594.11","6.15268","45.82201"
"74242","79644","GRAND ANNECY","SJ129","PI","100","125","2015-11-02","ROUTE D ENTREDOZON","4.5","3.5","60","2023-04-05","OUI","01","944354.06","6529359.44","6.14786","45.82003"
"74242","66931","GRAND ANNECY","SJ129BIS","PI","100","125","1950-01-01","ROUTE D ENTREDOZON","3.3","2.3","60","2023-04-05","OUI","01","944299.48","6529118.54","6.14703","45.81788"
"74242","66932","GRAND ANNECY","SJ129TER","PI","100","100","2006-06-01","ROUTE DE CHEZ CUBLIER","5.7","2.3","60","2023-04-05","OUI","01","944105.33","6528640.84","6.14429","45.81365"
"74242","67342","GRAND ANNECY","SJ13","PI","100",NULL,"1965-01-01","ROUTE DE LORNARD","4.9","2.1","60","2024-07-31","OUI","01","944333.27","6529961.42","6.14790","45.82545"
"74242","80517","GRAND ANNECY","SJ130","PI","100","100","1950-01-01","PASSAGE DU LAVOIR","6.8","3.5","60","2023-04-05","OUI","01","943997.79","6528218.51","6.14269","45.80989"
"74242","66933","GRAND ANNECY","SJ131","PI","100","100","1950-01-01","ROUTE D ENTREDOZON","4.4","3","60","2016-03-22","OUI","05","943897.99","6528403.55","6.14150","45.81159"
"74242","81923","GRAND ANNECY","SJ132","PI","100","100","1950-01-01","ROUTE D ENTREDOZON","4.8","2.1","60","2023-04-05","OUI","05","943813.09","6528275.33","6.14034","45.81047"
"74242","81993","GRAND ANNECY","SJ133","PI","100","100","1950-01-01","ROUTE D ENTREDOZON","2.8","1.7","60","2023-04-05","OUI","01","943796.28","6528096.09","6.14003","45.80886"
"74242","67195","GRAND ANNECY","SJ134","PI","100","100","1950-01-01","ROUTE DU VILLAGE","6","2.2","60","2023-04-05","OUI","01","943995.82","6528133.51","6.14262","45.80913"
"74242","67196","GRAND ANNECY","SJ135","PI","65","60","1950-01-01","ROUTE DU VILLAGE","6.3","1","28","2024-08-05","OUI","01","944139.72","6527846.13","6.14432","45.80649"
"74242","67205","GRAND ANNECY","SJ136","PI","65","60",NULL,"IMPASSE DES TERREAUX","5.7","1","12","2023-04-05","OUI","01","944873.59","6527718.12","6.15370","45.80508"
"74242","80799","GRAND ANNECY","SJ137","PI","65",NULL,"1965-01-01","IMPASSE DES TERREAUX","5.8","1","12","2023-04-05","OUI","01","944897.86","6528089.24","6.15420","45.80841"
"74242","81995","GRAND ANNECY","SJ138","PI","65",NULL,"1965-01-01","IMPASSE DES TERREAUX","9.9","1","17","2023-04-05","OUI","05","944917.00","6528672.58","6.15475","45.81365"
"74242","79576","GRAND ANNECY","SJ139","PI","100","100","1965-01-01","ROUTE DU DOUCET","8.5","3.9","60","2023-04-13","OUI","01","945553.80","6530127.61","6.16369","45.82651"
"74242","67206","GRAND ANNECY","SJ139BIS","PI","100","125","2017-05-23","IMPASSE DU BOUCHET","10.9","6.5","60","2023-04-13","OUI","01","945637.70","6529563.73","6.16448","45.82141"
"74242","82059","GRAND ANNECY","SJ14","PI","100","60","1965-01-01","ROUTE DE CHEZ BESSON","6.2","2.4","60","2024-07-31","OUI","01","944377.18","6530146.44","6.14856","45.82710"
"74242","67207","GRAND ANNECY","SJ140","PI","100","125","2017-05-23","IMPASSE DU BOUCHET","6","3.5","60","2023-04-13","OUI","01","945711.40","6529149.87","6.16522","45.81766"
"74242","67208","GRAND ANNECY","SJ141","PI","100",NULL,NULL,"ROUTE DE LA MAGNE","5.3","1","26","2023-04-18","OUI","01","945798.65","6528168.01","6.16583","45.80879"
"74242","67209","GRAND ANNECY","SJ142","PI","40","40",NULL,"CHEMIN DE CHANTEGRILLET","5.5","0","0","2011-03-21","OUI","01","946079.13","6528592.84","6.16966","45.81251"
"74242","80479","GRAND ANNECY","SJ143","PI","65",NULL,"1965-01-01","ROUTE DE LA MAGNE","5.6","1.5","60","2023-04-17","OUI","01","945897.45","6528658.87","6.16736","45.81317"
"74242","67210","GRAND ANNECY","SJ144","PI","65",NULL,NULL,"ROUTE DE LA MAGNE","6.9","1","23","2023-04-17","OUI","05","946201.07","6529001.88","6.17144","45.81615"
"74242","67461","GRAND ANNECY","SJ146","PI","65",NULL,NULL,"IMPASSE DES ROSIERES","5.3","1","15","2023-04-17","OUI","05","946444.80","6529257.16","6.17471","45.81836"
"74242","67460","GRAND ANNECY","SJ147","PI","65",NULL,NULL,"ROUTE DE LA MAGNE","4.7","1","13","2023-04-17","OUI","01","946283.56","6529265.73","6.17264","45.81849"
"74242","6281334","GRAND ANNECY","SJ147BIS","PI","100","125","2015-03-20","ROUTE DE LA MAGNE","3.1","2.8","60","2021-04-19","OUI","01","946014.78","6529651.64","6.16938","45.82206"
"74242","67462","GRAND ANNECY","SJ148","PI","100","125",NULL,"ROUTE DE LA MAGNE","3.6","3","60","2023-04-17","OUI","01","946094.56","6529812.25","6.17049","45.82348"
"74242","6281333","GRAND ANNECY","SJ148BIS","PI","100","125","2014-09-15","IMPASSE DU CONIS","4.2","3","60","2023-04-17","OUI","01","946363.48","6529762.77","6.17393","45.82294"
"74242","80512","GRAND ANNECY","SJ149","PI","100",NULL,"1990-01-01","IMPASSE ANEMONE","3.9","1.3","60","2023-04-17","OUI","01","946427.21","6529746.55","6.17474","45.82277"
"74242","82120","GRAND ANNECY","SJ150","PI","100",NULL,"1990-01-01","IMPASSE DU CONIS","3.6","1","38","2023-04-17","OUI","01","946481.60","6529659.11","6.17539","45.82196"
"74242","6281746","GRAND ANNECY","SJ152","PI","65",NULL,"1965-01-01","LES PRES CONIS","3.9","1","28","2023-04-17","OUI","01","946608.68","6529635.21","6.17702","45.82170"
"74242","67518","GRAND ANNECY","SJ153","PI","65",NULL,"2021-05-31","IMPASSE DU CONIS","1.8","1","14","2023-04-17","OUI","01","946755.47","6529295.15","6.17873","45.81859"
"74242","67519","GRAND ANNECY","SJ154","PI","100",NULL,NULL,"CHEMIN DU BULOZ","5.8","1","35","2023-04-18","OUI","01","946582.41","6529792.52","6.17676","45.82312"
"74242","80482","GRAND ANNECY","SJ154BIS","PI","80","80",NULL,"CHEMIN DU BULOZ","5.6","1","32","2023-04-18","OUI","01","946677.06","6529736.85","6.17795","45.82259"
"74242","82129","GRAND ANNECY","SJ156","PI","65",NULL,NULL,"ALLEE DES VIGNES DU BULOZ","7","2.7","60","2023-04-18","OUI","01","946529.01","6530032.48","6.17620","45.82530"
"74242","6281824","GRAND ANNECY","SJ157","PI","100","125","2016-05-01","ROUTE DE BORDON","8.3","3.7","60","2023-04-18","OUI","01","947082.51","6530014.52","6.18331","45.82494"
"74242","80481","GRAND ANNECY","SJ158","PI","100","125","2016-05-01","ROUTE DE BORDON","8.3","3.5","60","2023-04-18","OUI","01","947201.51","6529940.77","6.18480","45.82423"
"74242","67520","GRAND ANNECY","SJ159","PI","100",NULL,"1965-01-01","ROUTE DES CHAMPS FLEURIS","6.3","4.1","60","2023-04-18","OUI","01","946982.90","6529592.79","6.18181","45.82118"
"74242","80801","GRAND ANNECY","SJ16","PI","100","100","1965-01-01","ROUTE DE LORNARD","6.5","4.2","60","2024-07-31","OUI","01","944561.85","6530370.28","6.15105","45.82905"
"74242","67521","GRAND ANNECY","SJ160","PI","100","125","1970-01-01","IMPASSE DES CHAMPS FLEURIS","9.4","4.1","60","2024-07-31","OUI","01","947151.31","6530290.52","6.18434","45.82740"
"74242","67522","GRAND ANNECY","SJ161","PI","100",NULL,NULL,"ROUTE DE BORDON","9","6.2","60","2023-04-13","OUI","01","946551.57","6530178.80","6.17656","45.82661"
"74242","78830","GRAND ANNECY","SJ161BIS","PI","100","100","2006-04-01","CHEMIN DU BULOZ","7.8","5.7","60","2023-04-18","OUI","01","946589.41","6530071.06","6.17699","45.82563"
"74242","67523","GRAND ANNECY","SJ162","PI","100","125",NULL,"ROUTE DES GRANDS CHAMPS","8","6.1","60","2023-04-13","OUI","01","946176.12","6530329.85","6.17181","45.82811"
"74242","78831","GRAND ANNECY","SJ162BIS","PI","100","125",NULL,"ROUTE DE BORDON","8.9","7.9","60","2023-04-13","OUI","01","946222.68","6530208.89","6.17234","45.82700"
"74242","80484","GRAND ANNECY","SJ164BIS","PI","100","100",NULL,"ROUTE DE FILLY","8.9","7.9","60","2023-04-18","OUI","01","946123.00","6530226.11","6.17107","45.82719"
"74242","80483","GRAND ANNECY","SJ166","PI","100","160",NULL,"IMPASSE DU VILLARET","6.9","5.7","60","2023-04-13","OUI","01","946214.62","6530016.99","6.17214","45.82528"
"74242","79221","GRAND ANNECY","SJ167","PI","100","100","1975-01-01","ALLEE DES EDELWEISS","5.1","3.6","60","2015-11-04","OUI","01","946324.85","6529909.12","6.17350","45.82427"
"74242","80511","GRAND ANNECY","SJ168","PI","65",NULL,"1965-01-01","ALLEE DES CEDRES","5","1","45","2023-04-13","OUI","05","946123.28","6530031.00","6.17097","45.82544"
"74242","67017","GRAND ANNECY","SJ169","PI","100",NULL,NULL,"ROUTE DE VILLARET","6.2","5.6","60","2023-04-13","OUI","01","946038.53","6529946.03","6.16984","45.82470"
"74242","80802","GRAND ANNECY","SJ16BIS","PI","100","100","1965-01-01","ROUTE DE LORNARD","5.7","2.9","60","2024-07-31","OUI","05","944476.22","6530440.11","6.14999","45.82971"
"74242","67343","GRAND ANNECY","SJ17","PI","100","125","2018-01-01","ROUTE DE MACHEVAZ","6","3.6","60","2024-07-31","OUI","01","944517.80","6530391.57","6.15050","45.82926"
"74242","67018","GRAND ANNECY","SJ171","PI","100","100",NULL,"ROUTE DE VILLARET","8.7","7","60","2023-04-13","OUI","05","945851.57","6529947.61","6.16743","45.82478"
"74242","67019","GRAND ANNECY","SJ172","PI","100","125","2017-03-01","ROUTE D ALBERTVILLE","5.4","3.6","60","2024-07-31","OUI","01","946868.39","6530607.25","6.18086","45.83035"
"74242","67020","GRAND ANNECY","SJ173","PI","100","125",NULL,"ROUTE D ALBERTVILLE","5.5","3.8","60","2024-07-31","OUI","01","946720.83","6530669.63","6.17899","45.83097"
"74242","80326","GRAND ANNECY","SJ173BIS","PI","100","100","1990-01-01","IMPASSE DES MARAIS","5.7","4.5","60","2024-07-31","OUI","01","946795.11","6530976.90","6.18011","45.83370"
"74242","81929","GRAND ANNECY","SJ174","PI","100","100","2000-01-01","IMPASSE DES MARAIS","5.6","4.4","60","2024-08-05","OUI","01","946690.36","6530963.00","6.17875","45.83362"
"74242","67021","GRAND ANNECY","SJ175","PI","100",NULL,"1965-01-01","IMPASSE DE LA TUILERIE","6.1","4.3","60","2024-08-01","OUI","01","946781.75","6531201.36","6.18005","45.83573"
"74242","79196","GRAND ANNECY","SJ176","PI","100","60","1965-01-01","CHEMIN DE LA TUILERIE","5.8","2.7","60","2024-08-01","OUI","01","946554.42","6531151.79","6.17710","45.83536"
"74242","67022","GRAND ANNECY","SJ177","PI","100",NULL,NULL,"ROUTE D ALBERTVILLE","5.3","1","50","2024-07-31","OUI","01","946551.36","6530706.30","6.17683","45.83136"
"74242","67023","GRAND ANNECY","SJ178","PI","65",NULL,NULL,"ROUTE D ALBERTVILLE","4.7","1","30","2014-10-10","OUI","01","946394.48","6530720.75","6.17482","45.83154"
"74242","80811","GRAND ANNECY","SJ179","PI","65","60","1965-01-01","ROUTE DE CHARAFINE","7.5","1.9","60","2024-07-31","OUI","01","944630.60","6530912.22","6.15222","45.83390"
"74242","6281744","GRAND ANNECY","SJ179BIS","PI","100","100","2010-11-24","ROUTE DE CHARAFINE","8.4","2.2","60","2024-08-01","OUI","05","944735.46","6530921.73","6.15357","45.83395"
"74242","67344","GRAND ANNECY","SJ18","PI","65","125","2012-06-14","ROUTE DE LA COTE","6.8","1.2","60","2024-08-01","OUI","01","944040.91","6530480.52","6.14440","45.83023"
"74242","74259","GRAND ANNECY","SJ180","PI","100",NULL,"1975-01-01","IMPASSE DES POMMIERS","8.6","1","59","2024-08-01","OUI","01","944873.21","6530904.96","6.15533","45.83375"
"74242","80812","GRAND ANNECY","SJ181","PI","100","100","2010-01-01","ROUTE D EPAGNY","7.4","4.1","60","2024-08-01","OUI","05","944498.38","6531028.71","6.15057","45.83500"
"74242","74260","GRAND ANNECY","SJ182","PI","100","100","2009-07-01","ROUTE DE TAVAN","4.5","3.9","60","2024-07-31","OUI","01","945742.36","6530844.16","6.16649","45.83289"
"74242","74261","GRAND ANNECY","SJ183","PI","100","100","1965-01-01","ROUTE DU VILLARD","5.5","3.8","60","2023-04-06","OUI","01","945692.64","6530572.16","6.16571","45.83046"
"74242","74263","GRAND ANNECY","SJ184","PI","100","100","2000-01-01","CLOS DE LA CHESNAIE","7.1","1","57","2023-04-14","OUI","01","944975.04","6530124.70","6.15624","45.82669"
"74242","74592","GRAND ANNECY","SJ185","PI","65","60","1965-01-01","ROUTE DES CHAPELLES","5.1","1","23","2024-08-05","OUI","01","944907.88","6531360.07","6.15602","45.83783"
"74242",NULL,"GRAND ANNECY","Sj188","BI","100","125","2023-11-01",NULL,NULL,NULL,NULL,NULL,"OUI","01","946204.89","6530976.64","6.17251","45.83391"
"74242",NULL,"GRAND ANNECY","SJ188","PI","100","125","2023-12-01",NULL,"5.2","4","60","2024-07-31","OUI","01","946204.89","6530976.64","6.17251","45.83391"
"74242","82819","GRAND ANNECY","SJ189","PI","100","100","1985-01-01","ROUTE DES GRANDS CHAMPS","7.7","4.4","60","2023-04-18","OUI","05","946139.07","6530433.35","6.17138","45.82905"
"74242","67345","GRAND ANNECY","SJ19","PI","100",NULL,NULL,"ROUTE DE LA COTE","5.2","1","54","2024-08-01","OUI","01","944084.31","6530713.28","6.14508","45.83231"
"74242","78921","GRAND ANNECY","SJ190","PI","100","100","2007-01-01","ROUTE DU LANFONNET","5.1","4.2","60","2024-07-31","OUI","01","946443.32","6530876.57","6.17553","45.83293"
"74242","108680","GRAND ANNECY","SJ190BIS","PI","100","100",NULL,"ROUTE DU LANFONNET","5.6","4.4","60","2024-07-31","OUI","01","946699.61","6530847.02","6.17881","45.83257"
"74242","78829","GRAND ANNECY","SJ191","PI","100","100","2007-01-01","IMPASSE DES MARAIS","5.4","4.4","60","2024-07-31","OUI","05","946601.94","6530896.17","6.17758","45.83305"
"74242","6281332","GRAND ANNECY","SJ191BIS","PI","100","100",NULL,"ROUTE DU LANFONNET","5.5","4.5","60","2024-07-31","OUI","01","946794.55","6530806.98","6.18001","45.83217"
"74242","80510","GRAND ANNECY","SJ192","PI","100","100","2009-01-01","IMPASSE DES MARAIS","5.7","4.1","60","2024-07-31","OUI","01","946789.91","6530720.30","6.17991","45.83140"
"74242","67346","GRAND ANNECY","SJ20","PI","65","60","1965-01-01","IMPASSE DE LA COTE","5.3","1","51","2024-08-01","OUI","01","944181.73","6530589.90","6.14627","45.83116"
"74242","80809","GRAND ANNECY","SJ21","PI","65",NULL,"1965-01-01","IMPASSE DE LA COTE","6.4","1","55","2024-08-01","OUI","01","944173.65","6530701.55","6.14623","45.83217"
"74242","83205","GRAND ANNECY","SJ22","PI","65","125","2012-06-14","ROUTE DE LA COTE","8.2","4.4","60","2024-08-01","OUI","01","944204.14","6530867.08","6.14670","45.83365"
"74242","6282669","GRAND ANNECY","SJ22BIS","PI","100","125","2021-09-15","ROUTE DE LA COTE","7.6","4.1","60","2024-08-01","OUI","01","944141.14","6530869.24","6.14589","45.83369"
"74242","80808","GRAND ANNECY","SJ23","PI","65","125","2012-06-14","ROUTE DE LA COTE","10.2","5.5","60","2024-08-01","OUI","01","944361.54","6530646.38","6.14862","45.83161"
"74242","82060","GRAND ANNECY","SJ24","PI","65","60","1980-01-01","ALLEE DES BLEUETS","10","1","43","2024-08-01","OUI","05","944256.99","6531039.79","6.14747","45.83518"
"74242","80810","GRAND ANNECY","SJ25","PI","100",NULL,NULL,"ALLEE DES CAMPANULES","10.2","1","39","2024-08-01","OUI","01","944301.83","6531030.53","6.14804","45.83509"
"74242","83357","GRAND ANNECY","SJ26","PI","65",NULL,NULL,"CHEMIN DU NOIRET","6.6","1","46","2023-04-06","OUI","01","944356.32","6529902.76","6.14817","45.82492"
"74242","67347","GRAND ANNECY","SJ27","PI","100","100","2010-01-01","ROUTE D EPAGNY","7.2","4.2","60","2024-08-01","OUI","05","944506.24","6530927.08","6.15062","45.83408"
"74242","67348","GRAND ANNECY","SJ28","PI","100","125",NULL,"ROUTE D EPAGNY","6.7","4.3","60","2024-07-31","OUI","01","944504.12","6530771.78","6.15052","45.83268"
"74242","67349","GRAND ANNECY","SJ29","PI","100","125",NULL,"ROUTE D EPAGNY","6.4","4.2","60","2024-07-31","OUI","01","944565.54","6530597.49","6.15122","45.83109"
"74242","67350","GRAND ANNECY","SJ30","PI","100","125",NULL,"ROUTE DE LA TIRE","6.5","4.5","60","2024-07-31","OUI","01","944629.04","6530362.45","6.15191","45.82896"
"74242","67351","GRAND ANNECY","SJ31","PI","100","100","1965-01-01","ROUTE DE CHEZ BESSON","5.3","2.4","60","2024-07-31","OUI","01","944462.67","6530226.97","6.14970","45.82780"
"74242","67352","GRAND ANNECY","SJ32","PI","100","125",NULL,"ROUTE D EPAGNY","7.7","5","60","2023-04-06","OUI","01","944627.18","6530179.82","6.15179","45.82731"
"74242","67353","GRAND ANNECY","SJ33","PI","100","100","1990-01-01","CLOS DE LA SCIERIE","7.5","5","60","2023-04-06","OUI","01","944682.32","6530211.64","6.15252","45.82758"
"74242","82061","GRAND ANNECY","SJ34","PI","100","100","1975-01-01","CHEMIN DU NOIRET","6.8","4.2","60","2023-04-06","OUI","01","944493.27","6530002.80","6.14998","45.82577"
"74242","80813","GRAND ANNECY","SJ35","PI","65","63","1965-01-01","ROUTE DE LA CHAPELLE DU PUY","8.7","1","25","2024-08-01","OUI","01","944685.43","6531059.59","6.15300","45.83521"
"74242","6281645","GRAND ANNECY","SJ36","PI","100","100",NULL,"ROUTE DE LA CHAPELLE DU PUY","4.3","1","43","2024-08-01","OUI","01","944805.00","6531098.76","6.15456","45.83552"
"74242","80870","GRAND ANNECY","SJ37","PI","100",NULL,"1965-01-01","ROUTE DE LA CHAPELLE DU PUY","4.2","2.5","60","2024-08-01","OUI","05","944914.17","6531111.19","6.15597","45.83559"
"74242","67592","GRAND ANNECY","SJ38","PI","100",NULL,"2017-11-15","ROUTE DE LA CHAPELLE DU PUY","4.8","3.5","60","2024-08-05","OUI","01","945027.97","6531271.72","6.15752","45.83699"
"74242","67593","GRAND ANNECY","SJ39","PI","100","100","2012-01-12","ROUTE DES CHAPELLES","4.6","3.8","60","2024-08-01","OUI","01","945251.81","6531111.80","6.16031","45.83547"
"74242","67594","GRAND ANNECY","SJ40","PI","100","100",NULL,"ROUTE DE LA TIRE","9.3","6.4","60","2024-08-01","OUI","01","945088.16","6530991.23","6.15815","45.83445"
"74242","78832","GRAND ANNECY","SJ41","PI","100","100","2000-01-01","ROUTE DES NOISETIERS","8.8","5.2","60","2024-07-31","OUI","01","945202.94","6530869.29","6.15956","45.83331"
"74242","81490","GRAND ANNECY","SJ41BIS","PI","100","100","2000-01-01","ROUTE DES VERNES","8.6","5.1","60","2024-07-31","OUI","01","945088.93","6530784.68","6.15805","45.83259"
"74242","67595","GRAND ANNECY","SJ42","PI","100","100","1980-01-01","ROUTE D EPAGNY","7","4.6","60","2024-07-31","OUI","01","944632.17","6530780.11","6.15217","45.83271"
"74242","67596","GRAND ANNECY","SJ43","PI","100","60","1975-01-01","IMPASSE DE LA TIRE","8.8","6.5","60","2024-07-31","OUI","01","944982.08","6530861.69","6.15671","45.83332"
"74242","80807","GRAND ANNECY","SJ44","PI","100","125","2020-08-05","ROUTE DE LA TIRE","8.5","6.2","60","2024-07-31","OUI","01","944886.96","6530756.46","6.15544","45.83241"
"74242","67667","GRAND ANNECY","SJ45","PI","100","100","1965-01-01","ROUTE DE LA VERPILLIERE","6.9","4.5","60","2024-07-31","OUI","01","944659.62","6530671.81","6.15247","45.83173"
"74242","67666","GRAND ANNECY","SJ46","PI","100","100",NULL,"ROUTE DE LA TIRE","8.3","4.8","60","2012-07-04","OUI","05","944778.01","6530568.18","6.15394","45.83075"
"74242","80642","GRAND ANNECY","SJ47","PI","100","100","2012-01-12","ROUTE D ANNECY","4.1","2.9","60","2024-08-01","OUI","01","945422.73","6531002.85","6.16246","45.83443"
"74242","82193","GRAND ANNECY","SJ48","PI","100","125","2021-09-01","ROUTE DE SALES","5.3","3.7","60","2024-08-05","OUI","01","945183.80","6531448.36","6.15961","45.83853"
"74242","6281656","GRAND ANNECY","SJ48BIS","PI","100","100","2006-01-01","ROUTE DE SALES","5.3","3.6","60","2024-08-05","OUI","05","945127.68","6531629.72","6.15898","45.84018"
"74242","67669","GRAND ANNECY","SJ50","PI","100","125","2023-12-12","ROUTE DE SALES",NULL,NULL,NULL,NULL,"OUI","01","945640.56","6531704.05","6.16562","45.84066"
"74242",NULL,"GRAND ANNECY","SJ51","PI","100","125","2023-12-12","ROUTE DE SALES","5.1","4","60","2024-08-05","OUI","10","945621.85","6531618.14","6.16534","45.83990"
"74242","79014","GRAND ANNECY","SJ52","PI","100","125","2014-09-09","ROUTE DU STADE","5.1","3.2","60","2024-08-05","OUI","01","945463.53","6531404.67","6.16319","45.83803"
"74242","80506","GRAND ANNECY","SJ53","PI","100","100","1965-01-01","ROUTE DU LAUDON","4.4","3.8","60","2024-08-01","OUI","01","945495.49","6531090.10","6.16344","45.83519"
"74242","67671","GRAND ANNECY","SJ54","PI","100","100","1975-01-01","ROUTE DU LAUDON","4.7","4.1","60","2024-08-01","OUI","05","945585.91","6531081.19","6.16460","45.83508"
"74242","80507","GRAND ANNECY","SJ55","PI","100",NULL,"1965-01-01","VOIE VERTE","4.7","4","60","2024-08-01","OUI","01","945613.54","6531144.98","6.16499","45.83564"
"74242","74591","GRAND ANNECY","SJ56","PI","80",NULL,"1965-01-01","ROUTE DU LAUDON","5","1","1","2024-08-05","OUI","01","945811.01","6531350.77","6.16764","45.83742"
"74242","6281418","GRAND ANNECY","SJ57","PI","100","125",NULL,"IMPASSE DU LAC","5.7","3.9","60","2024-08-01","OUI","01","946486.08","6531198.20","6.17625","45.83581"
"74242","67672","GRAND ANNECY","SJ58","PI","100",NULL,"1985-01-01","ROUTE DU LAUDON","5.6","4.7","60","2022-05-09","OUI","05","945976.35","6531600.39","6.16989","45.83961"
"74242","74527","GRAND ANNECY","SJ59","PI","100","100","1975-01-01","IMPASSE DES ECLAIREURS","6","4.4","60","2022-05-09","OUI","01","946135.68","6531981.83","6.17214","45.84298"
"74242","79194","GRAND ANNECY","SJ60","PI","100","100","1965-01-01","IMPASSE DES ECLAIREURS","5.3","3.9","60","2024-08-05","OUI","01","946173.98","6531877.71","6.17258","45.84203"
"74242","74526","GRAND ANNECY","SJ61","PI","100","125","2013-02-01","ROUTE DU PORT","5.1","4.2","60","2024-08-05","OUI","01","946267.92","6531891.37","6.17380","45.84212"
"74242","74589","GRAND ANNECY","SJ62","PI","100","125",NULL,"ROUTE DU PORT","5.4","4.5","60","2024-08-05","OUI","01","946187.78","6531739.48","6.17269","45.84078"
"74242","67673","GRAND ANNECY","SJ62BIS","PI","100","125",NULL,"ROUTE DU PORT","5.2","4.2","60","2024-08-05","OUI","01","946115.93","6531603.77","6.17169","45.83959"
"74242","6281612","GRAND ANNECY","SJ62TER","PI","100","125","2018-02-15","ROUTE DU PORT","4.7","3.7","60","2024-08-05","OUI","01","946057.27","6531510.54","6.17089","45.83877"
"74242","81247","GRAND ANNECY","SJ63","PI","100","125",NULL,"IMPASSE DU CLOS DU GOLF","4.7","3.8","60","2024-08-05","OUI","01","945971.10","6531337.06","6.16969","45.83724"
"74242","67674","GRAND ANNECY","SJ64","PI","100","125",NULL,"ROUTE DU PORT","4.8","4.2","60","2024-08-05","OUI","01","945891.24","6531233.28","6.16861","45.83634"
"74242","79015","GRAND ANNECY","SJ65","PI","100","125","2015-06-01","ROUTE DU VIEUX PRESBYTERE","5.5","4.5","60","2024-08-01","OUI","01","946119.09","6531289.00","6.17157","45.83676"
"74242","67675","GRAND ANNECY","SJ66","PI","100","125","2015-06-01","ROUTE DU VIEUX PRESBYTERE","5.6","4.6","60","2024-08-01","OUI","05","946230.02","6531339.60","6.17302","45.83717"
"74242","66998","GRAND ANNECY","SJ67","PI","100",NULL,"1965-01-01","ROUTE DES PECHEURS","4.9","3.8","60","2024-08-05","OUI","01","946170.40","6531531.26","6.17236","45.83892"
"74242","66999","GRAND ANNECY","SJ68","PI","100",NULL,"1965-01-01","ROUTE DES PECHEURS","5.1","3.9","60","2024-08-05","OUI","01","946294.75","6531699.28","6.17404","45.84038"
"74242","67001","GRAND ANNECY","SJ69","PI","65","60","2017-12-19","IMPASSE DES ROSEAUX","5.1","1","42","2024-08-05","OUI","01","946532.55","6531554.18","6.17703","45.83899"
"74242","74590","GRAND ANNECY","SJ69BIS","PI","100","125","1965-01-01","ROUTE DE VIEILLE EGLISE","5.5","4.7","60","2024-07-31","OUI","01","946281.65","6531454.34","6.17375","45.83819"
"74242","6281833","GRAND ANNECY","SJ70","PI","100","125","2019-06-01","ROUTE DE VIEILLE EGLISE","5.8","4.7","60","2024-08-01","OUI","01","946370.51","6531435.50","6.17488","45.83798"
"74242","67002","GRAND ANNECY","SJ71","PI","100","125","2019-06-01","ROUTE DE VIEILLE EGLISE","5.9","4.4","60","2024-08-01","OUI","01","946543.75","6531374.65","6.17708","45.83737"
"74242","78920","GRAND ANNECY","SJ72","PI","100",NULL,"1965-01-01","ROUTE DE LA TUILERIE","5.3","4","60","2024-08-01","OUI","01","946422.33","6531130.28","6.17539","45.83522"
"74242","81928","GRAND ANNECY","SJ73","PI","100",NULL,"2000-01-01","LE CLOS SEYTEUR","5.8","3.7","60","2024-08-01","OUI","01","946403.48","6531249.76","6.17521","45.83630"
"74242",NULL,"GRAND ANNECY","SJ74","PI","100","125","2023-12-01",NULL,"5.4","3.7","60","2024-07-31","OUI","01","946273.70","6531258.51","6.17354","45.83643"
"74242","74593","GRAND ANNECY","SJ75BIS","PI","100",NULL,"1980-01-01","ROUTE DE LA TUILERIE","4.9","1.3","60","2024-08-01","OUI","01","946370.08","6531084.18","6.17469","45.83482"
"74242",NULL,"GRAND ANNECY","SJ76","PI","100","125","2023-12-01",NULL,"5.3","3.1","60","2024-07-31","OUI","01","946235.16","6531121.02","6.17298","45.83520"
"74242","67256","GRAND ANNECY","SJ77","PI","100",NULL,"1980-01-01","IMPASSE FER DONJEAN","5.1","3.7","60","2024-08-01","OUI","05","946077.34","6531010.77","6.17089","45.83427"
"74242","79195","GRAND ANNECY","SJ78","PI","100",NULL,"1965-01-01","ROUTE DU NANT","5.1","3.4","60","2024-08-01","OUI","01","946026.63","6531147.51","6.17031","45.83552"
"74242","80509","GRAND ANNECY","SJ79","PI","100",NULL,"1965-01-01","VOIE VERTE","4.9","4.2","60","2024-08-01","OUI","01","945839.33","6531010.55","6.16782","45.83435"
"74242","67257","GRAND ANNECY","SJ80","PI","100","125","2011-04-01","ROUTE DU PORT","4.7","4","60","2024-08-01","OUI","01","945651.58","6531063.84","6.16544","45.83490"
"74242","6282670","GRAND ANNECY","SJ80BIS","PI","100","125","2021-03-04","ROUTE DE L ANCIENNE GARE","4.7","3.6","60","2024-08-01","OUI","01","945809.22","6530961.99","6.16741","45.83393"
"74242","67322","GRAND ANNECY","SJ81","PI","100","125",NULL,"ROUTE DU PORT","4.7","4","60","2024-08-01","OUI","01","945567.39","6531011.67","6.16433","45.83446"
"74242","80474","GRAND ANNECY","SJ82","PI","100","70","1965-01-01","ROUTE DE TAVAN","4.6","3.8","60","2024-07-31","OUI","01","945623.49","6530907.14","6.16499","45.83350"
"74242","67323","GRAND ANNECY","SJ83","PI","100","100","2009-11-16","IMPASSE DE LA PISTE CYCLABLE","4.9","4.1","60","2024-07-31","OUI","01","946151.97","6530820.29","6.17175","45.83253"
"74242","67324","GRAND ANNECY","SJ84","PI","100",NULL,NULL,"ROUTE DU BERLET","4.7","3.9","60","2023-04-06","OUI","01","946174.27","6530647.71","6.17195","45.83097"
"74242","6281657","GRAND ANNECY","SJ84BIS","PI","100",NULL,"1980-01-01","IMPASSE DU BERLET","4.9","3.8","60","2023-04-06","OUI","05","946008.29","6530668.27","6.16982","45.83121"
"74242","83278","GRAND ANNECY","SJ85","PI","100",NULL,"1965-01-01","ROUTE DE TAVAN","4.6","3.9","60","2024-07-31","OUI","01","946005.67","6530718.71","6.16982","45.83167"
"74242","82057","GRAND ANNECY","SJ86","PI","100","100","2009-07-01","ROUTE DE TAVAN","4.6","4","60","2024-07-31","OUI","01","945901.68","6530764.73","6.16850","45.83212"
"74242","6281633","GRAND ANNECY","SJ87","PI","100","125","2013-11-05","CLOS DES MARGUERITES","4.9","3.5","60","2024-08-01","OUI","05","945951.27","6531116.35","6.16932","45.83526"
"74242","6281826","GRAND ANNECY","SJ88","PI","100","125","2019-02-20","ALLEE DES COQUELICOTS","4.3","3.1","60","2023-04-06","OUI","01","945772.52","6530712.88","6.16681","45.83170"
"74242","67015","GRAND ANNECY","SJ89","PI","100","100",NULL,"ROUTE DE L EGLISE","4.5","3.9","60","2024-07-31","OUI","01","945481.24","6530919.34","6.16317","45.83366"
"74242","67014","GRAND ANNECY","SJ90","PI","100","100","1965-01-01","ROUTE DES ECOLES","5","4.2","60","2023-04-06","OUI","01","945550.94","6530813.79","6.16401","45.83269"
"74242","80478","GRAND ANNECY","SJ91","PI","100",NULL,"1965-01-01","ROUTE DU VILLARD","5.1","4","60","2023-04-06","OUI","01","945671.95","6530735.25","6.16553","45.83194"
"74242","67198","GRAND ANNECY","SJ92","PI","100",NULL,"1965-01-01","ROUTE DU CENTRE","5.2","3.9","60","2023-04-11","OUI","01","945604.06","6530704.31","6.16464","45.83168"
"74242","6281335","GRAND ANNECY","SJ92BIS","PI","100","125","2008-08-01","ROUTE DES MOLARDS","8.7","7.6","60","2023-04-11","OUI","01","945562.97","6530485.70","6.16400","45.82973"
"74242","67245","GRAND ANNECY","SJ93","PI","65",NULL,"1965-01-01","ROUTE DU VILLARD","5.8","4","60","2023-04-06","OUI","01","945711.32","6530493.59","6.16591","45.82975"
"74242","67246","GRAND ANNECY","SJ94","PI","100","100","1965-01-01","ROUTE DE LA FRUITIERE","9.1","7.7","60","2023-04-06","OUI","01","945776.77","6530254.13","6.16663","45.82757"
"74242","67247","GRAND ANNECY","SJ95","PI","65","60","1980-01-01","CLOS DE LA FRUITIERE","9","3.1","60","2023-04-06","OUI","01","945844.25","6530338.53","6.16754","45.82830"
"74242","80475","GRAND ANNECY","SJ96","PI","100",NULL,"1965-01-01","ROUTE DU BERLET","4.9","4","60","2023-04-06","OUI","01","946074.55","6530507.10","6.17059","45.82974"
"74242","81997","GRAND ANNECY","SJ97","PI","100",NULL,"1965-01-01","ROUTE DU BERLET","9","7.8","60","2023-04-06","OUI","01","946036.74","6530400.59","6.17005","45.82879"
"74242","6281745","GRAND ANNECY","SJ97BIS","PI","100","100","1965-01-01","ROUTE DU BERLET","9","8.1","60","2023-04-06","OUI","01","946005.93","6530343.80","6.16962","45.82829"
"74242","67248","GRAND ANNECY","SJ98","PI","100","100",NULL,"ROUTE DE VILLARET","8.5","7.8","60","2023-04-13","OUI","05","945955.36","6530130.00","6.16886","45.82639"
"74254","67036","GRAND ANNECY","SF92","PI","65",NULL,NULL," ","6.9","1","14","2023-06-06","OUI","01","931138.11","6527189.73","5.97672","45.80512"
"74254","69194","GRAND ANNECY","SY01","PI","100","100",NULL,"ROUTE DE BELLEVUE","4.5","1.9","60","2024-07-11","OUI","01","934257.50","6532646.54","6.01954","45.85316"
"74254","69188","GRAND ANNECY","SY02","PI","100",NULL,"2022-03-10","ROUTE DE CHAMPOLLIER","5.7","3","60","2024-07-11","OUI","01","934195.48","6532523.25","6.01868","45.85207"
"74254","85174","GRAND ANNECY","SY03","PI","65","90",NULL," ","3.8","1","22","2024-07-11","OUI","01","934484.34","6531762.56","6.02202","45.84513"
"74254","82000","GRAND ANNECY","SY05","PI","100","60",NULL," ","6.5","1","40","2024-07-11","OUI","01","934629.51","6531574.66","6.02380","45.84338"
"74254","69189","GRAND ANNECY","SY06","PI","100","60",NULL," ","6.3","1","14","2024-07-11","OUI","05","934902.86","6530954.58","6.02701","45.83771"
"74254","69190","GRAND ANNECY","SY07","PI","100","100",NULL,"ALLEE DES VIGNES DU PISSIEUX","4.6","1","44","2024-07-10","OUI","01","934533.11","6530222.97","6.02189","45.83125"
"74254","69191","GRAND ANNECY","SY08","PI","100","100",NULL," ","4.8","1","49","2024-07-10","OUI","05","934335.33","6530156.27","6.01931","45.83072"
"74254","69192","GRAND ANNECY","SY09","PI","100",NULL,NULL," ","6","1","54","2024-07-10","OUI","05","934442.34","6530046.55","6.02064","45.82970"
"74254","6281447","GRAND ANNECY","SY10","PI","100","100",NULL," ","6","1","51","2024-07-10","OUI","01","934541.84","6530090.23","6.02194","45.83006"
"74254","80554","GRAND ANNECY","SY11","PI","100","100",NULL," ","8.5","2","60","2024-07-10","OUI","05","934528.16","6529931.26","6.02169","45.82863"
"74254","69193","GRAND ANNECY","SY12","PI","100","100",NULL," ","8.4","4.2","60","2024-07-10","OUI","05","933659.25","6530609.41","6.01083","45.83503"
"74254","69187","GRAND ANNECY","SY13","PI","100","100","2010-01-01"," ","8.5","4.5","60","2024-07-10","OUI","01","933235.09","6530899.78","6.00552","45.83779"
"74254","69113","GRAND ANNECY","SY13BIS","PI","100","100",NULL," ","7.2","5","60","2024-07-11","OUI","05","933435.95","6530868.38","6.00809","45.83744"
"74254","79471","GRAND ANNECY","SY13TER","PI","100","100",NULL," ","5.8","3.6","60","2024-07-10","OUI","01","933392.34","6531031.96","6.00761","45.83893"
"74254","69111","GRAND ANNECY","SY14","PI","100","100","2016-08-01","ROUTE DE VOUCHY","8.2","6.4","60","2024-07-11","OUI","01","933155.01","6531288.02","6.00468","45.84131"
"74254","69398","GRAND ANNECY","SY15","PI","100","100",NULL," ","4.9","4","60","2024-07-11","OUI","05","933259.67","6531407.91","6.00608","45.84235"
"74254","6281450","GRAND ANNECY","SY16","PI","100","100","2016-08-01","ROUTE DE SAINT SYLVESTRE","4.2","2","60","2024-07-11","OUI","01","932947.61","6531367.57","6.00204","45.84210"
"74254","80552","GRAND ANNECY","SY18","PI","100","100",NULL," ","3.2","2.2","60","2024-07-11","OUI","01","933218.23","6531683.65","6.00568","45.84485"
"74254","80553","GRAND ANNECY","SY18BIS","PI","100","100",NULL," ","2.7","1","58","2024-07-11","OUI","01","933279.09","6531905.69","6.00658","45.84683"
"74254","69397","GRAND ANNECY","SY19","PI","100","125",NULL," ","7.5","1","28","2024-12-13","OUI","05","933870.82","6532098.27","6.01429","45.84836"
"74254","69110","GRAND ANNECY","SY20","PI","100","125",NULL," ","9","1","28","2024-12-13","OUI","01","933864.64","6531784.18","6.01406","45.84553"
"74254","6281457","GRAND ANNECY","SY21","PI","100","125","2018-09-06","IMPASSE DE COLLAVIN","10.2","1","28","2024-12-13","OUI","01","933755.93","6531619.31","6.01258","45.84409"
"74254","79665","GRAND ANNECY","SY23","PI","100","125",NULL," ","7.2","1","28","2024-12-13","OUI","05","934306.96","6531072.36","6.01940","45.83898"
"74254","69112","GRAND ANNECY","SY24","PI","100","100",NULL," ","5.7","1","21","2024-12-13","OUI","05","934259.22","6530897.28","6.01870","45.83742"
"74254","81945","GRAND ANNECY","SY25","PI","100","100",NULL," ","13.5","1","28","2024-12-13","OUI","05","933907.13","6531076.78","6.01426","45.83915"
"74254","79666","GRAND ANNECY","SY26","BI","80","60",NULL," ","5.5","1","28","2024-12-13","OUI","05","933631.98","6531119.67","6.01073","45.83963"
"74254","69186","GRAND ANNECY","SY27","PI","100","100",NULL," ","5.8","1","28","2024-12-13","OUI","05","933691.44","6531024.14","6.01145","45.83875"
"74267","65308","GRAND ANNECY","SR136","PI","100","100",NULL,"ROUTE D ALBERTVILLE","7.1","6.1","60","2023-04-28","OUI","01","943611.05","6536132.82","6.14177","45.88124"
"74267","65307","GRAND ANNECY","SR137","PI","100","100","1984-01-01","ROUTE D ALBERTVILLE","6.9","6.6","60","2023-04-28","OUI","05","943612.28","6535923.24","6.14168","45.87936"
"74267","73275","GRAND ANNECY","SR138","PI","100","100","1984-01-01","ROUTE D ALBERTVILLE","6.9","6.2","60","2023-04-28","OUI","01","943613.01","6535779.45","6.14161","45.87806"
"74267","65306","GRAND ANNECY","SR139","PI","100","100",NULL,"CHEMIN DE CHUGUET","7.1","6.7","60","2023-04-28","OUI","01","943612.53","6535586.79","6.14151","45.87633"
"74267","65247","GRAND ANNECY","SR140","PI","100","100",NULL,"ROUTE DE LA CHAPELLE","7.2","6.5","60","2023-04-28","OUI","05","943610.79","6535377.75","6.14138","45.87445"
"74267","65248","GRAND ANNECY","SR141","PI","100","100","1986-01-01","ROUTE D ALBERTVILLE","7.3","6.8","60","2023-04-28","OUI","05","943628.88","6535456.95","6.14165","45.87515"
"74267","79704","GRAND ANNECY","SR142","PI","65","60","1956-01-01","CHEMIN SAINT MARTIN","5.2","1","26","2023-05-16","OUI","05","943731.95","6535184.92","6.14284","45.87267"
"74267","83564","GRAND ANNECY","SR142BIS","PI","100","125","2005-06-08","CHEMIN DE LETRAZ","13.4","1","56","2023-04-28","OUI","01","943608.21","6535263.61","6.14128","45.87342"
"74267","65313","GRAND ANNECY","SR143","PI","100","100","1984-01-01","IMPASSE SAINT MARTIN","7","5.9","60","2023-05-16","OUI","05","943609.14","6535134.75","6.14123","45.87226"
"74267","64834","GRAND ANNECY","SR144","PI","100","100",NULL,"IMPASSE SAINT MARTIN","6.8","5.8","60","2023-05-16","OUI","01","943570.32","6534950.08","6.14064","45.87061"
"74267","64833","GRAND ANNECY","SR145","PI","65","60","1965-01-01","PROMENADE DES SEINES","6.2","1","20","2023-05-16","OUI","01","943732.43","6535011.92","6.14276","45.87111"
"74267","64835","GRAND ANNECY","SR146","PI","100","100","1984-01-01","ROUTE DES AVOLLIONS","7.1","5.9","60","2023-05-16","OUI","05","943545.63","6534680.67","6.14018","45.86820"
"74267","65311","GRAND ANNECY","SR147","PI","100","100",NULL,"ANCIENNE ROUTE D ANNECY","7.5","6.3","60","2023-05-16","OUI","01","943523.67","6534474.98","6.13979","45.86636"
"74267","6282237","GRAND ANNECY","SR147BIS","PI","100","125","2019-12-04","ROUTE D ALBERTVILLE","7.1","6.1","60","2023-05-16","OUI","01","943570.32","6534321.31","6.14031","45.86496"
"74267","64841","GRAND ANNECY","SR148","PI","100","100",NULL,"ROUTE D ALBERTVILLE","6.9","6","60","2023-05-16","OUI","01","943573.72","6534183.67","6.14029","45.86372"
"74267","6281397","GRAND ANNECY","SR149","PI","100","125","2015-07-23","CHEMIN DE LA GROTTE","12.6","7","60","2023-05-16","OUI","01","943495.32","6534136.40","6.13925","45.86332"
"74267","65316","GRAND ANNECY","SR150","PI","100","100",NULL,"ROUTE DES CHOSEAUX","7.2","6.3","60","2023-05-16","OUI","05","943676.24","6533890.27","6.14146","45.86104"
"74267","65317","GRAND ANNECY","SR151","PI","100","100","2022-02-08","ROUTE DES CHOSEAUX","6.8","6.1","60","2023-04-26","OUI","05","943678.08","6533668.47","6.14137","45.85904"
"74267","65319","GRAND ANNECY","SR152","PI","100","100","1979-01-01","ROUTE DES CHOSEAUX","6.8","5.9","60","2023-04-26","OUI","05","943648.44","6533542.69","6.14092","45.85792"
"74267","80736","GRAND ANNECY","SR153","PI","100","100","1970-01-01","ROUTE DES CHOSEAUX","6.6","5.7","60","2023-04-26","OUI","05","943665.99","6533388.74","6.14107","45.85653"
"74267","65385","GRAND ANNECY","SR154","PI","100","100","1981-01-01","IMPASSE DE LA MORAINE","6.7","4.9","60","2023-04-26","OUI","05","943570.69","6533373.94","6.13983","45.85643"
"74267","65388","GRAND ANNECY","SR155","PI","100","100","1979-01-01","ROUTE DES CHOSEAUX","6.5","5.7","60","2023-04-26","OUI","05","943684.78","6533276.70","6.14125","45.85552"
"74267","65397","GRAND ANNECY","SR156","PI","100","60",NULL,"ROUTE DES QUARTS","6","4.8","60","2023-04-26","OUI","05","943852.32","6532961.78","6.14325","45.85262"
"74267","79939","GRAND ANNECY","SR157","PI","100","100","1965-01-01","ROUTE DES QUARTS","5.9","4.5","60","2024-07-29","OUI","05","943930.07","6532707.43","6.14412","45.85031"
"74267","64267","GRAND ANNECY","SR158","PI","100","100","1955-01-01","ROUTE DES QUARTS","6.7","5.6","60","2024-07-30","OUI","05","944065.11","6532542.51","6.14577","45.84877"
"74267","79917","GRAND ANNECY","SR159BIS","PI","100","100","1994-01-01","ROUTE DE LA PLANCHE","6.1","5.2","60","2024-07-29","OUI","05","943995.78","6532768.54","6.14500","45.85083"
"74267","64265","GRAND ANNECY","SR160","PI","100","100",NULL,"ALLEE DES MIRABELLES","6.3","5.1","60","2024-07-30","OUI","05","944001.36","6532865.18","6.14512","45.85170"
"74267","80297","GRAND ANNECY","SR161","PI","100","100","1982-01-01","IMPASSE LE HAMEAU DU LAC","7.2","5.9","60","2023-04-26","OUI","01","944066.19","6532970.56","6.14601","45.85263"
"74267","79940","GRAND ANNECY","SR163","PI","100","100",NULL,"ALLEE DES MIRABELLES","6.4","5.6","60","2023-04-26","OUI","05","943866.51","6533180.91","6.14354","45.85459"
"74267","80341","GRAND ANNECY","SR164","PI","100","60","2019-04-15","ALLEE DES COLS VERTS","7.4","5.7","60","2023-04-26","OUI","01","943842.59","6533466.82","6.14338","45.85717"
"74267","65318","GRAND ANNECY","SR165","PI","100","100","1983-01-01","ROUTE DU PORT","7.3","6.1","60","2023-04-26","OUI","05","943767.76","6533595.23","6.14248","45.85835"
"74267","79941","GRAND ANNECY","SR165BIS","PI","100","100","1996-01-01","ROUTE DU PORT","6.9","5.9","60","2023-04-26","OUI","05","943814.16","6533714.12","6.14314","45.85941"
"74267","64840","GRAND ANNECY","SR166","PI","100","60","1960-01-01","DOMENJOUD (CLOS)","6.6","1","35","2023-04-26","OUI","05","943781.88","6534088.59","6.14292","45.86279"
"74267","64839","GRAND ANNECY","SR167","PI","100","100","1989-01-01","ROUTE DES AVOLLIONS","6.9","6.1","60","2023-04-26","OUI","05","943710.65","6534316.78","6.14212","45.86487"
"74267","64838","GRAND ANNECY","SR167BIS","PI","100","100","1997-01-01","ROUTE DES AVOLLIONS","7.6","7","60","2023-04-26","OUI","01","943753.03","6534497.42","6.14276","45.86648"
"74267","64837","GRAND ANNECY","SR168","PI","100","125","1979-01-01","CHEMIN DE LA LIAZ","7.2","6","60","2023-04-26","OUI","01","943604.05","6534531.29","6.14086","45.86683"
"74267","79942","GRAND ANNECY","SR169","PI","100","100","1983-01-01","ROUTE DES AVOLLIONS","7.1","6.6","60","2023-04-26","OUI","05","943587.32","6534757.81","6.14076","45.86888"
"74267","65386","GRAND ANNECY","SR170","PI","100","100",NULL,"ROUTE DES CHARPONNETS","7.5","6.7","60","2023-04-26","OUI","05","943798.97","6533406.07","6.14279","45.85664"
"74267","79943","GRAND ANNECY","SR171","PI","100","60","2014-06-04","ALLEE DES GLYCINES","6.6","1","44","2023-04-26","OUI","05","943780.88","6533299.21","6.14250","45.85569"
"74267","64268","GRAND ANNECY","SR172","PI","100","100","1986-01-01","CHEMIN DU BROUILLET","6.2","5","60","2024-07-30","OUI","05","944199.06","6532439.12","6.14744","45.84780"
"74267","80327","GRAND ANNECY","SR173","PI","100","100","1986-01-01","ROUTE D ALBERTVILLE","6.2","5.2","60","2024-07-30","OUI","05","944219.65","6532276.39","6.14763","45.84632"
"74267","75178","GRAND ANNECY","SR173BIS","PI","100","100","1989-01-01","IMPASSE DES PONTETS","6.8","4.8","60","2024-07-30","OUI","01","944520.64","6532265.32","6.15150","45.84612"
"74267","65242","GRAND ANNECY","SR174","PI","100","100","1981-01-01","ROUTE DES PONTETS","7.2","5.4","60","2024-07-30","OUI","05","944519.72","6532154.05","6.15143","45.84512"
"74267","65243","GRAND ANNECY","SR174BIS","PI","100","100","1991-01-01","ROUTE DE PIRON","7.2","5.8","60","2024-07-30","OUI","05","944608.42","6532043.77","6.15251","45.84409"
"74267","65244","GRAND ANNECY","SR175","PI","100","100",NULL,"ROUTE DE PIRON","6.3","4.9","60","2024-07-30","OUI","05","944431.74","6532063.77","6.15025","45.84434"
"74267","65245","GRAND ANNECY","SR176","PI","100","100",NULL,"ROUTE DE PIRON","6.7","5.1","60","2024-07-30","OUI","05","944621.99","6531992.51","6.15266","45.84363"
"74267","82743","GRAND ANNECY","SR176BIS","PI","100","100","1996-01-01","ROUTE DE PIRON","7.3","5.8","60","2024-07-30","OUI","01","944754.22","6532150.41","6.15444","45.84500"
"74267","65246","GRAND ANNECY","SR177","PI","100","60","1975-01-01","RESIDENCE RIVE REINE","7.3","5.1","60","2022-05-23","OUI","05","944869.51","6532186.59","6.15595","45.84528"
"74267","65241","GRAND ANNECY","SR178","PI","100","100","2000-01-01","ROUTE D EPAGNY","6.3","5.3","60","2024-07-30","OUI","05","944255.69","6532134.94","6.14802","45.84504"
"74267","80256","GRAND ANNECY","SR179","PI","100","100","1986-01-01","ROUTE DE CESSENAZ","5.9","4.5","60","2024-07-30","OUI","05","944316.98","6531819.53","6.14864","45.84218"
"74267","83132","GRAND ANNECY","SR179BIS","PI","100","100",NULL,"ROUTE D EPAGNY","5.6","4.7","60","2024-07-30","OUI","05","944348.44","6531661.44","6.14897","45.84075"
"74267","65239","GRAND ANNECY","SR180","PI","100","150","1999-01-01","ROUTE D EPAGNY","5.6","4","60","2024-07-30","OUI","05","944377.29","6531511.88","6.14926","45.83939"
"74267","65240","GRAND ANNECY","SR181","PI","100","100",NULL,"ROUTE DE CRET MORENS","6.2","4.5","60","2024-07-30","OUI","01","944411.82","6531877.93","6.14990","45.84267"
"74267","77747","GRAND ANNECY","SR181BIS","PI","100","100","2005-06-09","ALLEE DU SOLEIL","6.5","4.7","60","2024-07-30","OUI","05","944490.65","6531834.58","6.15089","45.84225"
"74267","75179","GRAND ANNECY","SR182","PI","100","100","1979-01-01","ROUTE DE CRET MORENS","6.5","5.4","60","2024-07-30","OUI","05","944489.57","6531946.64","6.15093","45.84326"
"74267","79944","GRAND ANNECY","SR183","PI","100","100",NULL,"CHEMIN DE LA SCIERIE","6.4","3.9","60","2024-07-30","OUI","05","944653.59","6531694.20","6.15291","45.84093"
"74267","79945","GRAND ANNECY","SR184","PI","100","100","1997-01-01","ROUTE DES GRANDS PRES","5.6","4.8","60","2024-07-30","OUI","05","944104.15","6532742.47","6.14638","45.85056"
"74267","64266","GRAND ANNECY","SR185","PI","100","100",NULL,"CHEMIN DU BROUILLET","6.1","5.1","60","2024-07-30","OUI","05","944217.52","6532751.13","6.14784","45.85060"
"74267",NULL,"GRAND ANNECY","SR185BIS","PI","100","125","2022-03-01","ROUTE DES MONGETS","7.2","6","60","2024-07-30","OUI","01","944320.59","6532810.51","6.14920","45.85109"
"74267","80328","GRAND ANNECY","SR186","PI","100","100","1980-01-01","CHEMIN DES COMMUNAUX","7","2.3","60","2024-07-30","OUI","05","944411.71","6532646.01","6.15029","45.84958"
"74267",NULL,"GRAND ANNECY","SR186BIS","PI","100","125","2022-03-01","ROUTE DES MONGETS","7.4","5.2","60","2024-07-30","OUI","01","944549.36","6532791.68","6.15214","45.85084"
"74267","65309","GRAND ANNECY","SR187","PI","100","100","1985-01-01","CHEMIN DE CHUGUET","10.9","2.7","60","2023-05-10","OUI","05","943506.07","6536185.67","6.14044","45.88176"
"74267","6281640","GRAND ANNECY","SR187BIS","PI","100","100","2010-05-04","ANCIENNE ROUTE D ANNECY","11.6","3.8","60","2023-05-10","OUI","05","943511.32","6535949.66","6.14039","45.87963"
"74267","79705","GRAND ANNECY","SR188","PI","100","100",NULL,"ANCIENNE ROUTE D ANNECY","11.2","2.6","60","2023-05-10","OUI","01","943502.23","6535817.53","6.14020","45.87844"
"74267","80285","GRAND ANNECY","SR189","PI","100","60","1969-01-01","ANCIENNE ROUTE D ANNECY","11.8","3.9","60","2023-05-10","OUI","01","943480.31","6535487.23","6.13975","45.87548"
"74267","65310","GRAND ANNECY","SR190","PI","100","100","1991-01-01","CHEMIN DE LETRAZ","12.6","4.2","60","2023-05-10","OUI","05","943475.55","6535336.60","6.13961","45.87413"
"74267","79946","GRAND ANNECY","SR191","PI","100","100","1991-01-01","ANCIENNE ROUTE D ANNECY","12.9","4.6","60","2023-05-10","OUI","01","943457.43","6535141.98","6.13928","45.87238"
"74267","65312","GRAND ANNECY","SR192","PI","100","100","1991-01-01","ANCIENNE ROUTE D ANNECY","12.4","3.9","60","2023-05-10","OUI","01","943467.80","6534789.02","6.13923","45.86920"
"74267","64836","GRAND ANNECY","SR193","PI","100","100",NULL,"CHEMIN DE LA QUINTAL","10.4","2.8","60","2023-05-10","OUI","05","943394.94","6534665.57","6.13823","45.86812"
"74267","80181","GRAND ANNECY","SR193BIS","PI","100","125","2023-10-06","CHEMIN DE LA GROTTE","6.5","1","30","2024-05-29","OUI","01","943284.03","6534451.71","6.13669","45.86623"
"74267","80286","GRAND ANNECY","SR194","PI","100","100",NULL,"ROUTE DU COL DE LESCHAUX","7.3","6.7","60","2019-06-14","OUI","05","943556.56","6534032.19","6.13999","45.86236"
"74267","65314","GRAND ANNECY","SR195","PI","100","100","1993-01-01","CHEMIN DE CHANTEMERLE","11.3","5.9","60","2021-04-13","OUI","05","943433.59","6534047.83","6.13841","45.86255"
"74267","80182","GRAND ANNECY","SR195BIS","PI","100","125","2023-10-06","CHEMIN DE LA GROTTE","5.5","1","34","2024-02-27","OUI","01","943399.95","6534237.53","6.13808","45.86426"
"74267","65315","GRAND ANNECY","SR196","PI","100","100",NULL,"CHEMIN DE FORBACH","6.8","5.7","60","2023-05-09","OUI","05","943461.52","6533854.37","6.13867","45.86079"
"74267","79999","GRAND ANNECY","SR196BIS","PI","65","60","1987-01-01","CHEMIN DE L ETANG","3.8","1","21","2023-05-09","OUI","05","943312.68","6533759.74","6.13671","45.86000"
"74267","65381","GRAND ANNECY","SR197","PI","100","100","1979-01-01","ECLUSE (CHEMIN DE L)","5.9","5.2","60","2023-05-09","OUI","05","943432.83","6533618.03","6.13818","45.85868"
"74267","65382","GRAND ANNECY","SR198","PI","100","100",NULL,"CHEMIN DU CLOS","5","4.4","60","2023-04-27","OUI","05","943442.30","6533456.66","6.13822","45.85722"
"74267","6282417","GRAND ANNECY","SR198BIS","PI","100","125","2021-04-26","CHEMIN DU CLOS","3.8","2.4","60","2023-04-27","OUI","01","943376.78","6533249.12","6.13727","45.85538"
"74267","65384","GRAND ANNECY","SR199","PI","80","60","1958-01-01","CHEMIN DU CLOS","2.8","1","16","2023-04-27","OUI","05","943401.46","6533080.49","6.13750","45.85385"
"74267","65383","GRAND ANNECY","SR199BIS","PI","100","100","1990-01-01","IMPASSE DES FONTANETTES","3.2","2.3","60","2021-04-06","OUI","01","943380.03","6533190.97","6.13728","45.85485"
"74267","80000","GRAND ANNECY","SR200","PI","100","200",NULL,"SENTIER DE LA PLANCHE","4.6","4","60","2023-05-09","OUI","05","943437.30","6533175.47","6.13801","45.85469"
"74267","65390","GRAND ANNECY","SR201","PI","100","100","1979-01-01","ROUTE DU COL DE LESCHAUX","2","1.7","60","2024-07-30","OUI","05","943394.95","6532639.44","6.13719","45.84989"
"74267","65391","GRAND ANNECY","SR202","PI","100","100",NULL,"ROUTE DU COL DE LESCHAUX","7.1","5.8","60","2024-07-30","OUI","01","943499.91","6532243.95","6.13834","45.84629"
"74267","65392","GRAND ANNECY","SR203","PI","100","125",NULL,"CHEMIN DES BERNETS","5","4.1","60","2024-07-30","OUI","01","943543.14","6531822.07","6.13868","45.84248"
"74267","62862","GRAND ANNECY","SR204","PI","100","100","1983-01-01","ROUTE DU COL DE LESCHAUX","3.8","3","60","2024-07-30","OUI","05","943632.62","6531605.49","6.13972","45.84050"
"74267","65393","GRAND ANNECY","SR205","PI","100","100","1970-01-01","ROUTE DES PLANTEES","2.3","1.4","60","2024-07-29","OUI","05","943561.22","6532427.51","6.13923","45.84792"
"74267","80001","GRAND ANNECY","SR206","PI","100","100","1979-01-01","CHEMIN DE LA LAUDALINE","4.5","3","60","2024-07-29","OUI","01","943514.04","6532732.34","6.13877","45.85068"
"74267","65389","GRAND ANNECY","SR207","PI","100","100",NULL,"ROUTE DES CHOSEAUX","6.9","5.7","60","2023-05-10","OUI","01","943631.63","6533165.03","6.14051","45.85453"
"74267","65396","GRAND ANNECY","SR208","PI","100","100",NULL,"ALLEE DES BOUBIOZ","6.5","5.2","60","2023-05-10","OUI","05","943665.36","6532976.83","6.14085","45.85283"
"74267","65395","GRAND ANNECY","SR209","PI","100","100",NULL,"ROUTE DE LA PLANCHE","5.5","4.2","60","2024-07-29","OUI","05","943643.49","6532730.86","6.14044","45.85062"
"74267","64274","GRAND ANNECY","SR210","PI","100",NULL,"2005-05-11","ROUTE DE CESSENAZ","3.6","2.6","60","2024-07-30","OUI","05","943722.95","6531344.27","6.14075","45.83812"
"74267","64275","GRAND ANNECY","SR211","PI","100","100",NULL,"ROUTE DE CESSENAZ","4.5","4.1","60","2024-07-30","OUI","05","943786.74","6531452.13","6.14163","45.83906"
"74267","65394","GRAND ANNECY","SR212","PI","100","125","2017-03-27","CHEMIN DE LA REICE","7","5.7","60","2024-07-30","OUI","01","943596.57","6531993.63","6.13946","45.84400"
"74267","80002","GRAND ANNECY","SR215","PI","100","100",NULL,"ROUTE DES CHOSEAUX","6.2","4.8","60","2023-05-10","OUI","05","943487.13","6533090.75","6.13861","45.85391"
"74267","80003","GRAND ANNECY","SR216","PI","100","100",NULL,"ROUTE DE LA PLANCHE","6.3","4.1","60","2024-07-29","OUI","05","943757.04","6532587.75","6.14183","45.84929"
"74267","64269","GRAND ANNECY","SR216BIS","PI","100","100","1999-01-01","ALLEE DU CHENE","6","4.9","60","2024-07-30","OUI","05","944080.10","6532361.30","6.14587","45.84714"
"74267","64270","GRAND ANNECY","SR217","PI","100","100","1955-01-01","ROUTE DES GRANDS VIGNOBLES","5.6","4.3","60","2024-07-30","OUI","05","943991.26","6532216.53","6.14465","45.84587"
"74267","79915","GRAND ANNECY","SR217BIS","PI","100","100","2005-06-27","CHEMIN DES CROISETTES","6.1","1.7","60","2024-07-30","OUI","05","943888.35","6532304.41","6.14337","45.84670"
"74267","64271","GRAND ANNECY","SR218","PI","100","60","1955-01-01","IMPASSE DERRIERE LE MOULIN","4.8","1","47","2024-07-30","OUI","05","943943.70","6532090.58","6.14398","45.84475"
"74267","65237","GRAND ANNECY","SR219","PI","100","100",NULL,"ROUTE DES GRANDS VIGNOBLES","4.9","2.7","60","2024-07-30","OUI","05","944131.35","6531854.42","6.14627","45.84256"
"74267","65236","GRAND ANNECY","SR220","PI","100","125","1982-01-01","IMPASSE DU MOULIN","4.6","1","27","2024-07-30","OUI","01","944033.45","6531840.77","6.14501","45.84247"
"74267","65238","GRAND ANNECY","SR221","PI","100","60","1999-01-01","ROUTE DE CESSENAZ","4.5","1","27","2024-07-30","OUI","01","944157.04","6531638.69","6.14649","45.84061"
"74267","80737","GRAND ANNECY","SR222","PI","65","60","1975-01-01","CHEMIN DES CARDERES","9.6","1","48","2024-07-30","OUI","05","944034.44","6531575.33","6.14488","45.84008"
"74267","65235","GRAND ANNECY","SR223","PI","100","100","2020-11-15","ROUTE DE CESSENAZ","10","9.1","60","2024-07-30","OUI","01","943949.02","6531801.89","6.14390","45.84215"
"74267","64273","GRAND ANNECY","SR224","PI","100","100",NULL,"ROUTE DE CESSENAZ","7.7","6.9","60","2024-07-30","OUI","01","943786.96","6531897.27","6.14186","45.84307"
"74275","67458","GRAND ANNECY","MT01","PI","100","100",NULL," ","10.1","3.7","60","2024-06-05","OUI","01","952003.84","6528511.99","6.24585","45.80962"
"74275","80673","GRAND ANNECY","MT02","PI","100","125",NULL," ","11.8","4","60","2024-06-05","OUI","01","951921.56","6528370.46","6.24471","45.80837"
"74275","79171","GRAND ANNECY","MT03","PI","65","60",NULL," ","6.9","1","23","2020-10-20","OUI","01","951973.13","6528036.69","6.24520","45.80535"
"74275","64534","GRAND ANNECY","MT04","PI","100","100",NULL," ","13.6","5.4","60","2024-06-05","OUI","01","952088.75","6528316.34","6.24684","45.80783"
"74275","64535","GRAND ANNECY","MT05","PI","100","100",NULL," ","10.5","2.5","60","2024-06-05","OUI","01","952959.25","6528223.95","6.25799","45.80667"
"74275","64533","GRAND ANNECY","MT06","PI","100","100",NULL," ","3","1","21","2024-06-05","OUI","01","952823.05","6528128.83","6.25618","45.80587"
"74275","66140","GRAND ANNECY","MT07","PI","100","100",NULL," ","11.1","1","48","2024-06-05","OUI","01","953068.99","6528332.90","6.25946","45.80761"
"74275","80672","GRAND ANNECY","MT08","PI","100","100","2014-11-18"," ","3.9","1","59","2024-06-05","OUI","01","953211.30","6528389.17","6.26132","45.80806"
"74275","66141","GRAND ANNECY","MT09","PI","100","100","2014-11-18"," ","3.1","1","29","2024-06-05","OUI","01","953284.95","6528276.28","6.26220","45.80702"
"74275","66142","GRAND ANNECY","MT10","PI","100",NULL,NULL,"ROUTE DU COL DE L AULP","3.2","1","20","2024-06-05","OUI","01","953171.92","6528874.75","6.26107","45.81245"
"74275","66143","GRAND ANNECY","MT11","PI","100",NULL,NULL,"ROUTE DU COL DE L AULP","1.5","1","9","2024-06-05","OUI","01","953189.05","6528945.46","6.26133","45.81308"
"74275","79172","GRAND ANNECY","MT12","PI","100",NULL,NULL," ","2.5","1","10","2024-06-05","OUI","01","953239.61","6528849.85","6.26193","45.81220"
"74275","66146","GRAND ANNECY","MT13","PI","100","100",NULL," ","4.8","1","38","2024-06-05","OUI","01","953493.90","6527959.92","6.26472","45.80410"
"74275","66148","GRAND ANNECY","MT14","PI","100","100",NULL," ","4.8","1","32","2024-06-05","OUI","01","953491.56","6527887.45","6.26466","45.80345"
"74275","85263","GRAND ANNECY","MT15","PI","100",NULL,NULL," ","3.4","1","25","2024-06-05","OUI","01","953536.71","6527863.92","6.26522","45.80322"
"74275","80671","GRAND ANNECY","MT16","PI","65",NULL,NULL," ","5.1","1","36","2024-06-05","OUI","01","953618.41","6527946.85","6.26632","45.80393"
"74275","80670","GRAND ANNECY","MT17","PI","65",NULL,NULL," ","4.6","1","29","2024-06-05","OUI","01","953495.39","6527839.39","6.26468","45.80301"
"74275","66130","GRAND ANNECY","MT18","PI","65",NULL,NULL," ","5.8","1","31","2024-06-05","OUI","01","953485.72","6527774.50","6.26452","45.80243"
"74275","66131","GRAND ANNECY","MT19","PI","65",NULL,NULL," ","6.3","1","15","2022-04-26","OUI","01","953521.41","6527744.46","6.26496","45.80215"
"74275","80669","GRAND ANNECY","MT20","PI","100","100",NULL," ","7.1","1","49","2024-06-05","OUI","01","953428.61","6527707.65","6.26375","45.80185"
"74275","66145","GRAND ANNECY","MT21","PI","65",NULL,NULL," ","6.5","1","21","2024-06-05","OUI","01","953439.23","6527784.28","6.26393","45.80254"
"74275","66133","GRAND ANNECY","MT23","PI","65",NULL,NULL," ","9.1","1","13","2022-04-27","OUI","01","953450.19","6527217.11","6.26377","45.79743"
"74275","79170","GRAND ANNECY","MT24","PI","65",NULL,NULL," ","4.2","1","25","2024-06-05","OUI","01","953380.40","6527281.47","6.26290","45.79804"
"74275","66134","GRAND ANNECY","MT25","PI","100",NULL,NULL," ","5","1.8","60","2024-06-05","OUI","01","953607.88","6526075.78","6.26519","45.78710"
"74275","82955","GRAND ANNECY","MT26","PI","65",NULL,NULL," ","5.2","1","32","2024-06-05","OUI","01","953672.91","6526056.77","6.26601","45.78691"
"74275","6281819","GRAND ANNECY","MT27","PI","65",NULL,NULL," ","6.1","1","29","2024-06-05","OUI","01","953620.01","6526005.40","6.26531","45.78647"
"74275","79169","GRAND ANNECY","MT30","PI","65",NULL,NULL," ","4.6","1","32","2024-06-05","OUI","01","953671.16","6525805.01","6.26586","45.78464"
"74275","67835","GRAND ANNECY","MT31","PI","100",NULL,NULL," ","5.6","1","27","2024-06-05","OUI","01","953634.06","6525708.58","6.26533","45.78379"
"74275","6281773","GRAND ANNECY","TA01","PI","100","100","2015-12-19","ROUTE DE BALMETTE","7.5","4.6","60","2023-05-11","OUI","01","950761.38","6529044.32","6.23014","45.81487"
"74275","66577","GRAND ANNECY","TA02","PI","100","100","2015-12-19","ROUTE DE BALMOND","7.5","5.3","60","2023-05-11","OUI","01","950711.00","6529152.96","6.22955","45.81586"
"74275","79520","GRAND ANNECY","TA03","PI","100","125",NULL," ","4.2","1.7","60","2023-05-11","OUI","05","950853.46","6529216.83","6.23142","45.81638"
"74275","75007","GRAND ANNECY","TA05","PI","100","125",NULL," ","6.4","4.2","60","2023-05-11","OUI","05","950752.79","6529283.97","6.23016","45.81703"
"74275","79521","GRAND ANNECY","TA06","PI","100","100","2015-12-19","ROUTE DE BALMETTE","7.9","6.2","60","2023-05-11","OUI","01","950668.16","6529418.77","6.22914","45.81827"
"74275","6281804","GRAND ANNECY","TA07","PI","100","100","2015-12-19","ROUTE DE BALMETTE","7.9","6.3","60","2023-05-11","OUI","01","950604.88","6529600.07","6.22842","45.81992"
"74275","6281805","GRAND ANNECY","TA08","PI","100","100","2015-12-19","ROUTE DE BALMETTE","8","6.8","60","2023-05-11","OUI","01","950480.58","6529845.66","6.22695","45.82218"
"74275","66576","GRAND ANNECY","TA09","PI","100","100",NULL," ","7.6","6.5","60","2023-05-11","OUI","05","950256.21","6530119.57","6.22421","45.82473"
"74275","66575","GRAND ANNECY","TA10","PI","100","125",NULL," ","7","6.3","60","2023-05-11","OUI","05","950319.85","6530224.20","6.22508","45.82564"
"74275","65785","GRAND ANNECY","TA100","PI","100","100",NULL," ","8.6","1","57","2023-05-10","OUI","05","950579.46","6531637.29","6.22917","45.83826"
"74275","78672","GRAND ANNECY","TA101","PI","100","150",NULL,"CHEMIN DE LA SAUFFAZ","8.2","4.6","60","2023-05-10","OUI","05","950701.67","6531606.07","6.23072","45.83794"
"74275","66567","GRAND ANNECY","TA102","PI","100","100",NULL,"CHEMIN DE LA SAUFFAZ","7.3","4.4","60","2023-05-10","OUI","01","950803.20","6531578.17","6.23202","45.83765"
"74275","66568","GRAND ANNECY","TA102BIS","PI","100","100",NULL," ","5.7","2.3","60","2023-05-10","OUI","05","950900.28","6531632.25","6.23329","45.83810"
"74275","66355","GRAND ANNECY","TA103","PI","100","80",NULL," ","6.7","4.2","60","2023-05-10","OUI","05","950917.89","6531547.39","6.23348","45.83733"
"74275","83446","GRAND ANNECY","TA104","PI","100",NULL,NULL,"CHEMIN DE LA SAUFFAZ","10.8","7.6","60","2023-05-10","OUI","01","950940.12","6531412.92","6.23369","45.83611"
"74275","74020","GRAND ANNECY","TA105","PI","100","100",NULL," ","9.6","6.8","60","2023-05-10","OUI","01","951045.72","6531434.46","6.23506","45.83627"
"74275","66356","GRAND ANNECY","TA106","PI","65","100",NULL," ","6.8","4.4","60","2023-05-10","OUI","05","951271.72","6531435.36","6.23797","45.83619"
"74275","66357","GRAND ANNECY","TA107","PI","100","100",NULL," ","3.5","2.5","60","2023-05-10","OUI","05","951511.80","6531473.68","6.24108","45.83645"
"74275","66358","GRAND ANNECY","TA108","PI","100","100",NULL," ","1.6","1","60","2023-05-10","OUI","05","951573.96","6531527.58","6.24191","45.83691"
"74275","80936","GRAND ANNECY","TA109","PI","100","80",NULL," ","8.4","1","45","2023-07-24","OUI","05","950697.81","6531529.69","6.23063","45.83725"
"74275","66572","GRAND ANNECY","TA11","PI","100","125",NULL," ","6.4","6","60","2023-05-11","OUI","05","950199.95","6530411.53","6.22364","45.82737"
"74275","65786","GRAND ANNECY","TA110","PI","100","100",NULL," ","8.6","4","60","2023-07-24","OUI","01","950810.05","6531465.36","6.23205","45.83663"
"74275","66359","GRAND ANNECY","TA111","PI","65","80",NULL," ","6","1","40","2023-05-10","OUI","05","951029.93","6531217.70","6.23474","45.83432"
"74275","79893","GRAND ANNECY","TA112","PI","100","100",NULL," ","2.1","1.4","60","2023-05-11","OUI","05","951290.83","6530744.01","6.23785","45.82996"
"74275","66362","GRAND ANNECY","TA113","PI","100","100",NULL," ","1.2","1","22","2023-05-11","OUI","05","951277.70","6530562.80","6.23759","45.82834"
"74275","66360","GRAND ANNECY","TA114","PI","65","80",NULL," ","6.2","1","45","2023-05-11","OUI","05","951022.01","6530775.90","6.23441","45.83035"
"74275","62884","GRAND ANNECY","TA115","PI","100","100",NULL," ","0.8","0","0","2021-04-19","OUI","01","951292.42","6530429.71","6.23771","45.82713"
"74275","66573","GRAND ANNECY","TA12","PI","100","100",NULL," ","7","6.3","60","2023-05-11","OUI","05","950169.33","6530339.10","6.22321","45.82673"
"74275","82410","GRAND ANNECY","TA13","PI","100","40",NULL," ","7.1","6.2","60","2023-05-11","OUI","05","950093.58","6530309.81","6.22222","45.82650"
"74275","75008","GRAND ANNECY","TA14","PI","100","100",NULL," ","7.2","5.8","60","2023-05-11","OUI","05","950027.19","6530328.05","6.22137","45.82669"
"74275","66574","GRAND ANNECY","TA15","PI","100","60",NULL," ","7.55","1","57","2023-05-11","OUI","05","949988.30","6530260.47","6.22083","45.82609"
"74275","79894","GRAND ANNECY","TA16","PI","100","100",NULL," ","7.9","5.5","60","2023-05-11","OUI","05","949836.28","6530343.36","6.21892","45.82689"
"74275","83562","GRAND ANNECY","TA17","PI","100","100",NULL," ","8","6.2","60","2023-05-11","OUI","01","949816.70","6530470.07","6.21874","45.82804"
"74275","66571","GRAND ANNECY","TA18","PI","100","200",NULL," ","7.5","7.1","60","2023-05-11","OUI","05","949964.20","6530712.95","6.22076","45.83017"
"74275","66570","GRAND ANNECY","TA19","PI","100","100","2019-09-02"," ","8","7.7","60","2023-05-11","OUI","01","949814.06","6530993.23","6.21898","45.83275"
"74275","82291","GRAND ANNECY","TA20","PI","100","80",NULL," ","7.7","6.2","60","2023-05-11","OUI","05","949642.54","6531307.92","6.21693","45.83564"
"74275","66370","GRAND ANNECY","TA21","PI","100","100",NULL,"ROUTE DU VIVIER","6.4","1.8","60","2023-05-10","OUI","05","949635.62","6531732.61","6.21707","45.83947"
"74275","75011","GRAND ANNECY","TA22","PI","100","125",NULL," ","2.5","1","59","2023-05-11","OUI","05","949739.12","6531517.90","6.21829","45.83750"
"74275","66569","GRAND ANNECY","TA23","PI","100","125",NULL," ","3.1","2.4","60","2023-05-11","OUI","05","949781.05","6531256.02","6.21869","45.83513"
"74275","83563","GRAND ANNECY","TA24","PI","100","100",NULL," ","10.1","7.8","60","2023-05-11","OUI","05","949830.23","6531489.53","6.21945","45.83721"
"74275","66371","GRAND ANNECY","TA26","PI","100","100",NULL," ","6.9","5.7","60","2023-05-11","OUI","05","949533.12","6531552.88","6.21565","45.83789"
"74275","75012","GRAND ANNECY","TA28","PI","65",NULL,NULL,"CHEMIN DE QUOEX","7.9","1","26","2023-05-11","OUI","01","949457.60","6531443.21","6.21462","45.83693"
"74275","74021","GRAND ANNECY","TA30","PI","80","60",NULL," ","7.4","1","42","2023-05-10","OUI","05","949311.85","6531638.02","6.21285","45.83873"
"74275","82411","GRAND ANNECY","TA31","PI","65","60",NULL," ","5.6","0","0","2019-11-05","OUI","05","949353.29","6531706.46","6.21342","45.83934"
"74275","66369","GRAND ANNECY","TA32","PI","100","100",NULL," ","6","3.9","60","2023-05-10","OUI","05","949439.65","6531722.50","6.21454","45.83945"
"74275","83320","GRAND ANNECY","TA33","PI","100","100",NULL," ","6.1","3.6","60","2023-05-10","OUI","05","949438.58","6531775.05","6.21455","45.83992"
"74275","66368","GRAND ANNECY","TA34","PI","100","100",NULL," ","5.8","3.3","60","2023-05-10","OUI","01","949430.35","6531830.59","6.21448","45.84042"
"74275","75013","GRAND ANNECY","TA35","PI","100","100",NULL," ","6.9","2.4","60","2023-05-10","OUI","05","949317.62","6531809.17","6.21301","45.84027"
"74275","66367","GRAND ANNECY","TA36","PI","100","80",NULL," ","7.1","2.9","60","2023-05-10","OUI","01","949277.36","6531860.73","6.21252","45.84075"
"74275","74086","GRAND ANNECY","TA38","PI","100","100",NULL," ","5.7","2.6","60","2023-05-10","OUI","01","949410.47","6531963.35","6.21429","45.84163"
"74275","74087","GRAND ANNECY","TA39","PI","100","100",NULL," ","4.3","1","60","2023-05-10","OUI","01","949371.42","6532046.21","6.21383","45.84239"
"74275","74085","GRAND ANNECY","TA40","PI","100","100",NULL," ","4.7","1.6","60","2023-05-10","OUI","05","949556.56","6531853.28","6.21611","45.84058"
"74275","83526","GRAND ANNECY","TA41","PI","100","80",NULL," ","8.4","1.9","60","2023-05-10","OUI","01","949661.35","6531913.11","6.21749","45.84108"
"74275","79580","GRAND ANNECY","TA42","PI","80","80",NULL," ","8.1","1","48","2023-05-10","OUI","05","949570.86","6531973.35","6.21636","45.84166"
"74275","66366","GRAND ANNECY","TA43","PI","100","80",NULL,"LE THORON","10.1","1","28","2023-05-10","OUI","01","949127.27","6532152.65","6.21074","45.84343"
"74275","66365","GRAND ANNECY","TA44","PI","100","125",NULL," ","7.6","4.8","60","2023-05-10","OUI","01","949377.05","6532261.15","6.21402","45.84432"
"74275","66364","GRAND ANNECY","TA45","PI","100","125",NULL," ","6.8","2.4","60","2023-05-10","OUI","05","949249.75","6532362.49","6.21243","45.84528"
"74275","81078","GRAND ANNECY","TA46","PI","100","100",NULL," ","3.8","1","52","2023-05-10","OUI","05","949488.25","6532366.22","6.21550","45.84522"
"74275","74088","GRAND ANNECY","TA47","PI","100","100",NULL," ","3.4","1","47","2023-05-10","OUI","05","949583.61","6532395.01","6.21675","45.84545"
"74275","79578","GRAND ANNECY","TA48","PI","100","100",NULL," ","3.7","1","52","2023-05-10","OUI","05","949439.89","6532437.00","6.21492","45.84588"
"74275","6281796","GRAND ANNECY","TA49","PI","100","100",NULL," ","10.5","1.9","60","2023-05-10","OUI","01","949650.57","6532513.22","6.21767","45.84649"
"74275","65665","GRAND ANNECY","TA50","PI","100","100",NULL," ","10.3","3.4","60","2023-05-09","OUI","05","949567.95","6532654.24","6.21668","45.84778"
"74275","79892","GRAND ANNECY","TA51","PI","100","100",NULL," ","2","1.1","64","2023-05-09","OUI","05","949524.78","6532761.46","6.21618","45.84876"
"74275","65962","GRAND ANNECY","TA52","PI","100","100","2024-11-19","VIEILLE ROUTE DE SAINT GERMAIN",NULL,NULL,NULL,NULL,"OUI","01","949663.92","6532676.98","6.21793","45.84795"
"74275","65964","GRAND ANNECY","TA53","PI","100","100","2024-11-19","VIEILLE ROUTE DE SAINT GERMAIN",NULL,NULL,NULL,NULL,"OUI","01","949764.16","6532537.90","6.21915","45.84667"
"74275","65963","GRAND ANNECY","TA54","PI","80","60",NULL," ","5","1","42","2023-05-09","OUI","05","949712.03","6532842.91","6.21863","45.84943"
"74275","65906","GRAND ANNECY","TA55","PI","100","100",NULL," ","6.9","1","54","2023-05-09","OUI","05","949458.13","6533096.38","6.21550","45.85180"
"74275","65960","GRAND ANNECY","TA56","PI",NULL,"60",NULL," ",NULL,NULL,NULL,NULL,"OUI","05","949579.03","6532964.32","6.21699","45.85057"
"74275","65904","GRAND ANNECY","TA57","PI","65","80",NULL,"ROUTE DE BLUFFY","4.5","1","35","2023-05-09","OUI","01","949349.83","6533269.69","6.21420","45.85340"
"74275","74094","GRAND ANNECY","TA58","PI","100","80",NULL,"ROUTE DE BLUFFY","2.5","1","18","2023-05-09","OUI","01","949269.09","6533459.67","6.21325","45.85514"
"74275","65905","GRAND ANNECY","TA59","PI","100","60",NULL," ","6.1","1","22","2023-05-09","OUI","05","949494.07","6533426.86","6.21613","45.85476"
"74275","79596","GRAND ANNECY","TA60","PI","100","100",NULL," ","8","1","43","2023-05-09","OUI","05","949586.23","6532886.78","6.21704","45.84987"
"74275","65961","GRAND ANNECY","TA60BIS","PI","100","80",NULL," ","9","1","48","2023-05-09","OUI","01","949538.51","6532861.25","6.21641","45.84966"
"74275","65666","GRAND ANNECY","TA61","PI","100","150",NULL," ","1.2","1","36","2023-05-09","OUI","05","949416.05","6532935.04","6.21487","45.85037"
"74275","82885","GRAND ANNECY","TA62","PI","100","100",NULL," ","9.1","1","58","2023-05-09","OUI","05","949390.50","6532984.77","6.21457","45.85082"
"74275","65668","GRAND ANNECY","TA63","PI","100","100",NULL," ","10.4","1.45","60","2023-05-09","OUI","05","949269.27","6533051.65","6.21304","45.85147"
"74275","65667","GRAND ANNECY","TA64","PI","100","150",NULL," ","2.8","1.2","60","2023-05-09","OUI","01","949225.22","6533020.14","6.21246","45.85120"
"74275","79594","GRAND ANNECY","TA65","PI","100","100",NULL," ","3.3","2.4","60","2023-05-09","OUI","05","949248.96","6532951.21","6.21273","45.85057"
"74275","65663","GRAND ANNECY","TA66","PI","100","100",NULL," ","4.3","3.2","60","2023-05-09","OUI","05","949206.26","6532829.73","6.21212","45.84950"
"74275","65664","GRAND ANNECY","TA67","PI","100","100",NULL,"CHEMIN DE PRE MONTEUX","4.3","2.5","60","2023-05-09","OUI","05","949307.98","6532672.83","6.21334","45.84805"
"74275","74090","GRAND ANNECY","TA68","PI","100",NULL,NULL,"CHEMIN DE PRE MONTEUX","4.5","2.4","60","2023-05-09","OUI","05","949237.68","6532708.91","6.21246","45.84840"
"74275","79884","GRAND ANNECY","TA69","PI","100","100",NULL," ","4.7","3.5","60","2023-05-09","OUI","05","949126.18","6532774.38","6.21106","45.84903"
"74275","79891","GRAND ANNECY","TA70","PI","100","100",NULL," ","4.4","2.8","60","2023-05-09","OUI","05","949129.45","6532897.18","6.21116","45.85013"
"74275","79890","GRAND ANNECY","TA71","PI","100","100",NULL," ","4.4","2.3","60","2023-05-09","OUI","05","949034.06","6532899.09","6.20994","45.85018"
"74275","65662","GRAND ANNECY","TA72","PI","100","100",NULL," ","3.8","2.9","60","2023-05-09","OUI","05","949118.02","6533041.63","6.21109","45.85143"
"74275",NULL,"GRAND ANNECY","TA73","PI","100","80","2024-04-25"," ","2.9","1.3","60","2024-07-11","OUI","01","949149.31","6533068.35","6.21151","45.85166"
"74275","75014","GRAND ANNECY","TA75","PI","100","100",NULL," ","4.4","3.5","60","2023-05-09","OUI","05","949012.99","6533063.18","6.20975","45.85167"
"74275","65661","GRAND ANNECY","TA76","PI","100","150",NULL," ","5","3.9","60","2023-05-09","OUI","05","948905.19","6533009.67","6.20833","45.85122"
"74275","65660","GRAND ANNECY","TA77","PI","100","100",NULL,"ROUTE D ANNECY","5.8","4.2","60","2023-05-09","OUI","05","948688.53","6533142.51","6.20561","45.85250"
"74275","74092","GRAND ANNECY","TA78","PI","65","60",NULL," ","6.2","2.5","60","2023-05-09","OUI","05","948551.14","6533256.30","6.20390","45.85357"
"74275","79128","GRAND ANNECY","TA79","PI","100","100",NULL," ","6.3","3.5","60","2023-05-09","OUI","05","948411.19","6533334.62","6.20214","45.85433"
"74275","67176","GRAND ANNECY","TA80","PI","100","100",NULL,"CHEMIN DES FONTAINES","6.4","3","60","2023-05-09","OUI","01","948311.22","6533445.73","6.20091","45.85537"
"74275","65656","GRAND ANNECY","TA81","PI","100","100",NULL," ","7","3.6","60","2023-05-09","OUI","05","948408.72","6533222.15","6.20205","45.85332"
"74275","67419","GRAND ANNECY","TA82","PI","65","100",NULL," ","6.9","1","54","2023-05-09","OUI","05","948347.11","6533204.47","6.20125","45.85318"
"74275","74093","GRAND ANNECY","TA83","PI","100","100",NULL," ","5.8","1","30","2023-05-09","OUI","05","948383.84","6533105.64","6.20167","45.85228"
"74275","74091","GRAND ANNECY","TA84","PI","100","60",NULL," ","5.8","1","48","2023-05-09","OUI","01","948531.39","6533133.36","6.20359","45.85247"
"74275","65658","GRAND ANNECY","TA85","PI","65","80",NULL," ","5.5","1","58","2023-05-09","OUI","01","948597.45","6533130.96","6.20443","45.85243"
"74275","65659","GRAND ANNECY","TA86","PI","65","60",NULL," ","5.8","1","42","2023-05-09","OUI","05","948656.85","6533128.93","6.20520","45.85239"
"74275","79486","GRAND ANNECY","TA87","PI","65","60",NULL," ","5.1","1","28","2023-05-09","OUI","01","948618.99","6533076.11","6.20468","45.85193"
"74275","65657","GRAND ANNECY","TA88","PI","100","100",NULL," ","5.2","2.6","60","2023-05-09","OUI","01","948554.10","6533057.19","6.20384","45.85178"
"74275","83048","GRAND ANNECY","TA89","PI","100","100",NULL," ","4.3","1.8","60","2023-05-09","OUI","05","948458.11","6532897.60","6.20252","45.85038"
"74275","79181","GRAND ANNECY","TA90","PI","100","100",NULL," ","4.4","2.6","60","2023-05-09","OUI","01","948684.98","6533015.50","6.20550","45.85136"
"74275","82977","GRAND ANNECY","TA91","PI","100","110",NULL," ","10.1","5.6","60","2023-05-10","OUI","01","950135.24","6532056.88","6.22367","45.84220"
"74275","82432","GRAND ANNECY","TA91BIS","PI","100","125","2999-12-31"," ","12.3","8.1","60","2023-05-10","OUI","01","950286.31","6532066.29","6.22562","45.84223"
"74275","74089","GRAND ANNECY","TA92","PI","100","125",NULL,"CHEMIN RURAL DE PONNAY","7","4.4","60","2023-05-10","OUI","01","950310.30","6532369.03","6.22609","45.84495"
"74275","72732","GRAND ANNECY","TA93","PI","65","100",NULL," ","4.3","1.3","60","2023-05-10","OUI","01","950311.05","6532518.09","6.22618","45.84629"
"74275","65965","GRAND ANNECY","TA94","PI","100","100",NULL," ","4.1","2.4","60","2023-05-10","OUI","05","950371.08","6532527.69","6.22695","45.84635"
"74275","75010","GRAND ANNECY","TA95","PI","100","100",NULL," ","10.8","1","57","2023-05-10","OUI","05","950235.35","6531712.94","6.22478","45.83907"
"74275","75009","GRAND ANNECY","TA96","PI","100","100",NULL," ","9.5","1","27","2023-05-10","OUI","05","950372.11","6531577.93","6.22647","45.83780"
"74275","82889","GRAND ANNECY","TA97","PI","100","100",NULL,"CHEMIN DE LA CLOSETTE","4","1","51","2023-05-10","OUI","01","950308.29","6531282.98","6.22549","45.83517"
"74275","65966","GRAND ANNECY","TA98","PI","100","100",NULL," ","10","3.2","60","2023-05-10","OUI","05","950425.61","6531783.23","6.22726","45.83963"
"74282","82792","GRAND ANNECY","AV01","PI","100","100",NULL," ","4.5","2","60","2023-06-14","OUI","01","951035.84","6548519.59","6.24398","45.98999"
"74282","78914","GRAND ANNECY","AV02","PI","100","100",NULL," ","6","1","40","2023-06-21","OUI","01","949169.04","6547781.49","6.21949","45.98404"
"74282","82793","GRAND ANNECY","AV03","PI","100","100",NULL,"ROUTE DE LA LOUVATIERE","4.5","1","55","2023-06-20","OUI","01","951574.54","6548627.34","6.25099","45.99076"
"74282","82794","GRAND ANNECY","AV04","PI","100","125","2024-03-19",NULL,"5.5","1","38","2024-04-22","OUI","01","950210.44","6548121.87","6.23311","45.98672"
"74282","80744","GRAND ANNECY","AV05","PI","100","60",NULL," ","8.5","1","24","2023-06-20","OUI","01","949664.08","6548320.32","6.22616","45.98870"
"74282","82795","GRAND ANNECY","AV06","PI","100","100",NULL," ","9","7","60","2023-06-20","OUI","01","950091.76","6547751.82","6.23138","45.98343"
"74282","62963","GRAND ANNECY","AV07","PI","100","100",NULL," ","8","7","60","2023-06-20","OUI","01","949422.15","6547067.91","6.22238","45.97752"
"74282","62964","GRAND ANNECY","AV08","PI","100","100",NULL," ","4","3.5","60","2023-06-20","OUI","01","949900.36","6547200.84","6.22862","45.97854"
"74282","62965","GRAND ANNECY","AV09","PI","100","100",NULL," ","7.5","2.5","60","2023-06-20","OUI","01","949891.43","6546617.47","6.22820","45.97330"
"74282","62966","GRAND ANNECY","AV10","PI","100","100",NULL," ","5.5","2.3","60","2023-06-20","OUI","01","949766.82","6546281.38","6.22641","45.97032"
"74282","64125","GRAND ANNECY","AV11","PI","100","100",NULL," ","4.3","2","60","2023-06-20","OUI","01","949929.91","6546421.37","6.22859","45.97152"
"74282","81064","GRAND ANNECY","AV12","PI","100","100",NULL," ","5","1","50","2023-06-14","OUI","01","948185.21","6547311.15","6.20655","45.98017"
"74282","64126","GRAND ANNECY","AV13","PI","100","100",NULL," ","5","2","60","2023-06-14","OUI","01","948145.14","6546545.98","6.20563","45.97330"
"74282","63159","GRAND ANNECY","AV14","PI","100","100","2023-02-01","ROUTE DES RESSES","9","2.5","60","2023-06-19","OUI","01","947925.74","6546155.14","6.20259","45.96986"
"74282","64127","GRAND ANNECY","AV15","PI","100","125","2023-01-01","ROUTE DES COTES D EN BAS","6","2.5","60","2023-06-21","OUI","01","947882.33","6545877.74","6.20189","45.96738"
"74282","83484","GRAND ANNECY","AV16","PI","100","100",NULL," ","2","1","55","2023-06-20","OUI","01","950050.54","6547328.25","6.23063","45.97964"
"74282","63244","GRAND ANNECY","AV17","PI","100","80",NULL," ","4.5","1.3","60","2023-06-14","OUI","01","948398.75","6546514.26","6.20888","45.97292"
"74282","80770","GRAND ANNECY","AV18","PI","100","100",NULL," ","6.3","4.5","60","2023-06-14","OUI","01","949149.36","6546772.38","6.21870","45.97496"
"74282","63686","GRAND ANNECY","AV19","PI","65","60",NULL," ","1","11","50","2023-06-21","OUI","01","949111.32","6548394.36","6.21907","45.98957"
"74282","6281540","GRAND ANNECY","AV20","PI","65","60",NULL," ","11","1.9","60","2023-06-21","OUI","01","948669.89","6548485.38","6.21342","45.99055"
"74282","80107","GRAND ANNECY","AV21","PI","100","100",NULL," ","6","1","51","2023-06-14","OUI","01","951366.34","6548739.64","6.24836","45.99185"
"74282","63140","GRAND ANNECY","AV22","PI","100","100",NULL," ","7","1.7","60","2023-06-21","OUI","01","951183.72","6548709.67","6.24598","45.99165"
"74282","63212","GRAND ANNECY","AV23","PI","100","100",NULL," ","7","4.5","60","2023-06-14","OUI","01","951038.18","6548441.85","6.24396","45.98929"
"74282","63213","GRAND ANNECY","AV24","PI","100","100",NULL," ","6.5","5","60","2023-06-20","OUI","01","949670.50","6547163.65","6.22564","45.97829"
"74282","71610","GRAND ANNECY","AV25","PI","100","100",NULL," ","4","1.8","60","2023-06-21","OUI","01","948980.88","6546889.11","6.21659","45.97608"
"74282","77896","GRAND ANNECY","AV26","PI","100","100","2023-02-01","ROUTE DES RESSES","9","2.5","60","2023-06-19","OUI","01","947988.64","6546060.03","6.20335","45.96898"
"74282","78658","GRAND ANNECY","AV27","PI","100","125","2023-02-01",NULL,"2.8","1.5","60","2023-06-21","OUI","01","948177.00","6546079.88","6.20579","45.96909"
"74282","78659","GRAND ANNECY","AV28","PI","100","100",NULL," ","6","3.5","60","2023-06-14","OUI","01","948755.10","6546808.37","6.21364","45.97543"
"74282","78660","GRAND ANNECY","AV29","PI","100","100",NULL," ","7","3.6","60","2023-06-14","OUI","01","949061.90","6546527.66","6.21745","45.97280"
"74282","6281514","GRAND ANNECY","AV30","PI","100","100",NULL," ","4.5","1.8","60","2023-06-21","OUI","01","950977.82","6548618.53","6.24328","45.99090"
"74282","6281515","GRAND ANNECY","AV31","PI","100","100",NULL," ","9","5","60","2023-06-20","OUI","01","950240.94","6547265.50","6.23305","45.97900"
"74282","6281543","GRAND ANNECY","AV32","PI","100","100","2015-01-01","ROUTE DE LA LOUVATIERE","5","1","37","2023-06-20","OUI","01","952009.10","6548534.68","6.25655","45.98977"
"74282","63935","GRAND ANNECY","EV01","PI","65","60",NULL," ","10.2","1","28","2024-06-12","OUI","01","948855.76","6551525.87","6.21742","46.01784"
"74282","62897","GRAND ANNECY","EV04","PI","65","60",NULL," ","11","1","26","2024-06-13","OUI","01","950473.95","6552600.03","6.23888","46.02691"
"74282","65288","GRAND ANNECY","EV06","PI","65",NULL,NULL," ","3.3","1","1","2024-06-13","OUI","01","950841.49","6554133.82","6.24445","46.04058"
"74282","64842","GRAND ANNECY","EV07","PI","65",NULL,NULL," ","9","1","28","2024-06-13","OUI","01","950838.11","6554545.52","6.24462","46.04428"
"74282","64843","GRAND ANNECY","EV08","PI","65",NULL,NULL," ","6.5","1","22","2024-06-13","OUI","01","949085.86","6552184.05","6.22074","46.02368"
"74282","64844","GRAND ANNECY","EV09","PI","65","60",NULL," ","6.8","1","25","2024-06-13","OUI","01","949773.69","6552781.14","6.22993","46.02880"
"74282","65222","GRAND ANNECY","EV10","PI","100","100","2016-12-01","CHEMIN DE GRANGE NEUVE","6.5","4","60","2024-06-13","OUI","01","949056.47","6552478.30","6.22051","46.02634"
"74282","65223","GRAND ANNECY","EV11","PI","100","100","2017-02-01","ROUTE DE LA COTE","8.5","2","60","2024-06-13","OUI","01","949019.78","6552756.13","6.22018","46.02885"
"74282","80254","GRAND ANNECY","EV12","PI","100",NULL,"2023-05-24"," ","4.6","3.8","60","2024-06-13","OUI","01","949217.95","6553729.25","6.22326","46.03753"
"74282","65224","GRAND ANNECY","EV13","PI","100","100",NULL," ","4","3.3","60","2024-06-13","OUI","01","949335.06","6553691.92","6.22475","46.03715"
"74282","65225","GRAND ANNECY","EV14","PI","100","100",NULL," ","3.6","2.6","60","2024-06-13","OUI","01","949519.98","6553824.09","6.22721","46.03828"
"74282","65226","GRAND ANNECY","EV15","PI","100","100",NULL,"ROUTE DE CHEZ BORNAIN","5.2","4","60","2024-06-13","OUI","01","949780.88","6554010.64","6.23068","46.03986"
"74282","65227","GRAND ANNECY","EV16","PI","100","100",NULL," ","4.2","3","60","2024-06-13","OUI","01","949998.80","6554200.25","6.23359","46.04148"
"74282","80753","GRAND ANNECY","EV17","PI","100","100",NULL," ","3.8","2.1","60","2024-06-12","OUI","05","949773.19","6554611.16","6.23090","46.04526"
"74282","65287","GRAND ANNECY","EV18","PI","100","100",NULL," ","2.5","1","60","2024-06-12","OUI","05","949974.91","6554899.51","6.23366","46.04778"
"74282","63215","GRAND ANNECY","EV20","PI","100","100",NULL," ","3.5","2","60","2024-06-12","OUI","01","950197.61","6555069.49","6.23662","46.04923"
"74282","63216","GRAND ANNECY","EV21","PI","100","100",NULL," ","4.2","1","42","2024-06-12","OUI","01","950631.00","6554938.01","6.24215","46.04789"
"74282","63217","GRAND ANNECY","EV22","PI","65",NULL,NULL," ","3.2","1","9","2024-06-12","OUI","01","949199.67","6554384.08","6.22337","46.04343"
"74282","63218","GRAND ANNECY","EV23","PI","100",NULL,NULL," ","10.2","1","28","2024-06-12","OUI","01","948802.06","6554565.36","6.21832","46.04521"
"74282","63219","GRAND ANNECY","EV24","PI","100","100","2007-01-01"," ","8.3","1","55","2024-06-12","OUI","01","948578.97","6555094.27","6.21572","46.05005"
"74282","63220","GRAND ANNECY","EV25","PI","100","100","2007-01-01"," ","6","1","45","2024-06-12","OUI","01","948268.06","6555291.12","6.21181","46.05193"
"74282","63221","GRAND ANNECY","EV26","PI","65",NULL,NULL," ","7.5","1","27","2024-06-12","OUI","01","948158.66","6555021.86","6.21025","46.04955"
"74282","6283021","GRAND ANNECY","EV27BIS","PI","100","125","2023-10-25",NULL,"7.5","1","57","2024-06-12","OUI","01","947529.36","6554613.03","6.20190","46.04610"
"74282","63847","GRAND ANNECY","EV28","PI","100","100","2006-01-01"," ","5.2","1","50","2024-06-12","OUI","01","947532.05","6555185.62","6.20224","46.05125"
"74282","63848","GRAND ANNECY","EV29","PI","65",NULL,NULL," ","8.1","1","17","2023-05-24","OUI","01","948152.48","6554279.06","6.20978","46.04287"
"74282","63849","GRAND ANNECY","EV30","PI","100","100",NULL," ","5.8","1","40","2024-06-12","OUI","01","948116.80","6555452.46","6.20994","46.05344"
"74282","63851","GRAND ANNECY","EV31","PI","100",NULL,NULL," ","5.8","1","40","2024-06-12","OUI","01","948037.28","6555492.69","6.20893","46.05383"
"74282","63852","GRAND ANNECY","EV32","PI","65",NULL,NULL," ","1.7","1","12","2024-06-12","OUI","01","947789.74","6556075.20","6.20604","46.05916"
"74282","63853","GRAND ANNECY","EV33","PI","100","80",NULL," ","3.4","1","19","2024-06-12","OUI","01","948260.99","6556721.90","6.21247","46.06481"
"74282","63854","GRAND ANNECY","EV34","PI","65","80",NULL," ","2","1","12","2024-06-12","OUI","01","948643.14","6556633.42","6.21736","46.06387"
"74282","63855","GRAND ANNECY","EV35","PI","100","100",NULL," ","4.7","1.1","60","2024-06-12","OUI","01","949421.99","6556178.89","6.22719","46.05950"
"74282","63856","GRAND ANNECY","EV36","PI","65","60",NULL," ","5","1","18","2024-06-12","OUI","01","949379.42","6555623.11","6.22634","46.05451"
"74282","63857","GRAND ANNECY","EV37","PI","100","60",NULL," ","6.9","1","12","2024-06-12","OUI","01","949650.44","6555580.17","6.22982","46.05403"
"74282","63858","GRAND ANNECY","EV38","PI","100","100",NULL," ","7","1","15","2024-06-12","OUI","01","950325.62","6556583.62","6.23908","46.06281"
"74282","80983","GRAND ANNECY","EV39","PI","65",NULL,NULL," ","8.2","1","32","2024-06-13","OUI","01","948404.65","6553766.43","6.21277","46.03817"
"74282","63859","GRAND ANNECY","EV40","PI","65",NULL,NULL," ","5","1","9","2024-06-13","OUI","01","947872.90","6553613.53","6.20582","46.03699"
"74282","63860","GRAND ANNECY","EV41","PI","65",NULL,NULL," ","10.3","1","34","2024-06-13","OUI","01","948074.64","6553167.48","6.20819","46.03290"
"74282","63931","GRAND ANNECY","EV42","PI","65","60",NULL," ","11","1","35","2024-06-13","OUI","01","947916.92","6552908.20","6.20602","46.03062"
"74282","63932","GRAND ANNECY","EV43","PI","65",NULL,NULL," ","5.7","1","23","2024-06-13","OUI","01","948068.01","6551733.38","6.20735","46.02000"
"74282","63933","GRAND ANNECY","EV44","PI","100","100",NULL," ","2.4","1","57","2024-06-12","OUI","01","949340.79","6556657.11","6.22639","46.06383"
"74282","63934","GRAND ANNECY","EV45","PI","100","100",NULL," ","5.2","1","37","2023-05-16","OUI","01","948338.29","6555685.34","6.21292","46.05546"
"74282","64845","GRAND ANNECY","EV46","PI","100","100","2006-01-01"," ","6","2.3","60","2024-06-12","OUI","01","950334.44","6554790.59","6.23824","46.04667"
"74282","81540","GRAND ANNECY","EV47","PI","100","100",NULL," ","4","2.6","60","2024-06-13","OUI","01","949260.72","6553543.56","6.22371","46.03585"
"74282","80628","GRAND ANNECY","EV48","PI","100","100","2011-01-01"," ","11.9","2.2","60","2024-06-13","OUI","01","950667.73","6553473.13","6.24185","46.03470"
"74282","127956","GRAND ANNECY","EV49","PI","100","110","2013-07-01"," ","3","1","7","2024-06-13","OUI","05","950993.68","6554233.95","6.24647","46.04142"
"74282","80987","GRAND ANNECY","EV50","PI","100","100",NULL," ","7","1","22","2024-06-13","OUI","01","950085.75","6552104.53","6.23361","46.02260"
"74282","127954","GRAND ANNECY","EV51","PI","100","100",NULL," ","8.1","1","22","2024-06-13","OUI","01","949954.75","6552170.81","6.23195","46.02324"
"74282","63942","GRAND ANNECY","GL01","PI","100","100",NULL," ","6.8","1.7","60","2024-06-17","OUI","05","957260.27","6545546.15","6.32270","45.96091"
"74282","63943","GRAND ANNECY","GL02","PI","100","125","2021-10-01",NULL,"5.5","1","60","2024-06-17","OUI","01","957643.01","6545918.06","6.32784","45.96411"
"74282","79355","GRAND ANNECY","GL03","PI","100","125","2019-10-01","ROUTE DES GLIERES","10.1","2.1","60","2024-06-17","OUI","01","957276.12","6544902.26","6.32255","45.95511"
"74282","6281512","GRAND ANNECY","GL08","PI","100","125","2018-04-23","CHEMIN DE L AUBERGE","3.3","1","35","2024-06-17","OUI","01","957591.33","6545999.54","6.32722","45.96486"
"74282","6281527","GRAND ANNECY","LO01","PI","100","100",NULL," ","5","2","60","2024-06-11","OUI","01","946214.43","6546647.67","6.18077","45.97491"
"74282","6281400","GRAND ANNECY","LO02","PI","65","100","2015-01-01","ROUTE DU PRAZ","7","5.9","60","2024-06-11","OUI","01","946199.28","6546911.94","6.18071","45.97730"
"74282","63755","GRAND ANNECY","LO03","PI","65","80",NULL," ","6.6","1","53","2024-06-12","OUI","01","946474.60","6547221.83","6.18442","45.97999"
"74282","63756","GRAND ANNECY","LO04","PI","65","60",NULL," ","7.2","1","30","2024-06-12","OUI","01","947018.04","6547311.34","6.19148","45.98059"
"74282","63757","GRAND ANNECY","LO05","PI","100","125","2024-09-30",NULL,NULL,NULL,NULL,NULL,"OUI","01","947086.55","6546901.83","6.19215","45.97688"
"74282","64620","GRAND ANNECY","LO06","PI","100","100",NULL," ","7","5.7","60","2024-06-11","OUI","01","946282.91","6546894.84","6.18178","45.97711"
"74282","64621","GRAND ANNECY","LO07","PI","100","100",NULL," ","6.5","4.5","60","2024-06-11","OUI","01","946407.41","6546798.40","6.18333","45.97620"
"74282",NULL,"GRAND ANNECY","LO08","PI","100","125","2024-09-30","CHEMIN DE SAINT BERON",NULL,NULL,NULL,NULL,"OUI","01","946847.44","6546375.66","6.18879","45.97224"
"74282","64622","GRAND ANNECY","LO09","PI","100","100",NULL," ","4.3","2.2","60","2024-06-11","OUI","01","946085.12","6546737.62","6.17914","45.97577"
"74282","6281528","GRAND ANNECY","LO09BIS","PI","100","100","2017-01-01","ROUTE DU BOGNON","5.8","2.9","60","2024-06-11","OUI","01","945873.56","6546640.24","6.17636","45.97497"
"74282","64623","GRAND ANNECY","LO10","PI","100","100",NULL," ","6.1","3.5","60","2024-06-11","OUI","01","946106.51","6546537.67","6.17932","45.97396"
"74282","64624","GRAND ANNECY","LO11","PI","100","100",NULL," ","8.1","5.7","60","2024-06-11","OUI","01","945891.08","6546412.48","6.17647","45.97291"
"74282","64625","GRAND ANNECY","LO12","PI","100","100",NULL," ","7","1.8","60","2024-06-11","OUI","01","945572.60","6545892.45","6.17209","45.96835"
"74282","64681","GRAND ANNECY","LO13","PI","100","60",NULL," ","6.5","1","30","2024-06-11","OUI","01","946116.53","6546016.62","6.17917","45.96927"
"74282","64682","GRAND ANNECY","LO14","PI","100","100",NULL," ","6.2","5","60","2024-06-11","OUI","01","946307.56","6547092.31","6.18220","45.97888"
"74282","6281516","GRAND ANNECY","LO14BIS","PI","100","100","2017-05-01","ROUTE DE CHEZ COPPIER","4.2","2.7","60","2024-06-12","OUI","10","946157.24","6547505.53","6.18047","45.98265"
"74282","64683","GRAND ANNECY","LO15","PI","100","125",NULL,"ROUTE DE CHEZ COPPIER","8.9","4.6","60","2024-06-12","OUI","01","946231.63","6548164.55","6.18178","45.98856"
"74282","6281517","GRAND ANNECY","LO15BIS","PI","100","100","2017-05-01","ROUTE DE CHEZ COPPIER","9.5","4.8","60","2024-06-12","OUI","01","946243.29","6548298.10","6.18200","45.98975"
"74282","64684","GRAND ANNECY","LO16","PI","65","60",NULL," ","10.8","1","24","2024-06-12","OUI","01","946458.76","6548711.02","6.18499","45.99339"
"74282","64685","GRAND ANNECY","LO17","PI","65","60",NULL," ","8.4","1","31","2024-06-12","OUI","01","947582.41","6548696.39","6.19949","45.99285"
"74282","64128","GRAND ANNECY","LO18","PI","100","125","2023-01-01","ROUTE DES COTES","2.8","1.8","60","2024-06-11","OUI","01","947498.93","6545648.51","6.19682","45.96546"
"74282","125476","GRAND ANNECY","LO19","PI","100","125","2024-10-16","ROUTE DE CHEZ LE BOIS",NULL,NULL,NULL,NULL,"OUI","01","947252.26","6547235.11","6.19446","45.97982"
"74282","76803","GRAND ANNECY","LO20","PI","100","100",NULL," ","3.9","1.5","60","2024-06-11","OUI","01","946213.65","6546751.95","6.18081","45.97585"
"74282","63753","GRAND ANNECY","LO21","PI","100","100",NULL," ","6.8","1","60","2024-06-12","OUI","01","947996.92","6548470.99","6.20472","45.99067"
"74282","63754","GRAND ANNECY","LO22","PI","65","60",NULL," ","4.5","1","28","2023-12-13","OUI","01","946596.10","6547735.99","6.18626","45.98457"
"74282","74346","GRAND ANNECY","SMB01","PI","100","100",NULL,"IMPASSE DE LA FILLIERE","6.1","1","60","2024-07-08","OUI","01","944967.59","6545850.51","6.16426","45.96819"
"74282","6281522","GRAND ANNECY","SMB01BIS","PI","65","100","2017-10-01","IMPASSE DE LA FILLIERE","6.5","1.1","60","2024-07-08","OUI","01","945020.30","6545929.20","6.16498","45.96888"
"74282","64922","GRAND ANNECY","SMB02","PI","100","100",NULL," ","5.8","1","55","2024-07-08","OUI","01","945047.08","6545244.65","6.16497","45.96271"
"74282","6281525","GRAND ANNECY","SMB03","PI","65","60",NULL,"ROUTE DE LA FRETALLAZ","4.6","1","37","2024-07-08","OUI","01","944978.98","6545402.51","6.16418","45.96416"
"74282","63069","GRAND ANNECY","SMB04","PI","100","100",NULL," ","8.4","4.3","60","2024-06-20","OUI","01","944745.71","6545490.74","6.16121","45.96503"
"74282","6281530","GRAND ANNECY","SMB04BIS","PI","100","100","2017-01-01","ROUTE DE LA FRETALLAZ","8.3","3.2","60","2024-06-20","OUI","01","944683.78","6545592.85","6.16047","45.96598"
"74282","80098","GRAND ANNECY","SMB05","PI","100","100",NULL,"ROUTE DE LA GARE","6.8","4.7","60","2024-06-20","OUI","01","944488.66","6545781.71","6.15805","45.96775"
"74282","80768","GRAND ANNECY","SMB06","PI","100","100",NULL,"ROUTE DE LA GARE","7.2","5.6","60","2024-06-19","OUI","01","944424.10","6545936.09","6.15729","45.96916"
"74282","81552","GRAND ANNECY","SMB07","PI","100","100",NULL," ","6","3.3","60","2024-06-19","OUI","01","943981.70","6545871.02","6.15155","45.96873"
"74282","80862","GRAND ANNECY","SMB08","PI","100","100",NULL," ","3.1","1.7","60","2024-06-18","OUI","01","943758.92","6545287.59","6.14838","45.96356"
"74282","63233","GRAND ANNECY","SMB09","PI","100","100","1996-01-01"," ","0.5","0","60","2024-06-18","OUI","01","943744.59","6545089.69","6.14809","45.96179"
"74282","63234","GRAND ANNECY","SMB10","PI","100","100","1996-01-01","ROUTE DE L EGLISE","4.8","4.2","60","2024-06-18","OUI","01","943437.47","6545102.61","6.14413","45.96201"
"74282","81140","GRAND ANNECY","SMB11","PI","100","100",NULL," ","6.3","3.6","60","2024-06-18","OUI","01","943263.04","6544718.76","6.14169","45.95862"
"74282","79812","GRAND ANNECY","SMB12","PI","100","125","2018-07-01","ROUTE DE SECHENAL","4.5","1","51","2024-06-18","OUI","01","943423.63","6544412.10","6.14360","45.95580"
"74282","64322","GRAND ANNECY","SMB13","PI","100","100",NULL," ","6.8","5.5","60","2024-06-18","OUI","01","943186.78","6545068.17","6.14088","45.96179"
"74282","64323","GRAND ANNECY","SMB14","PI","100","100","1996-01-01","ROUTE DE L EGLISE","6.7","6","60","2024-06-18","OUI","01","943136.43","6545205.52","6.14030","45.96305"
"74282","64324","GRAND ANNECY","SMB15","PI","100","125","2023-06-01","ROUTE DE L EGLISE","6.2","1.8","60","2024-06-18","OUI","01","942843.44","6545293.08","6.13657","45.96394"
"74282","64325","GRAND ANNECY","SMB16","PI","100","100",NULL,"ROUTE DES POMMIERS","8.8","3.8","60","2024-06-18","OUI","01","942556.06","6545346.87","6.13289","45.96453"
"74282","78623","GRAND ANNECY","SMB17","PI","100","100",NULL,"ROUTE DES POMMIERS","8","2","60","2020-07-29","OUI","01","942573.13","6545213.15","6.13304","45.96332"
"74282","64326","GRAND ANNECY","SMB18","PI","100","100",NULL," ","8.2","3.1","60","2024-06-18","OUI","01","942557.36","6545136.55","6.13280","45.96263"
"74282","74006","GRAND ANNECY","SMB19","PI","100","100",NULL,"ROUTE DES DIACQUENODS","8.8","4","60","2024-06-18","OUI","01","942492.97","6545403.87","6.13210","45.96506"
"74282","64327","GRAND ANNECY","SMB20","PI","100","100","2014-02-01"," ","9.1","4","60","2024-06-19","OUI","01","942582.58","6545565.34","6.13334","45.96648"
"74282","64328","GRAND ANNECY","SMB21","PI","100","80",NULL," ","8","1.1","60","2024-06-19","OUI","01","942588.71","6545764.15","6.13352","45.96827"
"74282","64329","GRAND ANNECY","SMB22","PI","100","100",NULL," ","6","1","37","2024-06-19","OUI","01","942634.23","6546073.72","6.13427","45.97104"
"74282","64330","GRAND ANNECY","SMB23","PI","65","60",NULL," ","5.4","1","21","2024-06-19","OUI","01","942656.06","6546345.53","6.13469","45.97348"
"74282","64331","GRAND ANNECY","SMB24","PI","100","100",NULL," ","7.2","4","60","2024-06-19","OUI","01","942432.03","6547079.89","6.13217","45.98016"
"74282","64332","GRAND ANNECY","SMB25","PI","65","60",NULL," ","5.3","1","43","2024-06-18","OUI","01","943007.99","6545482.15","6.13879","45.96558"
"74282","71603","GRAND ANNECY","SMB26","PI","100","100",NULL," ","5.6","1","54","2024-06-18","OUI","01","942976.79","6545511.10","6.13840","45.96585"
"74282","81141","GRAND ANNECY","SMB27","PI","65","60",NULL,"ROUTE DES BOUVERATS","5.6","1","25","2024-06-18","OUI","01","943331.69","6545703.62","6.14308","45.96746"
"74282","74007","GRAND ANNECY","SMB28","PI","100","100",NULL," ","5.4","4.4","60","2024-06-19","OUI","01","943356.40","6546243.88","6.14368","45.97231"
"74282","64333","GRAND ANNECY","SMB29","PI","100","100",NULL," ","5.5","4.6","60","2024-06-19","OUI","01","943356.07","6546336.67","6.14372","45.97315"
"74282","64334","GRAND ANNECY","SMB30","PI","100","100",NULL," ","6","5","60","2024-06-19","OUI","01","943311.47","6546480.30","6.14322","45.97445"
"74282","64335","GRAND ANNECY","SMB31","PI","100","100",NULL," ","5.8","5.1","60","2024-06-19","OUI","01","943339.91","6546626.06","6.14366","45.97576"
"74282","64336","GRAND ANNECY","SMB32","PI","100","100",NULL," ","4.2","3.8","60","2024-06-19","OUI","01","943376.86","6546868.33","6.14426","45.97792"
"74282","64337","GRAND ANNECY","SMB33","PI","100","100",NULL," ","3","2.2","60","2024-06-19","OUI","01","943248.44","6547126.76","6.14274","45.98029"
"74282","64338","GRAND ANNECY","SMB34","PI","100","100","2016-09-01"," ","4.7","1","57","2024-06-19","OUI","01","942905.14","6548050.14","6.13878","45.98872"
"74282","104528","GRAND ANNECY","SMB35","PI","100","100",NULL," ","5.3","1","54","2024-06-19","OUI","01","942724.31","6547012.56","6.13591","45.97945"
"74282","79437","GRAND ANNECY","SMB36","PI","100","100",NULL," ","4.1","1","54","2024-06-19","OUI","01","942688.03","6547113.90","6.13550","45.98038"
"74282","81142","GRAND ANNECY","SMB37","PI","100","125","2019-06-01","ROUTE DU VIERAN","8","3.4","60","2024-06-19","OUI","01","942277.63","6546998.28","6.13014","45.97948"
"74282","6281533","GRAND ANNECY","SMB38","PI","100","100",NULL,"ROUTE IMPERIALE","9.7","4.1","60","2024-06-18","OUI","01","942454.68","6545328.43","6.13157","45.96440"
"74282","79409","GRAND ANNECY","SMB39","PI","100","125","2019-06-01","ROUTE DE LA TOUFFIERE","9.5","2.2","60","2024-06-19","OUI","01","942373.90","6546195.51","6.13097","45.97223"
"74282","64792","GRAND ANNECY","SMB40","PI","100","100",NULL," ","11.8","2.7","60","2024-06-19","OUI","01","942311.59","6545855.38","6.12999","45.96919"
"74282","64793","GRAND ANNECY","SMB41","PI","100","125",NULL,"ROUTE DE LA TOUFFIERE","11","2.6","60","2024-06-19","OUI","01","942396.61","6545836.47","6.13108","45.96899"
"74282","64850","GRAND ANNECY","SMB42","PI","100","100",NULL," ","4.8","2.2","60","2024-06-19","OUI","01","942352.08","6547969.60","6.13160","45.98820"
"74282","79771","GRAND ANNECY","SMB43","PI","100","100",NULL," ","7","1","21","2024-06-19","OUI","01","941253.04","6545592.76","6.11620","45.96720"
"74282","6283014","GRAND ANNECY","SMB43BIS","PI","65","60",NULL,NULL,"5","1","17","2024-06-19","OUI","10","941250.18","6545964.06","6.11635","45.97054"
"74282","80183","GRAND ANNECY","SMB44","PI","100","60",NULL,"CHEMIN DES EPLATIERES","7.1","1","24","2024-06-19","OUI","01","941126.55","6545470.94","6.11451","45.96615"
"74282","64851","GRAND ANNECY","SMB45","PI","100","60",NULL,"ROUTE DE GORGY","9","1","18","2024-06-19","OUI","01","941444.72","6545408.36","6.11858","45.96548"
"74282","64852","GRAND ANNECY","SMB46","PI","100","100",NULL,"ROUTE DU MONT","4.1","3.2","60","2024-06-18","OUI","01","943473.40","6544960.81","6.14453","45.96072"
"74282","79324","GRAND ANNECY","SMB47","PI","100","100","1999-01-01","ROUTE DE L EGLISE","5.4","1","55","2024-06-18","OUI","01","942958.39","6545200.37","6.13800","45.96306"
"74282","104526","GRAND ANNECY","SMB48","PI","100","100","2001-01-01","CHEMIN DE LA PELOUSE","8.5","6","60","2024-06-20","OUI","01","944629.37","6545946.33","6.15995","45.96918"
"74282","64923","GRAND ANNECY","SMB49","PI","100","100",NULL,"ROUTE DE LA FRETALLAZ","4.6","1","44","2024-07-08","OUI","01","944962.65","6545371.47","6.16395","45.96388"
"74282","82983","GRAND ANNECY","SMB50","PI","100","100",NULL," ","6","5.3","60","2024-06-18","OUI","01","943339.03","6545140.17","6.14288","45.96239"
"74282","78304","GRAND ANNECY","SMB51","PI","100","100",NULL," ","6.4","4.8","60","2024-06-18","OUI","01","943238.09","6545156.00","6.14159","45.96256"
"74282","94106","GRAND ANNECY","SMB52","PI","100","100","2013-01-01","ROUTE DES MOLLIATS","8.3","2.7","60","2024-06-20","OUI","01","944713.96","6545277.34","6.16069","45.96313"
"74282","79813","GRAND ANNECY","SMB53","PI","100","100",NULL," ","4.4","1","60","2024-06-19","OUI","01","942543.48","6547261.17","6.13371","45.98176"
"74282","81501","GRAND ANNECY","SMB54","PI","100","100","2008-10-01","","6.3","2.3","60","2024-06-18","OUI","01","943257.32","6544408.66","6.14145","45.95583"
"74282","78912","GRAND ANNECY","SMB55","PI","100","100","2008-10-01","","6.2","4.5","60","2024-06-18","OUI","01","943304.43","6544937.14","6.14233","45.96057"
"74282","85986","GRAND ANNECY","SMB56","PI","100","100",NULL," ","7.6","2.8","60","2024-06-18","OUI","01","942709.00","6545378.51","6.13488","45.96476"
"74282","113488","GRAND ANNECY","SMB57","PI","100","100",NULL," ","5.9","1","35","2024-06-19","OUI","01","942672.15","6545969.32","6.13470","45.97009"
"74282","113489","GRAND ANNECY","SMB58","PI","100","100",NULL," ","7.2","3.2","60","2024-06-19","OUI","01","942334.40","6547247.79","6.13100","45.98171"
"74282","113459","GRAND ANNECY","SMB59","PI","100","100",NULL," ","5.1","2.6","60","2024-06-19","OUI","01","944240.28","6545807.66","6.15486","45.96807"
"74282","6281523","GRAND ANNECY","SMB60","PI","100","100",NULL," ","5.9","1","58","2024-07-08","OUI","01","944884.60","6545831.70","6.16318","45.96805"
"74282","6281825","GRAND ANNECY","SMB60BIS","PI","100","125","2018-12-01","ROUTE DES BORBAS","3","1","39","2024-07-08","OUI","01","944782.51","6545637.46","6.16176","45.96634"
"74282","6281531","GRAND ANNECY","SMB61","PI","100","100",NULL," ","10","2.1","60","2024-06-19","OUI","01","942321.23","6546009.62","6.13020","45.97057"
"74282","6281532","GRAND ANNECY","SMB62","PI","100","100",NULL," ","7.5","2.5","60","2024-06-18","OUI","01","942707.85","6545067.12","6.13470","45.96195"
"74282","6281524","GRAND ANNECY","SMB63","PI","100","100",NULL," ","5.8","1","52","2024-07-08","OUI","01","944919.08","6545734.72","6.16358","45.96717"
"74282","6281529","GRAND ANNECY","SMB64","PI","100","100","2015-01-01"," ","7","1","56","2024-07-08","OUI","01","945200.80","6545061.39","6.16686","45.96101"
"74282","6281552","GRAND ANNECY","SMB65","PI","65","60",NULL," ","7.3","1","30","2024-06-19","OUI","01","942174.98","6547698.35","6.12917","45.98582"
"74282","6281534","GRAND ANNECY","SMB66","PI","65","63",NULL,NULL,"4.1","1","14","2024-06-19","OUI","01","942471.68","6547916.01","6.13311","45.98767"
"74282","79438","GRAND ANNECY","SMB67","PI","100","100","2009-01-01"," ","5.9","2.5","60","2024-06-19","OUI","01","942411.66","6547337.85","6.13204","45.98249"
"74282","6282310","GRAND ANNECY","SMB68","PI","100","100","2020-02-05","ROUTE DE BULLOZ","1.1","1","38","2024-06-18","OUI","01","943870.17","6545126.23","6.14973","45.96207"
"74282","6282311","GRAND ANNECY","SMB69","PI","100","100","2020-02-05","ROUTE DE BULLOZ","6.5","6","60","2024-06-18","OUI","01","944156.96","6545227.03","6.15348","45.96287"
"74282",NULL,"GRAND ANNECY","SMB70","PI","100","100","2021-12-01","ROUTE DU QUAI","7","5.1","60","2024-06-19","OUI","01","944451.82","6545713.30","6.15754","45.96714"
"74282","74456","GRAND ANNECY","TG01","PI","100","100",NULL," ","6.4","1.3","60","2024-06-17","OUI","01","950985.53","6549221.33","6.24370","45.99632"
"74282","64853","GRAND ANNECY","TG02","PI","100","100",NULL," ","5.5","1","55","2024-06-17","OUI","01","951098.78","6549255.72","6.24518","45.99659"
"74282","64854","GRAND ANNECY","TG03","PI","100","100",NULL," ","5.1","1","45","2024-06-17","OUI","01","951247.59","6549262.20","6.24710","45.99659"
"74282","64855","GRAND ANNECY","TG04","PI","65","60",NULL," ","5.9","1","35","2024-06-17","OUI","01","951187.74","6549363.36","6.24638","45.99753"
"74282","64856","GRAND ANNECY","TG05","PI","100","100",NULL," ","5.6","1","51","2024-06-17","OUI","01","951438.73","6549262.82","6.24957","45.99653"
"74282","80184","GRAND ANNECY","TG06","PI","100","100",NULL," ","5.5","1","50","2024-06-17","OUI","01","951607.27","6549227.67","6.25173","45.99615"
"74282","64857","GRAND ANNECY","TG07","PI","100","100",NULL," ","6.8","1","60","2024-06-17","OUI","01","951702.54","6549351.92","6.25302","45.99723"
"74282","64858","GRAND ANNECY","TG08","PI","100","100",NULL," ","5.2","1","60","2024-06-17","OUI","01","951988.30","6548975.62","6.25651","45.99374"
"74282","82815","GRAND ANNECY","TG09","PI","100","100",NULL," ","6","1.2","60","2020-10-26","OUI","01","952216.36","6549071.22","6.25951","45.99452"
"74282","6282555","GRAND ANNECY","TG10","PI","100","125","2020-06-01","RUE DU CAPITAINE ANJOT","9.1","3.3","60","2024-06-17","OUI","01","951482.69","6548980.19","6.24999","45.99397"
"74282","6282556","GRAND ANNECY","TG11","PI","100","100","2020-01-01","IMPASSE DES TERRETS","7.2","2.2","60","2024-06-17","OUI","01","951077.65","6549118.39","6.24483","45.99536"
"74282","6282686","GRAND ANNECY","TG12","PI","100","100","2022-02-21","ROUTE D ESPARZALES","2.9","2.2","60","2024-06-13","OUI","01","950886.46","6551034.11","6.24338","46.01267"
"74282","6282687","GRAND ANNECY","TG13","PI","100","125","2022-02-21","ROUTE DES CHAPPES","5.5","5.3","60","2024-06-13","OUI","01","951096.36","6551541.99","6.24636","46.01716"
"74282","80283","GRAND ANNECY","TG16","PI","65","60",NULL," ","7","1","15","2020-10-26","OUI","01","953823.30","6548073.39","6.27972","45.98494"
"74282","65289","GRAND ANNECY","TG17","PI","100","60","2021-07-29"," ","6.7","1","22","2024-06-20","OUI","01","954303.42","6547296.77","6.28549","45.97777"
"74282","65290","GRAND ANNECY","TG18","PI","65","60",NULL," ","6","1","35","2024-06-20","OUI","01","954435.49","6547120.92","6.28710","45.97614"
"74282","65291","GRAND ANNECY","TG19","PI","65","60",NULL," ","5","1","27","2024-06-20","OUI","01","954514.18","6546952.41","6.28803","45.97459"
"74282","65292","GRAND ANNECY","TG20","PI","100","60",NULL," ","6.1","1","14","2024-06-20","OUI","01","954665.19","6546431.99","6.28970","45.96986"
"74282","65293","GRAND ANNECY","TG21","PI","100","60",NULL," ",NULL,NULL,NULL,NULL,"OUI","05","954455.53","6546493.95","6.28703","45.97049"
"74282","82669","GRAND ANNECY","TG22","PI","65","60",NULL," ","7","1","25","2020-10-26","OUI","01","952819.89","6549895.76","6.26774","46.00171"
"74282","80127","GRAND ANNECY","TG23","PI","65","60",NULL," ","6.6","1","43","2024-06-20","OUI","01","953694.34","6551122.96","6.27969","46.01242"
"74282","6283026","GRAND ANNECY","TG23BIS","PI","100","125","2022-09-01","ROUTE DE LA LUAZ","7.7","1","42","2024-06-20","OUI","01","953543.41","6550926.88","6.27763","46.01072"
"74282","81779","GRAND ANNECY","TG25","PI","65","60",NULL," ","5","1","21","2024-06-18","OUI","01","954644.48","6552564.38","6.29273","46.02504"
"74282","74779","GRAND ANNECY","TG26","PI","65","60",NULL," ","8.4","1","30","2024-06-18","OUI","01","955854.48","6552323.34","6.30823","46.02241"
"74282","81132","GRAND ANNECY","TG27","PI","65","60",NULL," ","4.1","1","20","2024-06-18","OUI","01","955275.79","6551585.73","6.30036","46.01600"
"74282","74778","GRAND ANNECY","TG28","PI","100","100",NULL," ","7.8","3.7","60","2024-06-18","OUI","01","954616.09","6552719.86","6.29245","46.02645"
"74282","64252","GRAND ANNECY","TG29","PI","65","100",NULL," ","12.2","9","60","2024-06-20","OUI","01","953085.60","6551884.37","6.27223","46.01950"
"74282","64253","GRAND ANNECY","TG30","PI","65","60",NULL," ","4.2","1","30","2024-06-20","OUI","01","953358.78","6551468.99","6.27554","46.01566"
"74282","64254","GRAND ANNECY","TG31","PI","100","60",NULL," ","10","1","28","2024-06-20","OUI","01","952852.46","6550867.30","6.26868","46.01044"
"74282","82670","GRAND ANNECY","TG32","PI","100","100",NULL," ","5.1","1","49","2024-06-17","OUI","01","951510.45","6549544.32","6.25065","45.99903"
"74282","64255","GRAND ANNECY","TG33","PI","100","100",NULL," ","7.9","7.1","60","2024-06-17","OUI","01","951344.81","6549599.47","6.24854","45.99959"
"74282","74459","GRAND ANNECY","TG34","PI","100","100",NULL," ","9.2","6.8","60","2024-06-21","OUI","01","950567.63","6549773.24","6.23860","46.00144"
"74282","64256","GRAND ANNECY","TG36","PI","65","60",NULL," ","9.4","6.3","60","2024-06-21","OUI","01","951364.11","6550018.88","6.24901","46.00336"
"74282","78559","GRAND ANNECY","TG37","PI","65","60",NULL," ","7.8","1","32","2024-06-21","OUI","01","951504.00","6550463.47","6.25105","46.00731"
"74282","74461","GRAND ANNECY","TG38","PI","100","100","2022-02-21","ROUTE DES CHAPPES","4.8","4.4","60","2024-06-13","OUI","01","950858.03","6551328.61","6.24317","46.01533"
"74282","74460","GRAND ANNECY","TG39","PI","100","100","2022-02-21","ROUTE DES CHAPPES","5.2","5","60","2024-06-13","OUI","01","950940.27","6551462.75","6.24430","46.01651"
"74282","64257","GRAND ANNECY","TG40","PI","65","60",NULL," ","6.2","1","51","2020-10-04","OUI","01","951288.27","6552030.99","6.24910","46.02149"
"74282","71609","GRAND ANNECY","TG41","PI","100","100",NULL," ","8","6","60","2024-06-13","OUI","01","951388.60","6552313.25","6.25055","46.02399"
"74282","64258","GRAND ANNECY","TG42","PI","100","100",NULL," ","3.5","1","26","2024-06-13","OUI","01","951193.74","6552856.62","6.24832","46.02895"
"74282","78555","GRAND ANNECY","TG43","PI","100","125","2020-06-01","RUE DU CAPITAINE ANJOT","8","3.4","60","2024-06-17","OUI","01","951682.92","6549081.97","6.25263","45.99481"
"74282","81777","GRAND ANNECY","TG44","PI","100","100",NULL," ","9.4","2.9","60","2024-06-17","OUI","01","951124.65","6548958.12","6.24535","45.99390"
"74282","83406","GRAND ANNECY","TG45","PI","65","80",NULL,"CHEMIN DES COMBES D USILLON","7.3","1.8","60","2024-06-20","OUI","01","953108.03","6547990.41","6.27044","45.98446"
"74282","78535","GRAND ANNECY","TG47","PI","100","100",NULL," ","9.2","6.8","60","2017-01-01","OUI","01","951079.79","6549041.66","6.24482","45.99467"
"74282","74455","GRAND ANNECY","TG48","PI","100","100",NULL," ","7","1.8","60","2024-06-17","OUI","01","950825.56","6549226.27","6.24164","45.99643"
"74282","64260","GRAND ANNECY","TG49","PI","100","100",NULL," ","6.5","1","50","2024-06-17","OUI","01","950615.83","6549183.78","6.23891","45.99612"
"74282","74462","GRAND ANNECY","TG50","PI","100","100",NULL," ","7.5","6","60","2020-11-03","OUI","01","950703.32","6549391.43","6.24015","45.99796"
"74282","64261","GRAND ANNECY","TG51","PI","100","100","2015-12-01","ROUTE DE LA LOUVATIERE","5.8","3.6","60","2024-06-20","OUI","01","953553.49","6547319.52","6.27583","45.97826"
"74282","76998","GRAND ANNECY","TG52","PI","65","60",NULL,"RUE DU BOSSON","6.2","1","51","2020-11-03","OUI","01","950836.75","6549410.83","6.24188","45.99808"
"74282","74458","GRAND ANNECY","TG53","PI","100","100","2016-12-01","RUE DU BOSSON","8.9","4.7","60","2024-06-21","OUI","01","950852.02","6549495.13","6.24212","45.99884"
"74282","64262","GRAND ANNECY","TG54","PI","100","100",NULL," ","7.2","1.9","60","2024-06-17","OUI","01","950662.15","6549298.63","6.23956","45.99714"
"74282","64263","GRAND ANNECY","TG55","PI","100","100",NULL," ","6.3","1","60","2024-06-21","OUI","01","950501.68","6549427.45","6.23756","45.99836"
"74282","6281542","GRAND ANNECY","TG56","PI","100","100",NULL," ","13","1.4","60","2024-06-20","OUI","01","952405.67","6550413.33","6.26267","46.00652"
"74282","64264","GRAND ANNECY","TG57","PI","100","60",NULL," ","9","1","30","2024-06-21","OUI","01","949537.05","6550040.05","6.22543","46.00422"
"74282","64321","GRAND ANNECY","TG58","PI","65","60",NULL," ","6.3","1","20","2024-06-20","OUI","01","948484.47","6549978.25","6.21181","46.00405"
"74282","63937","GRAND ANNECY","TG59","PI","65","60",NULL," ","6.3","1","22","2024-06-20","OUI","01","947978.83","6550380.37","6.20549","46.00786"
"74282","63938","GRAND ANNECY","TG60","PI","65","60",NULL," ","4","1","26","2024-06-13","OUI","01","948338.32","6550279.98","6.21008","46.00682"
"74282","74452","GRAND ANNECY","TG61","PI","100","100",NULL," ","9","3.9","60","2020-10-29","OUI","01","948440.34","6550470.04","6.21150","46.00849"
"74282","74453","GRAND ANNECY","TG62","PI","100","100",NULL," ","6.3","1.9","60","2024-06-13","OUI","01","948658.66","6550550.25","6.21436","46.00914"
"74282","81778","GRAND ANNECY","TG63","PI","100","100",NULL," ","7.5","3","60","2024-06-13","OUI","01","949944.58","6550667.56","6.23102","46.00972"
"74282","74454","GRAND ANNECY","TG64","PI","100","100",NULL," ","6.9","2.9","60","2024-06-13","OUI","01","950105.50","6550849.52","6.23320","46.01130"
"74282","63939","GRAND ANNECY","TG65","PI","100","100",NULL," ","3.5","1.8","60","2024-06-17","OUI","01","949487.68","6549559.88","6.22454","45.99992"
"74282","63940","GRAND ANNECY","TG66","PI","65","60",NULL," ","8","1","43","2024-06-17","OUI","01","949044.99","6549383.60","6.21873","45.99850"
"74282","63941","GRAND ANNECY","TG67","PI","100","100",NULL,"CHEMIN DU PRE VIEUX","11.8","1","23","2024-06-17","OUI","01","948140.07","6549547.68","6.20714","46.00031"
"74282","6281806","GRAND ANNECY","TG68","PI","100","100",NULL," ","6","4.4","60","2024-06-20","OUI","01","954447.53","6547072.02","6.28723","45.97570"
"74282","79591","GRAND ANNECY","TG69","PI","100","100",NULL," ","13.3","4.1","60","2024-06-20","OUI","01","952107.75","6550158.91","6.25868","46.00434"
"74282","80988","GRAND ANNECY","TG71","PI","100","100","2018-10-01","CH DE CHEZ GREGOIRE","3.2","3","60","2024-06-13","OUI","01","951255.20","6551462.43","6.24837","46.01639"
"74282","63944","GRAND ANNECY","TG72","PI","100","100",NULL," ","6.9","5.2","60","2024-06-13","OUI","01","950377.98","6550579.59","6.23657","46.00877"
"74282","63945","GRAND ANNECY","TG73","PI","100","100",NULL," ","6.8","1","55","2024-06-17","OUI","01","951257.88","6548873.94","6.24703","45.99310"
"74282","63946","GRAND ANNECY","TG74","PI","100","60",NULL," ","7.5","1","15","2024-06-20","OUI","01","953884.59","6547974.94","6.28045","45.98403"
"74282","78560","GRAND ANNECY","TG75","PI","100","100",NULL," ","7","1","34","2024-06-20","OUI","01","953842.97","6551255.48","6.28168","46.01356"
"74282","78557","GRAND ANNECY","TG76","PI","100","100",NULL," ","6","1","46","2024-06-17","OUI","01","951623.79","6549360.89","6.25201","45.99734"
"74282","64259","GRAND ANNECY","TG77","PI","100","100",NULL," ","6.9","6.2","60","2024-06-21","OUI","01","950976.20","6549977.07","6.24398","46.00313"
"74282","78536","GRAND ANNECY","TG78","PI","100","100",NULL,"RUE DES GROSSES TERRES","6.1","1","50","2024-06-17","OUI","01","951302.71","6548913.49","6.24763","45.99344"
"74282","76792","GRAND ANNECY","TG79","PI","100","100",NULL," ","6","3.1","60","2024-06-17","OUI","01","949513.87","6549354.41","6.22477","45.99806"
"74282","81133","GRAND ANNECY","TG80","PI","100","100",NULL," ","10.4","9","60","2024-06-21","OUI","01","950219.62","6549666.64","6.23405","46.00061"
"74282","76797","GRAND ANNECY","TG81","PI","100","100",NULL," ","9.8","8","60","2024-06-21","OUI","01","950077.43","6549808.36","6.23229","46.00194"
"74282","76798","GRAND ANNECY","TG82","PI","100","100",NULL," ","6.6","4.4","60","2024-06-21","OUI","01","949942.61","6549735.22","6.23051","46.00133"
"74282","76999","GRAND ANNECY","TG83","PI","100","100",NULL," ","7.2","1.9","60","2024-06-17","OUI","01","950792.07","6549098.25","6.24114","45.99529"
"74282","74938","GRAND ANNECY","TG85","PI","100","100",NULL," ","7","2.4","60","2024-06-17","OUI","01","949158.68","6549384.08","6.22020","45.99846"
"74282","6281807","GRAND ANNECY","TG86","PI","100","60","2019-10-23","ROUTE DES CHENEVIERS","6.6","1","23","2024-06-18","OUI","01","955646.72","6552185.32","6.30547","46.02125"
"74282",NULL,"GRAND ANNECY","TG87","PI","100","125","2022-05-30",NULL,"5.6","4.5","60","2024-06-17","OUI","01","951263.21","6549452.31","6.24741","45.99830"
"74282","79592","GRAND ANNECY","TG88","PI","100","100",NULL," ","6.5","1","60","2024-06-17","OUI","01","950789.54","6549334.68","6.24123","45.99741"
"74282","83444","GRAND ANNECY","TG89","PI","65","60",NULL," ","4","1","28","2024-06-20","OUI","01","954075.65","6551236.31","6.28467","46.01330"
"74282","6281547","GRAND ANNECY","TG90","BS","100",NULL,NULL,NULL,"7.5","2.6","60","2017-01-01","OUI","01","954522.31","6552941.09","6.29136","46.02847"
"74299","78246","GRAND ANNECY","V01","PI","100","100","2005-11-21","CHEMIN DE LA MAVERIA","9.7","4.3","60","2022-06-07","OUI","01","945397.45","6537866.10","6.16568","45.89620"
"74299","81571","GRAND ANNECY","V02","PI","100",NULL,"2005-11-21","ROUTE D ANNECY","9","6.4","60","2023-03-06","OUI","01","945416.72","6537817.71","6.16590","45.89575"
"74299","79615","GRAND ANNECY","V03","PI","80",NULL,"1989-01-01","CHEMIN DU TALABAR","9.1","1","39","2022-06-07","OUI","01","945497.98","6537795.85","6.16694","45.89553"
"74299","65059","GRAND ANNECY","V04","PI","100","100","1982-01-01","ROUTE DU MONT VEYRIER","8.7","5.6","60","2023-03-06","OUI","01","945518.42","6537731.21","6.16717","45.89494"
"74299","65075","GRAND ANNECY","V05","PI","100","100","1986-01-01","ROUTE D ANNECY","9","7.1","60","2022-06-02","OUI","01","945597.73","6537616.67","6.16813","45.89388"
"74299","65076","GRAND ANNECY","V07","PI","100","100","2023-07-19","ROUTE D ANNECY",NULL,NULL,NULL,NULL,"OUI","01","945651.00","6537488.85","6.16875","45.89271"
"74299","6281643","GRAND ANNECY","V07BIS","PI","100","125","2018-05-09","ROUTE D ANNECY","8.2","6.3","60","2022-06-07","OUI","01","945851.76","6537312.23","6.17124","45.89105"
"74299","6281644","GRAND ANNECY","V07TER","PI","100","100","2018-06-07","ROUTE D ANNECY","7.8","6.1","60","2022-06-02","OUI","01","946059.45","6537049.71","6.17378","45.88861"
"74299","65077","GRAND ANNECY","V08","PI","100",NULL,"1980-01-01","VIEILLE ROUTE DES PENSIERES","9.1","3.1","60","2023-03-13","OUI","01","945705.01","6537339.00","6.16937","45.89134"
"74299","65078","GRAND ANNECY","V09","PI","100",NULL,"1980-01-01","VIEILLE ROUTE DES PENSIERES","9.5","5.6","60","2022-06-02","OUI","01","945944.64","6537093.64","6.17233","45.88905"
"74299","80233","GRAND ANNECY","V10","PI","100",NULL,"1980-01-01","VIEILLE ROUTE DES PENSIERES","9.1","3.1","60","2023-02-23","OUI","01","946025.61","6536943.32","6.17329","45.88767"
"74299","81579","GRAND ANNECY","V11","PI","150","150","1990-01-01","ROUTE D ANNECY","8.4","6.5","60","2022-06-07","OUI","01","946132.64","6536828.26","6.17461","45.88659"
"74299","65134","GRAND ANNECY","V12","PI","100","100","1992-01-01","ROUTE DU PORT","6.4","4.4","60","2023-02-23","OUI","01","946144.86","6536636.89","6.17467","45.88487"
"74299","65135","GRAND ANNECY","V13","PI","100",NULL,"1992-01-01","ROUTE DU PORT","6.6","5.2","60","2022-05-31","OUI","01","946202.82","6536372.86","6.17528","45.88247"
"74299","80240","GRAND ANNECY","V14","PI","100",NULL,"1995-01-01","ROUTE DE LA BRUNE","6.7","4.3","60","2023-03-13","OUI","01","946293.28","6536206.00","6.17636","45.88093"
"74299","83120","GRAND ANNECY","V15","PI","100",NULL,"2009-12-11","ROUTE DE LA BRUNE","6.6","5.1","60","2022-05-31","OUI","01","946314.50","6535987.82","6.17652","45.87896"
"74299","65136","GRAND ANNECY","V16","PI","100","125","2013-05-01","CHEMIN DES BARATTES","7.7","5.2","60","2023-02-23","OUI","01","946468.48","6536022.75","6.17852","45.87922"
"74299","83912","GRAND ANNECY","V16BIS","PI","100",NULL,"2011-01-01","IMPASSE DES BARATTES","6.2","4.2","60","2023-02-23","OUI","01","946565.99","6536116.68","6.17983","45.88003"
"74299","64482","GRAND ANNECY","V16TER","PI","100","100","1994-01-01","ROUTE DES CROZETTES","6.7","4.5","60","2023-03-23","OUI","01","946635.01","6535915.60","6.18061","45.87820"
"74299","65170","GRAND ANNECY","V17","PI","100",NULL,"2012-05-18","ROUTE DES TENNIS","5.5","3.6","60","2022-05-31","OUI","01","946502.78","6535831.90","6.17886","45.87749"
"74299","79612","GRAND ANNECY","V18","PI","100",NULL,"1980-01-01","ROUTE DES CROZETTES","5.4","2.8","60","2023-03-09","OUI","01","946575.57","6535596.53","6.17968","45.87535"
"74299","65171","GRAND ANNECY","V19","PI","100",NULL,"1980-01-01","IMPASSE DE LA GROTTE","4.8","1","34","2022-05-31","OUI","01","946658.24","6535652.28","6.18077","45.87582"
"74299","65228","GRAND ANNECY","V20","PI","100",NULL,"1980-01-01","ROUTE DES CROZETTES","5.6","3.3","60","2023-03-09","OUI","01","946676.46","6535437.99","6.18090","45.87389"
"74299","79538","GRAND ANNECY","V21","PI","100",NULL,"2001-01-01","CHEMIN DES GUERRES","7.7","5.6","60","2017-04-13","OUI","01","946706.02","6535474.66","6.18130","45.87420"
"74299","80118","GRAND ANNECY","V22","PI","100",NULL,"1994-01-01","ROUTE DE MENTHON","7","4.2","60","2023-03-09","OUI","01","946730.91","6535681.12","6.18172","45.87605"
"74299","64483","GRAND ANNECY","V23","PI","100",NULL,"1994-01-01","ROUTE DE MENTHON","7.1","3.5","60","2022-05-31","OUI","01","946786.51","6535441.83","6.18232","45.87388"
"74299","65229","GRAND ANNECY","V24","PI","100",NULL,"1985-01-01","ROUTE DU CRET DES VIGNES","5.2","2.8","60","2023-03-13","OUI","01","946766.94","6535251.54","6.18197","45.87218"
"74299","65230","GRAND ANNECY","V25","PI","100","100","1985-10-05","ROUTE DU CRET DES VIGNES","5.4","3.4","60","2022-05-31","OUI","01","946873.34","6535021.88","6.18322","45.87007"
"74299","65231","GRAND ANNECY","V26","PI","100",NULL,"1985-01-01","ROUTE DU CRET DES VIGNES","5.4","4.6","60","2023-03-13","OUI","01","946996.65","6534761.77","6.18467","45.86769"
"74299","82813","GRAND ANNECY","V27","PI","100","100","2018-04-20","ROUTE DE MENTHON","6","3.1","60","2022-05-31","OUI","01","947210.02","6534609.27","6.18734","45.86624"
"74299","83677","GRAND ANNECY","V28","PI","100",NULL,"1994-01-01","ROUTE DE MENTHON","7.7","3.3","60","2023-03-09","OUI","01","947001.29","6534937.06","6.18482","45.86926"
"74299","83913","GRAND ANNECY","V28BIS","PI","100","100","2011-05-19","ROUTE DE MENTHON","5.8","1","53","2023-03-22","OUI","01","946971.00","6535187.89","6.18456","45.87153"
"74299","78461","GRAND ANNECY","V30","PI","100","100","2007-10-27","CHEMIN DE MONTPELLAZ","7.6","6.4","60","2023-03-09","OUI","01","947231.84","6534933.18","6.18779","45.86914"
"74299","6282893","GRAND ANNECY","V30BIS","PI","100","125","2023-05-16","CHEMIN DE MONTPELLAZ","9","7.4","60","2023-06-13","OUI","01","947290.31","6534790.83","6.18847","45.86784"
"74299","80005","GRAND ANNECY","V32","PI","100",NULL,"1984-01-01","CHEMIN DE MONTPELLAZ","9","6.1","60","2023-03-09","OUI","10","947377.27","6534723.49","6.18955","45.86720"
"74299","65234","GRAND ANNECY","V33","PI","100",NULL,"1980-01-01","CHEMIN DE BEAUREGARD","6.7","5.9","60","2022-06-02","OUI","01","947341.75","6534904.43","6.18919","45.86884"
"74299","80255","GRAND ANNECY","V34","PI","100","100",NULL,"ROUTE DE THONES","5.7","4.6","60","2023-03-06","OUI","01","947189.19","6535111.61","6.18733","45.87076"
"74299","64480","GRAND ANNECY","V35","PI","100",NULL,"1993-01-01","ROUTE DE THONES","7","6.2","60","2022-06-02","OUI","01","946995.29","6535350.31","6.18496","45.87298"
"74299","64129","GRAND ANNECY","V36","PI","100","100","2023-06-01",NULL,NULL,NULL,NULL,NULL,"OUI","01","947035.78","6535444.21","6.18553","45.87381"
"74299","65211","GRAND ANNECY","V37","PI","100","100","2023-06-01","ROUTE DE LA CORNICHE",NULL,NULL,NULL,NULL,"OUI","01","947037.53","6535625.79","6.18565","45.87544"
"74299","79539","GRAND ANNECY","V38","PI","100",NULL,NULL,"CHEMIN DES CHARMETTES","4.7","3.3","60","2023-03-06","OUI","01","946866.88","6535672.92","6.18347","45.87593"
"74299","65169","GRAND ANNECY","V39","PI","100","110","2013-06-27","ROUTE DE MENTHON","6.9","5","60","2022-05-31","OUI","01","946779.34","6535532.47","6.18227","45.87470"
"74299","80004","GRAND ANNECY","V40","PI","100","100","1999-01-01","CHEMIN DES SARRAZINS","6.6","5.8","60","2023-03-13","OUI","01","946892.15","6535808.89","6.18387","45.87714"
"74299","65210","GRAND ANNECY","V41","PI","100","100","2012-09-20","ROUTE DE LA CORNICHE","5","4.6","60","2022-06-01","OUI","01","946979.55","6535827.38","6.18500","45.87728"
"74299","65142","GRAND ANNECY","V42","PI","100",NULL,"1999-01-01","ROUTE DE MORAT","4.3","2.5","60","2023-03-13","OUI","01","946811.74","6535861.77","6.18286","45.87765"
"74299","64481","GRAND ANNECY","V43","PI","100",NULL,"1993-01-01","ROUTE DE THONES","6","4","60","2020-06-17","OUI","01","946695.24","6535949.84","6.18140","45.87848"
"74299","65141","GRAND ANNECY","V44","PI","100","100","2012-04-23","ROUTE DE MORAT","4.4","2.6","60","2023-03-13","OUI","01","946701.10","6536117.74","6.18157","45.87999"
"74299","65209","GRAND ANNECY","V45","PI","100",NULL,"1980-01-01","ROUTE DE LA CORNICHE","4.8","4.6","60","2022-06-01","OUI","01","946909.62","6536076.80","6.18423","45.87955"
"74299","65208","GRAND ANNECY","V46","PI","100",NULL,"1980-01-01","ROUTE DE LA CORNICHE","4.6","4.3","60","2023-02-28","OUI","01","946855.38","6536261.30","6.18363","45.88123"
"74299","65140","GRAND ANNECY","V48","PI","100","100","1999-01-01","ROUTE DE MORAT","4.6","3.1","60","2023-03-15","OUI","01","946615.71","6536235.98","6.18053","45.88109"
"74299","65139","GRAND ANNECY","V49","PI","100",NULL,NULL,"RUE DE LA TOURNETTE","5.7","4.3","60","2022-06-02","OUI","01","946496.32","6536216.49","6.17898","45.88096"
"74299","80232","GRAND ANNECY","V50","PI","100",NULL,"1992-01-01","RUE DE LA TOURNETTE","6.2","5.1","60","2023-03-06","OUI","01","946422.20","6536386.46","6.17811","45.88251"
"74299","65138","GRAND ANNECY","V51","PI","100","125","2005-01-01","CHEMIN DU PERIL","8.4","8","60","2022-06-01","OUI","01","946604.73","6536341.58","6.18044","45.88204"
"74299",NULL,"GRAND ANNECY","V52","PI",NULL,"100","2024-06-21","ROUTE DE LA CORNICHE",NULL,NULL,NULL,NULL,"OUI","01","946772.72","6536444.41","6.18266","45.88291"
"74299","65137","GRAND ANNECY","V53","PI","100",NULL,"1981-01-01","ROUTE DES DAUDES","8.1","7.6","60","2022-06-02","OUI","01","946586.31","6536485.25","6.18028","45.88334"
"74299","79614","GRAND ANNECY","V54","PI","100",NULL,"1981-01-01","ROUTE DES DAUDES","7.2","6.6","60","2023-02-28","OUI","01","946550.95","6536625.54","6.17990","45.88462"
"74299","65074","GRAND ANNECY","V55","PI","100",NULL,"2001-01-01","RAMPE DE FESIGNY","6.1","4.1","60","2022-06-02","OUI","01","946423.36","6536485.47","6.17818","45.88340"
"74299","65073","GRAND ANNECY","V56","PI","100","100","2007-10-31","RUE DE LA VOUTE","6.2","3.3","60","2023-03-20","OUI","01","946397.57","6536522.10","6.17787","45.88374"
"74299","79610","GRAND ANNECY","V57","PI","100",NULL,"1992-01-01","RUE DE LA TOURNETTE","6.6","5.2","60","2022-06-02","OUI","01","946314.40","6536595.63","6.17683","45.88443"
"74299","65068","GRAND ANNECY","V58","PI","150","100","1993-01-01","ROUTE DES PEROUZES","8","7.1","60","2023-03-06","OUI","01","946469.35","6536677.07","6.17887","45.88511"
"74299","65065","GRAND ANNECY","V59","PI","100",NULL,NULL,"ROUTE DU MONT VEYRIER","6.3","5.5","60","2022-06-02","OUI","01","946606.25","6536690.17","6.18064","45.88518"
"74299","82810","GRAND ANNECY","V60","PI","100",NULL,"1998-01-01","ROUTE DE LA COMBE","4.9","4.1","60","2023-03-01","OUI","01","946574.49","6536749.65","6.18026","45.88572"
"74299","79611","GRAND ANNECY","V61","PI","100","100","2010-01-18","CHEMIN DE SAINT GERMAIN","4.2","2.9","60","2022-06-02","OUI","01","946568.16","6536833.40","6.18023","45.88648"
"74299","65066","GRAND ANNECY","V62","PI","100",NULL,"1960-01-01","ROUTE DE LA COMBE","3.2","1","45","2023-03-01","OUI","01","946479.26","6536979.92","6.17916","45.88783"
"74299","65067","GRAND ANNECY","V63","PI","100","100","2006-04-24","ROUTE DE LA COMBE","2.8","1.3","60","2022-06-02","OUI","01","946483.51","6537040.04","6.17924","45.88837"
"74299","65064","GRAND ANNECY","V64","PI","100",NULL,"1982-01-01","ROUTE DU MONT VEYRIER","6.7","6.1","60","2023-03-01","OUI","01","946362.77","6536907.99","6.17762","45.88723"
"74299","65070","GRAND ANNECY","V65","PI","100",NULL,"1982-01-01","ROUTE DES PEROUZES","7","4","60","2020-06-18","OUI","01","946174.68","6537040.97","6.17526","45.88849"
"74299","65069","GRAND ANNECY","V66","PI","100",NULL,"1993-01-01","ROUTE DES PEROUZES","4.7","3.1","60","2023-03-01","OUI","01","946327.57","6536809.52","6.17711","45.88635"
"74299","65071","GRAND ANNECY","V67","PI","100",NULL,"1991-01-01","ROUTE DES MURAILLES","7.8","6.2","60","2022-06-07","OUI","01","946275.49","6536713.33","6.17639","45.88551"
"74299","65063","GRAND ANNECY","V68","PI","100",NULL,"1982-01-01","ROUTE DU MONT VEYRIER","8","6.9","60","2023-03-01","OUI","01","946117.23","6537240.64","6.17463","45.89031"
"74299","65062","GRAND ANNECY","V69","PI","100",NULL,"1982-01-01","ROUTE DU MONT VEYRIER","9.1","8.1","60","2022-06-02","OUI","01","945922.15","6537359.59","6.17218","45.89145"
"74299","65061","GRAND ANNECY","V70","PI","100",NULL,"1982-01-01","ROUTE DU MONT VEYRIER","10.2","9.6","60","2023-03-01","OUI","01","945808.37","6537499.80","6.17078","45.89275"
"74299","80231","GRAND ANNECY","V71","PI","100",NULL,"1992-01-01","CHEMIN DE LA VIGNE ANTIQUE","7.8","6.5","60","2022-06-07","OUI","01","945928.59","6537481.64","6.17232","45.89254"
"74299","65060","GRAND ANNECY","V72","PI","100",NULL,"1982-01-01","ROUTE DU MONT VEYRIER","7.2","4.1","60","2023-03-09","OUI","01","945707.27","6537581.30","6.16952","45.89352"
"74299","78460","GRAND ANNECY","V73","BI","100",NULL,"1970-01-01","RUE DES ECOLIERS","6","4","60","2020-06-18","OUI","01","946522.96","6536320.89","6.17938","45.88189"
"74299","79609","GRAND ANNECY","V74","BI","100",NULL,"1975-01-01","RUE DE LA VOUTE","5.9","3.8","60","2023-03-20","OUI","01","946468.59","6536383.83","6.17871","45.88247"
"74303",NULL,"GRAND ANNECY","RI CHAZAL","CI",NULL,"50",NULL," ",NULL,NULL,NULL,NULL,"OUI","05","946662.23","6545153.44","6.18577","45.96131"
"74303","79131","GRAND ANNECY","VZ01","PI","100","100",NULL," ","2.4","1.4","60","2024-07-08","OUI","05","949049.97","6545345.36","6.21667","45.96216"
"74303","63948","GRAND ANNECY","VZ02","PI","100",NULL,NULL," ","2.4","1.2","60","2024-07-08","OUI","05","948563.99","6544903.69","6.21017","45.95837"
"74303","80989","GRAND ANNECY","VZ03","PI","100","100",NULL," ","4.5","2.5","60","2024-07-08","OUI","05","948507.83","6545051.50","6.20952","45.95972"
"74303","80900","GRAND ANNECY","VZ04","PI","100","100",NULL," ","2.6","1.4","60","2024-07-09","OUI","01","948200.60","6543975.42","6.20500","45.95015"
"74303","78968","GRAND ANNECY","VZ05","PI","100",NULL,NULL," ","6.6","4","60","2024-07-08","OUI","05","948733.70","6545540.91","6.21269","45.96404"
"74303","64831","GRAND ANNECY","VZ06","PI","100",NULL,NULL," ","4.2","2.6","60","2024-07-08","OUI","05","948905.44","6545420.74","6.21485","45.96289"
"74303",NULL,"GRAND ANNECY","VZ07","PI","100","125","2019-06-01",NULL,"7","3","60","2023-06-07","OUI","01","946432.06","6542828.42","6.18159","45.94047"
"74303","64832","GRAND ANNECY","VZ08","PI","65","63",NULL," ","6.8","1","22","2024-07-09","OUI","05","947949.77","6544331.98","6.20195","45.95345"
"74303","82742","GRAND ANNECY","VZ09","PI","100","100",NULL," ","2.6","2.1","60","2024-07-09","OUI","05","947754.96","6543845.62","6.19918","45.94914"
"74303","78969","GRAND ANNECY","VZ10","PI","65","60",NULL," ","6.5","1","10","2024-07-09","OUI","05","947993.52","6543498.40","6.20207","45.94593"
"74303","82681","GRAND ANNECY","VZ104","PI","100","100",NULL,"RUE DES OTALETS","5.8","2.7","60","2024-07-08","OUI","05","947142.22","6543866.63","6.19129","45.94955"
"74303","99695","GRAND ANNECY","VZ108","PI","100","100",NULL," ","8","2.6","60","2023-06-07","OUI","05","945846.36","6543429.19","6.17434","45.94609"
"74303","113328","GRAND ANNECY","VZ109","PI","100","100","2015-10-01","ROUTE DU PONT D ONNEX","4.3","1.3","60","2023-06-07","OUI","01","945550.62","6543193.42","6.17041","45.94407"
"74303","63322","GRAND ANNECY","VZ11","PI","100","100",NULL," ","5.1","3.5","60","2024-07-09","OUI","01","947451.57","6543654.27","6.19517","45.94753"
"74303","79489","GRAND ANNECY","VZ110","PI","100","100",NULL," ","6.6","4.7","60","2024-07-09","OUI","05","948199.14","6545193.06","6.20561","45.96110"
"74303","113331","GRAND ANNECY","VZ111","PI","100","100",NULL," ","4.8","3.2","60","2024-07-08","OUI","05","947317.19","6544238.53","6.19374","45.95284"
"74303","120283","GRAND ANNECY","VZ112","PI","100","100",NULL," ","5.8","4","60","2024-07-08","OUI","05","947150.88","6544201.22","6.19157","45.95256"
"74303","64865","GRAND ANNECY","VZ12","PI","100","100","2022-09-26"," ","6","4","60","2024-07-08","OUI","05","947201.70","6543874.10","6.19206","45.94960"
"74303","80185","GRAND ANNECY","VZ13","PI","100","100","2022-02-01","ROUTE DES VIGNES","5.7","4","60","2024-07-08","OUI","01","946991.64","6543881.10","6.18935","45.94974"
"74303","64860","GRAND ANNECY","VZ14","PI","100","100",NULL," ","7.8","3","60","2023-06-07","OUI","05","946816.67","6543106.45","6.18669","45.94283"
"74303","64861","GRAND ANNECY","VZ15","PI","100",NULL,NULL," ","4.6","2.2","60","2023-06-07","OUI","01","946567.05","6543035.10","6.18344","45.94228"
"74303","78970","GRAND ANNECY","VZ16","PI","100","100",NULL,"CHEMIN DU PARADIS","6.3","2.5","6","2023-06-07","OUI","01","946311.31","6542998.66","6.18012","45.94205"
"74303","82803","GRAND ANNECY","VZ17","PI","100",NULL,NULL," ","6","3","60","2023-06-07","OUI","01","946440.84","6542907.43","6.18174","45.94118"
"74303","6281799","GRAND ANNECY","VZ18","PI","100","100","2018-01-01","ROUTE DU FELAN","7.8","5","60","2024-07-09","OUI","01","946656.99","6543855.28","6.18502","45.94963"
"74303","63328","GRAND ANNECY","VZ19","PI","100","100",NULL," ","7.2","3.3","60","2023-06-01","OUI","05","946811.24","6542607.20","6.18636","45.93834"
"74303","76038","GRAND ANNECY","VZ20","PI","100","100",NULL," ","5.2","2.1","60","2023-06-09","OUI","05","946748.77","6542953.33","6.18574","45.94148"
"74303","64864","GRAND ANNECY","VZ21","PI","100",NULL,NULL," ","8","4.6","60","2023-06-01","OUI","05","946216.63","6542758.65","6.17877","45.93992"
"74303","64859","GRAND ANNECY","VZ22","PI","100",NULL,NULL," ","6.4","5","60","2024-07-09","OUI","05","947008.62","6543623.85","6.18944","45.94742"
"74303","64339","GRAND ANNECY","VZ23","PI","100","100",NULL," ","7.3","1.8","60","2023-06-07","OUI","05","945979.72","6543339.86","6.17602","45.94524"
"74303","83355","GRAND ANNECY","VZ24","PI","100","100",NULL," ","6","1","51","2023-06-01","OUI","05","946059.32","6543340.22","6.17705","45.94521"
"74303","82240","GRAND ANNECY","VZ25","PI","40",NULL,NULL," ","7","1","11","2023-06-09","OUI","05","945248.03","6542713.61","6.16626","45.93987"
"74303","80866","GRAND ANNECY","VZ26","PI","100",NULL,NULL," ","3","1","26","2024-07-09","OUI","05","946201.09","6543618.51","6.17902","45.94766"
"74303","82673","GRAND ANNECY","VZ27","PI","100","100",NULL," ","8.5","1","23","2024-07-09","OUI","05","946605.49","6543735.94","6.18430","45.94857"
"74303","78971","GRAND ANNECY","VZ28","PI","100","100",NULL," ","8","4","60","2024-07-09","OUI","05","946604.78","6543554.64","6.18419","45.94694"
"74303","64398","GRAND ANNECY","VZ29","PI","100",NULL,NULL," ","7.2","4.5","60","2024-07-09","OUI","05","946831.34","6543657.60","6.18717","45.94779"
"74303","64399","GRAND ANNECY","VZ30","PI","100","125","2022-02-01","ROUTE DES PROVINCES","7.2","5.1","60","2024-07-09","OUI","01","946735.70","6543842.35","6.18603","45.94948"
"74303","78972","GRAND ANNECY","VZ31","PI","100","100","2017-01-01","ROUTE DU PONT D ONNEX","6","2.9","60","2024-07-09","OUI","01","946235.77","6544165.59","6.17975","45.95257"
"74303","99696","GRAND ANNECY","VZ32","PI","100","100","2017-01-01","ROUTE DU PONT D ONNEX","7","1","60","2024-07-09","OUI","05","945947.14","6543625.39","6.17575","45.94782"
"74303","80111","GRAND ANNECY","VZ33","PI","100",NULL,NULL," ","7","1","51","2024-07-09","OUI","05","945979.72","6543785.41","6.17625","45.94925"
"74303",NULL,"GRAND ANNECY","VZ33BIS","PI","100","125","2024-04-08",NULL,"7.7","1","52","2024-04-29","OUI","01","945901.06","6543825.09","6.17526","45.94963"
"74303","64400","GRAND ANNECY","VZ34","PI","100",NULL,NULL," ","8.5","1.4","60","2024-07-09","OUI","01","945760.38","6543804.16","6.17343","45.94949"
"74303","64401","GRAND ANNECY","VZ35","PI","65","65",NULL," ","5.8","1","7","2023-06-09","OUI","05","945533.87","6542622.72","6.16990","45.93894"
"74303","6281538","GRAND ANNECY","VZ36","PI","100","100","2017-06-01","ROUTE DES AULNES","5","1","45","2023-06-09","OUI","01","945410.47","6542855.37","6.16843","45.94108"
"74303","64403","GRAND ANNECY","VZ37","PI","100","100","2018-07-02","ROUTE DES AULNES","5.9","1","54","2023-06-09","OUI","01","945211.52","6543054.51","6.16596","45.94295"
"74303","81542","GRAND ANNECY","VZ38","PI","100","100",NULL," ","9.2","2.3","60","2024-07-09","OUI","05","945282.26","6543738.23","6.16723","45.94907"
"74303","64404","GRAND ANNECY","VZ39","PI","100",NULL,NULL," ","3.8","3.2","60","2024-07-08","OUI","05","947552.16","6544099.51","6.19670","45.95150"
"74303","64405","GRAND ANNECY","VZ40","PI","100","100",NULL," ","3.6","2.9","60","2024-07-09","OUI","01","947747.69","6543586.89","6.19895","45.94682"
"74303","6281536","GRAND ANNECY","VZ41","PI","100","100","2018-03-01","ROUTE DES AULNES","5.5","2","60","2023-06-07","OUI","01","945452.37","6543154.01","6.16912","45.94375"
"74303","6281537","GRAND ANNECY","VZ42","PI","100","100","2018-03-01","ROUTE DES AULNES","5","1","54","2023-06-09","OUI","01","945380.58","6542947.22","6.16809","45.94192"
"74303","80112","GRAND ANNECY","VZ43","PI","100","125","2022-02-01","ROUTE DU FELAN","9","5.8","60","2024-07-09","OUI","01","946512.71","6544007.82","6.18324","45.95105"
"74303","6281539","GRAND ANNECY","VZ44","PI","100","100","2017-01-01","ROUTE DU PONT D ONNEX","7.5","3","60","2024-07-09","OUI","01","946183.90","6543960.47","6.17897","45.95075"
"74303","6282185","GRAND ANNECY","VZ45","PI","100","125","2019-11-12","ROUTE DES PROVINCES","6.6","4.6","60","2024-07-08","OUI","01","946901.60","6543859.45","6.18818","45.94958"
"74303","78973","GRAND ANNECY","VZ46","PI","100","100",NULL," ","8.7","5","60","2024-07-10","OUI","05","945285.14","6544426.58","6.16762","45.95527"
"74303","64407","GRAND ANNECY","VZ47","PI","100",NULL,NULL," ","9.8","5.6","60","2024-07-10","OUI","01","945177.41","6544287.78","6.16616","45.95406"
"74303","64408","GRAND ANNECY","VZ48","PI","100",NULL,NULL," ","9.8","5.5","60","2024-07-10","OUI","05","945195.09","6544119.38","6.16630","45.95253"
"74303","64409","GRAND ANNECY","VZ49","PI","100",NULL,NULL," ","9.2","5.5","60","2024-07-10","OUI","01","945290.80","6544253.58","6.16761","45.95371"
"74303","78974","GRAND ANNECY","VZ50","PI","100","100",NULL,"ROUTE DES FUTAIES","7.2","6","60","2024-07-10","OUI","01","945413.09","6544396.21","6.16926","45.95495"
"74303","80174","GRAND ANNECY","VZ51","PI","100","100",NULL," ","7.7","5.2","60","2024-07-10","OUI","05","945437.18","6544553.09","6.16965","45.95635"
"74303","64558","GRAND ANNECY","VZ52","PI","100","100",NULL," ","3.4","1","60","2024-07-10","OUI","05","945607.68","6544461.83","6.17180","45.95547"
"74303","79029","GRAND ANNECY","VZ53","PI","100","100",NULL," ","7.9","3.5","60","2024-07-10","OUI","05","945817.17","6544424.17","6.17448","45.95505"
"74303","64560","GRAND ANNECY","VZ54","PI","100","100",NULL," ","8.1","5.9","60","2024-07-10","OUI","05","946032.01","6544501.16","6.17730","45.95567"
"74303","79488","GRAND ANNECY","VZ55","PI","100","100",NULL," ","4.5","1","47","2024-07-09","OUI","05","946094.41","6544762.03","6.17824","45.95799"
"74303","120282","GRAND ANNECY","VZ56","PI","40",NULL,NULL," ","7.7","1","6","2020-07-07","OUI","05","946530.36","6545042.22","6.18401","45.96035"
"74303",NULL,"GRAND ANNECY","VZ57","PI","100","125","2020-06-01","ALLEE DE CHAMPS PUGET","6.2","4.5","60","2024-07-08","OUI","01","946892.16","6543979.27","6.18812","45.95066"
"74303","64562","GRAND ANNECY","VZ58","PI","100","100",NULL,"CHEMIN DE LA SCIERIE","4.8","1","31","2024-07-09","OUI","01","946371.39","6544327.55","6.18158","45.95398"
"74303","79030","GRAND ANNECY","VZ59","PI","100","100",NULL,"ROUTE DU PRE FLEURI","7.5","6.5","60","2024-07-09","OUI","05","946792.81","6544403.70","6.18706","45.95451"
"74303","64563","GRAND ANNECY","VZ60","PI","100","100",NULL," ","5.9","4.8","60","2024-07-09","OUI","05","946968.89","6544304.24","6.18928","45.95355"
"74303","79031","GRAND ANNECY","VZ61","PI","100",NULL,NULL," ","3.9","1.1","60","2024-07-09","OUI","05","946692.67","6544542.85","6.18584","45.95580"
"74303","80145","GRAND ANNECY","VZ62","PI","100","100",NULL," ","5.2","3.2","60","2024-07-09","OUI","01","946977.68","6544153.23","6.18931","45.95219"
"74303","64565","GRAND ANNECY","VZ63","PI","100","100",NULL," ","5.2","4","60","2024-07-08","OUI","05","947030.20","6544022.55","6.18992","45.95100"
"74303","79032","GRAND ANNECY","VZ64","PI","100","100",NULL," ","5.2","4.2","60","2024-07-08","OUI","05","947309.87","6544106.17","6.19357","45.95165"
"74303","79132","GRAND ANNECY","VZ66","PI","100",NULL,NULL," ","6.2","3.1","60","2024-07-09","OUI","01","946702.01","6544643.38","6.18601","45.95670"
"74303","80153","GRAND ANNECY","VZ67","PI","40",NULL,NULL," ","4.5","1","5","2020-06-30","OUI","05","947375.11","6544797.11","6.19478","45.95784"
"74303","64627","GRAND ANNECY","VZ68","PI","100","100",NULL," ","3.8","1","48","2024-07-09","OUI","05","947570.13","6544924.36","6.19736","45.95892"
"74303","79490","GRAND ANNECY","VZ69","PI","100","100",NULL," ","7","5","60","2024-07-09","OUI","05","948223.88","6545320.55","6.20600","45.96224"
"74303","64629","GRAND ANNECY","VZ70","PI","100","125",NULL," ","5.4","4","60","2024-07-09","OUI","01","948204.95","6545102.83","6.20564","45.96029"
"74303","64630","GRAND ANNECY","VZ71","PI","100","100",NULL," ","6.3","5.1","60","2024-07-08","OUI","05","947202.19","6543693.97","6.19197","45.94798"
"74303","64863","GRAND ANNECY","VZ72","PI","100","100",NULL," ","6","3","60","2023-06-07","OUI","05","946636.96","6542856.22","6.18424","45.94065"
"74303","81237","GRAND ANNECY","VZ73","PI","100","100",NULL," ","7","4","60","2023-06-01","OUI","05","946560.56","6542709.24","6.18318","45.93935"
"74303","64862","GRAND ANNECY","VZ74","PI","100","100",NULL,"ROUTE DE GRATTEPANCHE","7","3.5","60","2023-06-09","OUI","01","946663.54","6542644.04","6.18448","45.93873"
"74303","63331","GRAND ANNECY","VZ75","PI","100","100",NULL," ","6.1","2.7","60","2023-06-09","OUI","01","946709.94","6542792.19","6.18515","45.94004"
"74303","80777","GRAND ANNECY","VZ76","PI","100",NULL,NULL," ","5.1","3","60","2024-07-09","OUI","05","947439.82","6543867.05","6.19513","45.94945"
"74303","76340","GRAND ANNECY","VZ77","PI","100","100",NULL,"AVENUE DE BONATRAY","6","4","60","2024-07-08","OUI","05","947229.76","6543922.64","6.19245","45.95003"
"74303","63324","GRAND ANNECY","VZ78","PI","100",NULL,NULL," ","4.5","4","60","2024-07-08","OUI","01","947418.47","6544120.61","6.19498","45.95174"
"74303","78918","GRAND ANNECY","VZ79","PI","100","100",NULL," ","7.4","4.3","60","2024-07-10","OUI","05","945434.24","6544767.38","6.16972","45.95828"
"74303","79133","GRAND ANNECY","VZ80","PI","100","100",NULL," ","6","1","60","2024-07-09","OUI","05","946290.75","6544412.38","6.18059","45.95477"
"74303","79134","GRAND ANNECY","VZ81","PI","100",NULL,NULL," ","5.5","4.3","60","2024-07-08","OUI","05","947180.57","6544052.40","6.19188","45.95121"
"74303","81166","GRAND ANNECY","VZ82","PI","100","100",NULL," ","5.4","4","60","2024-07-08","OUI","05","947407.06","6543999.03","6.19477","45.95065"
"74303","63325","GRAND ANNECY","VZ83","PI","100","100",NULL,"ROUTE DES VIGNES","5.7","4.3","60","2024-07-08","OUI","01","947014.60","6543819.37","6.18962","45.94918"
"74303","79135","GRAND ANNECY","VZ84","PI","100","100",NULL," ","6","5.3","60","2024-07-09","OUI","05","947402.87","6544474.27","6.19497","45.95493"
"74303","64564","GRAND ANNECY","VZ85","PI","100","100","2007-01-01","ROUTE DU PRE FLEURI","4","1.5","60","2024-07-09","OUI","01","946559.83","6544502.33","6.18411","45.95549"
"74303","81565","GRAND ANNECY","VZ86","PI","100","100",NULL," ","5.3","1","60","2024-07-09","OUI","05","946017.37","6544569.01","6.17714","45.95628"
"74303","79491","GRAND ANNECY","VZ87","PI","100","100",NULL," ","7","3.8","60","2024-07-09","OUI","05","946783.30","6543501.22","6.18647","45.94640"
"74303","113301","GRAND ANNECY","VZ89","PI","100","100",NULL," ","6.9","3.8","60","2024-07-09","OUI","05","946673.66","6544709.54","6.18568","45.95731"
"74303","79492","GRAND ANNECY","VZ90","PI","100","100",NULL," ","3.7","1","50","2023-06-07","OUI","05","946683.51","6543147.70","6.18500","45.94325"
"74303","79820","GRAND ANNECY","VZ91","PI","100",NULL,NULL," ","7.3","4.4","60","2024-07-09","OUI","05","946868.62","6543433.50","6.18753","45.94576"
"74303","113360","GRAND ANNECY","VZ92","PI","100",NULL,NULL," ","2.2","1.3","60","2024-07-09","OUI","01","947907.86","6543625.07","6.20104","45.94710"
"74303","79823","GRAND ANNECY","VZ93","PI","100","100",NULL," ","2.1","1","36","2024-07-08","OUI","05","948471.09","6544519.21","6.20877","45.95494"
"74303","79821","GRAND ANNECY","VZ94","PI","100","100",NULL," ","2.1","1","34","2024-07-08","OUI","05","948324.88","6544344.71","6.20679","45.95342"
"74303","79822","GRAND ANNECY","VZ95","PI","100","100",NULL," ","3.8","1.8","60","2024-07-08","OUI","05","948372.66","6544521.62","6.20750","45.95500"
"74303","99816","GRAND ANNECY","VZ96","PI","100","100",NULL," ","3.2","1","60","2024-07-08","OUI","05","948402.99","6544698.78","6.20799","45.95658"
"74303","81556","GRAND ANNECY","VZ97","PI","100","100",NULL,"ROUTE DES FUTAIES","6.2","3","60","2024-07-10","OUI","05","945593.23","6544758.61","6.17177","45.95814"
"74310","65616","GRAND ANNECY","VLC01","PI","100","60",NULL," ","4.7","1","19","2024-06-10","OUI","05","936526.27","6530106.01","6.04749","45.82951"
"74310","6281489","GRAND ANNECY","VLC01BIS","PI","100","100",NULL,"ALLEE DE LA CHANSON","6.3","1","11","2022-05-04","OUI","05","936574.97","6530122.94","6.04813","45.82965"
"74310","65617","GRAND ANNECY","VLC03","PI","80","80",NULL," ","6.3","1","19","2024-06-10","OUI","01","936567.30","6529856.50","6.04789","45.82725"
"74310","65618","GRAND ANNECY","VLC04","PI","65","50",NULL," ","8.3","1","20","2024-06-10","OUI","05","936453.66","6529757.37","6.04638","45.82640"
"74310","63709","GRAND ANNECY","VLC05","PI","100","75",NULL,"AVENUE D AIX LES BAINS","6.5","1","33","2024-06-10","OUI","01","936438.98","6529706.42","6.04617","45.82595"
"74310","65555","GRAND ANNECY","VLC06","PI","100","125","2019-06-19"," ","6","1","17","2024-06-10","OUI","01","936842.98","6530060.10","6.05154","45.82899"
"74310","81574","GRAND ANNECY","VLC14","PI","100","100","2023-10-12","ROUTE DE LACREVAZ","4.5","3","60","2024-06-11","OUI","01","938020.84","6530012.53","6.06668","45.82815"
"74310","63692","GRAND ANNECY","VLC15","PI","100","100",NULL,"ALLEE DU SERVETTY","4.2","2.8","60","2024-06-11","OUI","01","938040.27","6529930.57","6.06689","45.82741"
"74310","65625","GRAND ANNECY","VLC16","PI","40","70",NULL," ","3.2","1","11","2022-04-27","OUI","05","938061.74","6529977.68","6.06719","45.82782"
"74310","65626","GRAND ANNECY","VLC18","PI","100","70",NULL,"ALLEE DU PONTET","3.6","1","35","2024-06-11","OUI","05","937997.07","6529752.23","6.06625","45.82582"
"74310","64901","GRAND ANNECY","VLC19","PI","100","60",NULL," ","4.3","3","60","2024-06-10","OUI","05","937372.24","6529394.38","6.05802","45.82281"
"74310","80917","GRAND ANNECY","VLC20","PI","100",NULL,NULL," ","3.7","1.8","60","2024-06-10","OUI","05","937308.24","6529276.72","6.05714","45.82178"
"74310","65621","GRAND ANNECY","VLC22","PI","100","60",NULL," ","3.5","1","27","2024-06-10","OUI","05","937037.18","6528821.17","6.05343","45.81777"
"74310","80916","GRAND ANNECY","VLC23","PI","100","125","2023-09-01","ROUTE DE CHEZ MERMET","3.5","1","24","2024-06-10","OUI","01","937045.23","6528896.17","6.05357","45.81845"
"74310","6283027","GRAND ANNECY","VLC23BIS","PI","100","125","2023-09-01","ROUTE DE CHEZ MERMET","4.4","1","27","2024-06-10","OUI","01","936886.43","6529021.56","6.05159","45.81963"
"74310","65620","GRAND ANNECY","VLC24","PI","100","60",NULL," ","4.2","1","22","2024-06-10","OUI","05","936849.29","6529101.31","6.05115","45.82036"
"74310","80319","GRAND ANNECY","VLC25","PI","100","80",NULL,"ROUTE DE CHEZ MERMET","3.7","1","13","2024-06-10","OUI","05","936660.49","6529278.88","6.04881","45.82202"
"74310","79743","GRAND ANNECY","VLC27","PI","100","100",NULL," ","8.6","7.1","60","2024-06-10","OUI","05","937614.36","6528603.10","6.06075","45.81561"
"74310","63705","GRAND ANNECY","VLC28","PI","100","60",NULL," ","8","1","44","2024-06-10","OUI","05","937609.14","6528407.60","6.06058","45.81385"
"74310","65629","GRAND ANNECY","VLC29","PI","100","100",NULL," ","7","1","46","2024-06-11","OUI","05","937764.58","6528455.94","6.06261","45.81423"
"74310","80321","GRAND ANNECY","VLC30","PI","65","100",NULL," ","7.1","5.9","60","2024-06-11","OUI","05","937741.21","6528595.38","6.06237","45.81550"
"74310","82674","GRAND ANNECY","VLC31","PI","65","60",NULL," ","7","1","22","2024-06-11","OUI","05","937769.80","6528872.00","6.06288","45.81798"
"74310","63711","GRAND ANNECY","VLC32","PI","100","125","2019-03-26","CHEMIN DU CRET DE LA TOUR","0.2","0","0","2024-06-11","OUI","01","937951.89","6529214.89","6.06540","45.82100"
"74310","65628","GRAND ANNECY","VLC33","PI","65","60",NULL,"ROUTE DE QUINTAL","8.2","1","30","2024-06-11","OUI","01","938039.70","6529215.24","6.06653","45.82097"
"74310","83197","GRAND ANNECY","VLC34","PI","65","60",NULL," ","6.9","1","22","2022-04-28","OUI","05","938081.60","6529321.88","6.06712","45.82191"
"74310","65627","GRAND ANNECY","VLC35","PI","100","125","2018-04-19","ROUTE DE QUINTAL","6.4","1","22","2024-06-11","OUI","05","938036.30","6529455.55","6.06660","45.82313"
"74310","63706","GRAND ANNECY","VLC36","PI","100","100",NULL," ","6.4","1","32","2024-06-11","OUI","05","937842.91","6528408.49","6.06359","45.81378"
"74310","83195","GRAND ANNECY","VLC37","PI","100","100",NULL," ","4.2","3.2","60","2024-06-11","OUI","05","937920.25","6528557.60","6.06466","45.81509"
"74310","65869","GRAND ANNECY","VLC38","PI","40","50",NULL," ",NULL,NULL,NULL,NULL,"OUI","05","938021.23","6528676.51","6.06602","45.81613"
"74310","63707","GRAND ANNECY","VLC39","PI","100","100",NULL," ","6","3.2","60","2024-06-11","OUI","05","938111.10","6528619.32","6.06715","45.81558"
"74310","63708","GRAND ANNECY","VLC40","PI","100","100",NULL," ","3.8","1","50","2024-06-11","OUI","05","938289.80","6528770.79","6.06952","45.81688"
"74310","65630","GRAND ANNECY","VLC41","PI","100","100",NULL," ","2","1","12","2024-06-11","OUI","05","938298.31","6528977.18","6.06973","45.81874"
"74310","83058","GRAND ANNECY","VLC42","PI","65",NULL,NULL," ","3","1","17","2024-06-11","OUI","05","938401.44","6529177.33","6.07116","45.82050"
"74310","79571","GRAND ANNECY","VLC43","PI","65","60",NULL," ","7.4","1","57","2024-06-10","OUI","05","937691.07","6528206.68","6.06154","45.81202"
"74310","65624","GRAND ANNECY","VLC44","PI","65","60",NULL," ","7.9","1","60","2024-06-10","OUI","05","937590.65","6528121.23","6.06020","45.81128"
"74310","82864","GRAND ANNECY","VLC45","PI","100","100",NULL," ","8.4","5.7","60","2024-06-10","OUI","05","937606.65","6528291.19","6.06049","45.81281"
"74310","65623","GRAND ANNECY","VLC46","PI","100","100",NULL," ","8.4","5.9","60","2024-06-10","OUI","01","937500.94","6528232.88","6.05910","45.81232"
"74310","65622","GRAND ANNECY","VLC47","PI","100","60",NULL,"CHEMIN DU SAUGET","9.2","1","29","2024-06-10","OUI","05","937276.83","6528525.14","6.05636","45.81503"
"74310","79572","GRAND ANNECY","VLC48","PI","40","60",NULL," ","10","0","0","2022-05-05","OUI","05","936939.61","6528442.21","6.05198","45.81440"
"74310","64416","GRAND ANNECY","VLC49","PI","100","100",NULL," ","7","5.8","60","2024-06-10","OUI","05","937684.14","6528078.57","6.06138","45.81087"
"74310","64415","GRAND ANNECY","VLC50","PI","100","100",NULL,"CHEMIN DES ECOLES","6.2","5.7","60","2024-06-10","OUI","01","937753.77","6528040.77","6.06226","45.81050"
"74310","63713","GRAND ANNECY","VLC51","PI","100","100",NULL,"CHEMIN DE LA GRAND MAISON","6.8","5.8","60","2024-06-10","OUI","01","937723.33","6527955.70","6.06183","45.80975"
"74310","63633","GRAND ANNECY","VLC53","PI","100","100",NULL," ","6.3","1.8","60","2024-06-10","OUI","05","937663.26","6527699.61","6.06092","45.80746"
"74310","82736","GRAND ANNECY","VLC54","PI","100","100",NULL," ","8.1","1.2","60","2024-06-10","OUI","05","937522.00","6527732.85","6.05912","45.80781"
"74310","64666","GRAND ANNECY","VLC55","PI","100","100",NULL," ","6.4","1.4","60","2024-06-10","OUI","05","937582.37","6527570.78","6.05982","45.80633"
"74310","80158","GRAND ANNECY","VLC56","PI","100","100",NULL," ","7","1.9","60","2024-06-10","OUI","05","937489.55","6527542.23","6.05861","45.80611"
"74310","64667","GRAND ANNECY","VLC57","PI","100","100",NULL," ","7.1","1.5","60","2024-06-10","OUI","05","937475.26","6527455.78","6.05838","45.80534"
"74310","65024","GRAND ANNECY","VLC58","PI","100","100","2017-01-01"," ","6.8","1.1","60","2024-06-10","OUI","01","937539.34","6527421.72","6.05919","45.80501"
"74310","64668","GRAND ANNECY","VLC59","PI","40","60",NULL," ","4.1","0","0","2022-05-03","OUI","05","937749.72","6527013.96","6.06169","45.80126"
"74310",NULL,"GRAND ANNECY","VLC60","PI","100","125","2024-04-08",NULL,NULL,NULL,NULL,NULL,"OUI","01","937833.95","6527885.51","6.06321","45.80908"
"74310","64669","GRAND ANNECY","VLC61","PI","100","125",NULL,"ROUTE DES BAUGES","6","1","25","2024-06-10","OUI","01","937445.03","6526780.26","6.05766","45.79927"
"74310","64412","GRAND ANNECY","VLC62","PI","100","100",NULL," ","6.1","5.4","60","2024-06-10","OUI","05","937836.63","6527948.43","6.06328","45.80964"
"74310","64414","GRAND ANNECY","VLC63","PI","100","125","2019-04-02","CHEMIN DU CRET DU NANT","4.1","3","60","2024-06-10","OUI","01","937953.75","6527939.84","6.06478","45.80952"
"74310","65926","GRAND ANNECY","VLC65","PI","100","100",NULL," ","3.9","3.3","60","2024-06-10","OUI","01","937962.25","6528110.67","6.06498","45.81106"
"74310","65925","GRAND ANNECY","VLC66","PI","100","100",NULL," ","11.2","8.8","60","2024-06-10","OUI","01","938225.88","6528249.69","6.06844","45.81222"
"74310","64962","GRAND ANNECY","VLC67","PI","100","100",NULL," ","7.7","5.2","60","2024-06-10","OUI","01","938400.59","6528377.23","6.07075","45.81330"
"74310","64137","GRAND ANNECY","VLC68","PI","100","125","2024-09-01"," ","8","6.5","60","2024-10-07","OUI","01","938326.93","6528164.82","6.06970","45.81142"
"74310","65924","GRAND ANNECY","VLC69","PI","100","125",NULL," ","6.7","5.4","60","2024-06-10","OUI","05","938343.35","6528047.48","6.06985","45.81036"
"74310","65923","GRAND ANNECY","VLC70","PI","100","100",NULL," ","3.6","3.6","60","2024-06-10","OUI","05","938431.40","6528097.06","6.07101","45.81077"
"74310","64417","GRAND ANNECY","VLC71","PI","65","60",NULL," ","5.7","1","44","2024-06-10","OUI","05","938531.47","6527550.63","6.07202","45.80582"
"74310","64961","GRAND ANNECY","VLC72","PI","100","100",NULL,"ROUTE DES GRANGES","6.8","3.5","60","2024-06-10","OUI","05","938537.54","6527674.15","6.07216","45.80693"
"74310","63876","GRAND ANNECY","VLC73","PI","100","100","2018-07-07","ALLEE DE MONTICON","4.7","3","60","2024-06-10","OUI","01","938394.94","6527646.15","6.07031","45.80673"
"74310","64963","GRAND ANNECY","VLC74","PI","100","100","2024-08-01"," ","6.5","5","60","2024-12-07","OUI","01","938349.56","6527820.08","6.06981","45.80831"
"74310","80220","GRAND ANNECY","VLC75","PI","100","100","2005-01-01","ROUTE DES PIERRES","8.7","6","60","2024-06-10","OUI","01","938211.30","6527713.55","6.06798","45.80740"
"74310","6281492","GRAND ANNECY","VLC76","PI","100","100","2018-05-01","ROUTE DES PIERRES","10","6.2","60","2024-06-10","OUI","01","938123.23","6527620.53","6.06680","45.80659"
"74310","65023","GRAND ANNECY","VLC77","PI","100","100",NULL," ","7.1","4.3","60","2024-06-10","OUI","05","937898.70","6527497.30","6.06385","45.80556"
"74310",NULL,"GRAND ANNECY","VLC78","PI","100","125","2024-04-08",NULL,NULL,NULL,NULL,NULL,"OUI","01","937900.51","6527776.75","6.06402","45.80807"
"74310","63634","GRAND ANNECY","VLC79","PI","100","125","2019-07-01","ROUTE DES BAUGES","5","2.3","60","2024-06-10","OUI","01","937792.61","6527780.49","6.06263","45.80815"
"74310","63704","GRAND ANNECY","VLC80","PI","100","125",NULL,"ROUTE DES BAUGES","6.7","3","60","2024-06-10","OUI","01","937739.56","6527857.05","6.06198","45.80885"
"74411","70664","GRAND ANNECY","EN01","PI","100","110","2024-07-01","ROUTE DES DROBLESSES",NULL,NULL,NULL,NULL,"OUI","01","947717.89","6527358.84","6.19011","45.80081"
NULL,NULL,"GRAND ANNECY","A34","PI","100","125","2024-04-30",NULL,NULL,NULL,NULL,NULL,"OUI","01","943983.73","6543662.15","6.15044","45.94886"
NULL,"6281678","GRAND ANNECY","CSM06","PI","100",NULL,NULL,NULL,"7.2","5","60","2024-07-10","OUI","01","944727.15","6524750.54","6.15029","45.77843"
NULL,NULL,"GRAND ANNECY","CX33BIS","PI","100",NULL,"0224-07-23",NULL,NULL,NULL,NULL,NULL,"OUI","01","944468.01","6547212.81","6.15852","45.98063"
NULL,"63936","GRAND ANNECY","EV05","PI","65",NULL,NULL,NULL,"7","1","18","2024-06-13","OUI","01","950914.05","6553747.71","6.24518","46.03707"
NULL,NULL,"GRAND ANNECY","GRO06BIS","PI","150","150","2024-04-01",NULL,"4.7","3.5","60","2024-06-01","OUI","10","945920.48","6549923.83","6.17867","46.00450"
NULL,"64690","GRAND ANNECY","GRO07","PI","100",NULL,"2024-04-01",NULL,"10","8.7","60","2024-06-01","OUI","10","945841.79","6549986.15","6.17769","46.00509"
NULL,NULL,"GRAND ANNECY","GRO07BIS","PI","100","100","2024-04-01",NULL,"9","7.4","60","2024-06-01","OUI","10","945677.87","6550061.55","6.17561","46.00582"
NULL,"79968","GRAND ANNECY","GRO08","PI","100",NULL,"2024-04-01",NULL,"3.1","1.6","60","2024-06-01","OUI","10","945601.57","6549877.87","6.17453","46.00420"
NULL,NULL,"GRAND ANNECY","GRO49","PI","100","100","2024-03-26","CHEMIN DE LA MINE","5.5","4.7","60","2024-04-04","OUI","01","945665.09","6550779.80","6.17582","46.01229"
NULL,NULL,"GRAND ANNECY","GRO72","PI","100","100","2024-04-01",NULL,"3.5","1","46","2024-07-01","OUI","10","945204.02","6549576.05","6.16924","46.00163"
NULL,NULL,"GRAND ANNECY","GRO76","PI",NULL,NULL,"2024-08-01",NULL,NULL,NULL,NULL,NULL,"OUI","01","943782.78","6550212.34","6.15122","46.00787"
NULL,"74012","GRAND ANNECY","P73","PI","65",NULL,"1990-01-01",NULL,"5.7","1","18","2019-10-01","OUI","05","937677.52","6541030.38","6.06777","45.92741"
NULL,"66496","GRAND ANNECY","SE11","PI","100","100","2024-02-16",NULL,"6.7","1","13","2024-05-24","OUI","01","944795.90","6527330.78","6.15250","45.80162"
NULL,"122658","GRAND ANNECY","SF98","PI","100",NULL,NULL,NULL,"4.5","2.5","60","2023-06-06","OUI","01","930918.40","6526886.61","5.97374","45.80247"
NULL,"67668","GRAND ANNECY","SJ49","PI","100","125","2023-12-12","ROUTE DE SALES",NULL,NULL,NULL,NULL,"OUI","01","945437.58","6531677.19","6.16300","45.84050"
NULL,NULL,"GRAND ANNECY","T04TER","PI","100",NULL,"2024-08-07",NULL,"5.8","4.9","60","2024-10-03","OUI","01","940285.35","6543175.81","6.10249","45.94580"
NULL,NULL,"GRAND ANNECY","TA99","PI","100","100","2024-12-01",NULL,"7.8","5","60","2024-12-19","OUI","01","950476.02","6531746.12","6.22789","45.83928"
NULL,NULL,"GRAND ANNECY","V29","PI","100",NULL,"2024-04-18",NULL,"8","4.5","60","2024-04-08","OUI","01","947155.18","6535032.90","6.18685","45.87007"
NULL,"63710","GRAND ANNECY","VLC08","PI","100","125","2024-04-01",NULL,"4.3","3.3","60","2024-06-10","OUI","01","937427.36","6529469.51","6.05877","45.82347"
NULL,"64899","GRAND ANNECY","VLC10","PI","100","125","2024-04-01",NULL,"5.6","3","60","2024-06-11","OUI","01","937548.74","6529980.65","6.06059","45.82803"
NULL,"79742","GRAND ANNECY","VLC11","PI","100","125","2024-04-01",NULL,"4.9","2.7","60","2024-06-11","OUI","01","937465.06","6529736.85","6.05939","45.82586"
NULL,"64900","GRAND ANNECY","VLC12","PI","100","125","2024-04-01",NULL,"5","1","116","2025-01-23","OUI","01","937418.89","6529580.72","6.05872","45.82448"
NULL,"64902","GRAND ANNECY","VLC21","PI","100","100","2024-04-01",NULL,"4.2","3.3","60","2024-06-10","OUI","01","937447.99","6529250.58","6.05893","45.82149"
